Date,Volume,Price,Expiry
2013-01-02,1353.0,6.87,2014-12-15
2013-01-03,1128.0,6.7,2014-12-15
2013-01-04,1045.0,6.63,2014-12-15
2013-01-07,1084.0,6.96,2014-12-15
2013-01-08,2594.0,6.77,2014-12-15
2013-01-09,2149.0,6.5,2014-12-15
2013-01-10,1366.0,6.33,2014-12-15
2013-01-11,2217.0,6.2,2014-12-15
2013-01-14,3292.0,6.18,2014-12-15
2013-01-15,1511.0,6.35,2014-12-15
2013-01-16,3183.0,5.91,2014-12-15
2013-01-17,4889.0,5.88,2014-12-15
2013-01-18,5044.0,5.36,2014-12-15
2013-01-21,2656.0,5.19,2014-12-15
2013-01-22,4645.0,5.7,2014-12-15
2013-01-23,3632.0,4.87,2014-12-15
2013-01-24,5723.0,4.54,2014-12-15
2013-01-25,5323.0,4.31,2014-12-15
2013-01-28,1830.0,4.39,2014-12-15
2013-01-29,6032.0,4.2,2014-12-15
2013-01-30,3747.0,4.0,2014-12-15
2013-01-31,6278.0,3.61,2014-12-15
2013-02-01,2473.0,4.55,2014-12-15
2013-02-04,4528.0,4.54,2014-12-15
2013-02-05,5606.0,4.65,2014-12-15
2013-02-06,6431.0,4.39,2014-12-15
2013-02-07,6724.0,4.42,2014-12-15
2013-02-08,6008.0,4.78,2014-12-15
2013-02-11,1549.0,4.7,2014-12-15
2013-02-12,6717.0,4.81,2014-12-15
2013-02-13,6783.0,5.49,2014-12-15
2013-02-14,1427.0,5.5,2014-12-15
2013-02-15,2728.0,5.44,2014-12-15
2013-02-18,3468.0,5.37,2014-12-15
2013-02-19,5215.0,4.91,2014-12-15
2013-02-20,2794.0,5.23,2014-12-15
2013-02-21,3716.0,5.55,2014-12-15
2013-02-22,4085.0,5.43,2014-12-15
2013-02-25,3521.0,4.78,2014-12-15
2013-02-26,1630.0,4.5,2014-12-15
2013-02-27,1277.0,4.69,2014-12-15
2013-02-28,2247.0,5.13,2014-12-15
2013-03-01,9215.0,4.89,2014-12-15
2013-03-04,1687.0,4.85,2014-12-15
2013-03-05,3908.0,4.43,2014-12-15
2013-03-06,2323.0,4.48,2014-12-15
2013-03-07,2515.0,4.52,2014-12-15
2013-03-08,2786.0,4.46,2014-12-15
2013-03-11,4784.0,4.15,2014-12-15
2013-03-12,2836.0,3.91,2014-12-15
2013-03-13,3957.0,3.68,2014-12-15
2013-03-14,1529.0,3.87,2014-12-15
2013-03-15,5948.0,3.96,2014-12-15
2013-03-18,1261.0,3.71,2014-12-15
2013-03-19,1844.0,3.67,2014-12-15
2013-03-20,10136.0,4.14,2014-12-15
2013-03-21,5741.0,4.61,2014-12-15
2013-03-22,2313.0,4.33,2014-12-15
2013-03-25,3808.0,4.68,2014-12-15
2013-03-26,4341.0,4.82,2014-12-15
2013-03-27,4528.0,5.17,2014-12-15
2013-03-28,4215.0,5.01,2014-12-15
2013-04-02,1866.0,5.15,2014-12-15
2013-04-03,1770.0,5.14,2014-12-15
2013-04-04,1407.0,5.26,2014-12-15
2013-04-05,2775.0,5.41,2014-12-15
2013-04-08,844.0,5.42,2014-12-15
2013-04-09,5331.0,5.0,2014-12-15
2013-04-10,8894.0,4.49,2014-12-15
2013-04-11,2776.0,4.55,2014-12-15
2013-04-12,3914.0,4.98,2014-12-15
2013-04-15,1499.0,4.98,2014-12-15
2013-04-16,13095.0,3.24,2014-12-15
2013-04-17,13260.0,2.88,2014-12-15
2013-04-18,4876.0,3.21,2014-12-15
2013-04-19,1866.0,3.3,2014-12-15
2013-04-22,1551.0,3.02,2014-12-15
2013-04-23,28976.0,3.21,2014-12-15
2013-04-24,6000.0,3.16,2014-12-15
2013-04-25,6378.0,3.1,2014-12-15
2013-04-26,1039.0,3.24,2014-12-15
2013-04-29,1654.0,3.46,2014-12-15
2013-04-30,3163.0,3.26,2014-12-15
2013-05-01,2016.0,3.05,2014-12-15
2013-05-02,3242.0,3.23,2014-12-15
2013-05-03,3394.0,3.94,2014-12-15
2013-05-06,1481.0,4.08,2014-12-15
2013-05-07,3314.0,3.91,2014-12-15
2013-05-08,2201.0,3.65,2014-12-15
2013-05-09,1102.0,3.95,2014-12-15
2013-05-10,3208.0,3.53,2014-12-15
2013-05-13,2224.0,3.42,2014-12-15
2013-05-14,1310.0,3.68,2014-12-15
2013-05-15,2948.0,3.81,2014-12-15
2013-05-16,2597.0,3.86,2014-12-15
2013-05-17,2130.0,3.71,2014-12-15
2013-05-20,2363.0,3.77,2014-12-15
2013-05-21,1776.0,3.72,2014-12-15
2013-05-22,5525.0,3.48,2014-12-15
2013-05-23,3524.0,3.56,2014-12-15
2013-05-24,4319.0,3.73,2014-12-15
2013-05-27,886.0,3.67,2014-12-15
2013-05-28,522.0,3.83,2014-12-15
2013-05-29,2313.0,3.93,2014-12-15
2013-05-30,2179.0,4.0,2014-12-15
2013-05-31,4760.0,4.13,2014-12-15
2013-06-03,3029.0,4.1,2014-12-15
2013-06-04,4333.0,4.15,2014-12-15
2013-06-05,2964.0,4.1,2014-12-15
2013-06-06,4159.0,4.19,2014-12-15
2013-06-07,6106.0,4.31,2014-12-15
2013-06-10,3072.0,4.23,2014-12-15
2013-06-11,7350.0,4.39,2014-12-15
2013-06-12,6013.0,4.7,2014-12-15
2013-06-13,12859.0,4.59,2014-12-15
2013-06-14,11756.0,4.95,2014-12-15
2013-06-17,5476.0,4.76,2014-12-15
2013-06-18,9544.0,4.87,2014-12-15
2013-06-19,3791.0,4.55,2014-12-15
2013-06-20,2251.0,4.59,2014-12-15
2013-06-21,1478.0,4.53,2014-12-15
2013-06-24,2845.0,4.27,2014-12-15
2013-06-25,2021.0,4.43,2014-12-15
2013-06-26,627.0,4.58,2014-12-15
2013-06-27,2930.0,4.59,2014-12-15
2013-06-28,2500.0,4.36,2014-12-15
2013-07-01,947.0,4.39,2014-12-15
2013-07-02,2077.0,4.44,2014-12-15
2013-07-03,7139.0,4.84,2014-12-15
2013-07-04,2220.0,4.7,2014-12-15
2013-07-05,898.0,4.43,2014-12-15
2013-07-08,2371.0,4.39,2014-12-15
2013-07-09,5678.0,4.31,2014-12-15
2013-07-10,2145.0,4.18,2014-12-15
2013-07-11,1804.0,4.23,2014-12-15
2013-07-12,1220.0,4.17,2014-12-15
2013-07-15,640.0,4.18,2014-12-15
2013-07-16,6045.0,4.27,2014-12-15
2013-07-17,1337.0,4.27,2014-12-15
2013-07-18,1561.0,4.27,2014-12-15
2013-07-19,892.0,4.33,2014-12-15
2013-07-22,620.0,4.35,2014-12-15
2013-07-23,827.0,4.41,2014-12-15
2013-07-24,1734.0,4.45,2014-12-15
2013-07-25,1120.0,4.46,2014-12-15
2013-07-26,2482.0,4.48,2014-12-15
2013-07-29,741.0,4.48,2014-12-15
2013-07-30,1928.0,4.44,2014-12-15
2013-07-31,2264.0,4.48,2014-12-15
2013-08-01,2174.0,4.49,2014-12-15
2013-08-02,1098.0,4.55,2014-12-15
2013-08-05,1213.0,4.57,2014-12-15
2013-08-06,1774.0,4.66,2014-12-15
2013-08-07,855.0,4.61,2014-12-15
2013-08-08,6298.0,4.67,2014-12-15
2013-08-09,2109.0,4.6,2014-12-15
2013-08-12,4877.0,4.47,2014-12-15
2013-08-13,5081.0,4.45,2014-12-15
2013-08-14,1623.0,4.51,2014-12-15
2013-08-15,6075.0,4.5,2014-12-15
2013-08-16,1850.0,4.5,2014-12-15
2013-08-19,1337.0,4.47,2014-12-15
2013-08-20,1287.0,4.49,2014-12-15
2013-08-21,12089.0,4.51,2014-12-15
2013-08-22,2456.0,4.66,2014-12-15
2013-08-23,1245.0,4.57,2014-12-15
2013-08-26,732.0,4.55,2014-12-15
2013-08-27,12980.0,4.68,2014-12-15
2013-08-28,3989.0,4.74,2014-12-15
2013-08-29,1112.0,4.73,2014-12-15
2013-08-30,1535.0,4.7,2014-12-15
2013-09-02,1985.0,4.64,2014-12-15
2013-09-03,2573.0,4.55,2014-12-15
2013-09-04,4358.0,4.7,2014-12-15
2013-09-05,9105.0,5.11,2014-12-15
2013-09-06,10528.0,5.47,2014-12-15
2013-09-09,5842.0,5.47,2014-12-15
2013-09-10,1627.0,5.29,2014-12-15
2013-09-11,3365.0,5.42,2014-12-15
2013-09-12,10254.0,5.78,2014-12-15
2013-09-13,5814.0,5.55,2014-12-15
2013-09-16,3544.0,5.62,2014-12-15
2013-09-17,3469.0,5.82,2014-12-15
2013-09-18,3100.0,5.67,2014-12-15
2013-09-19,2327.0,5.49,2014-12-15
2013-09-20,3834.0,5.49,2014-12-15
2013-09-23,2496.0,5.57,2014-12-15
2013-09-24,2278.0,5.53,2014-12-15
2013-09-25,9186.0,5.54,2014-12-15
2013-09-26,2491.0,5.63,2014-12-15
2013-09-27,1856.0,5.53,2014-12-15
2013-09-30,3588.0,5.17,2014-12-15
2013-10-01,3754.0,5.28,2014-12-15
2013-10-02,5036.0,5.41,2014-12-15
2013-10-03,3332.0,5.33,2014-12-15
2013-10-04,2721.0,5.24,2014-12-15
2013-10-07,5018.0,5.1,2014-12-15
2013-10-08,2418.0,5.0,2014-12-15
2013-10-09,3818.0,4.92,2014-12-15
2013-10-10,3637.0,4.89,2014-12-15
2013-10-11,2412.0,4.74,2014-12-15
2013-10-14,2892.0,4.95,2014-12-15
2013-10-15,6102.0,5.09,2014-12-15
2013-10-16,18860.0,5.48,2014-12-15
2013-10-17,6905.0,5.32,2014-12-15
2013-10-18,7290.0,5.27,2014-12-15
2013-10-21,6690.0,4.72,2014-12-15
2013-10-22,4923.0,4.84,2014-12-15
2013-10-23,4159.0,4.75,2014-12-15
2013-10-24,9931.0,4.81,2014-12-15
2013-10-25,16761.0,5.17,2014-12-15
2013-10-28,2950.0,4.98,2014-12-15
2013-10-29,7690.0,5.25,2014-12-15
2013-10-30,4784.0,5.13,2014-12-15
2013-10-31,3779.0,4.96,2014-12-15
2013-11-01,4401.0,4.76,2014-12-15
2013-11-04,6966.0,4.7,2014-12-15
2013-11-05,5482.0,4.95,2014-12-15
2013-11-06,5718.0,4.94,2014-12-15
2013-11-07,8940.0,4.96,2014-12-15
2013-11-08,5077.0,4.64,2014-12-15
2013-11-11,4339.0,4.76,2014-12-15
2013-11-12,5823.0,4.8,2014-12-15
2013-11-13,6061.0,4.81,2014-12-15
2013-11-14,2525.0,4.75,2014-12-15
2013-11-15,3143.0,4.66,2014-12-15
2013-11-18,6883.0,4.51,2014-12-15
2013-11-19,12230.0,4.57,2014-12-15
2013-11-20,2120.0,4.64,2014-12-15
2013-11-21,3721.0,4.56,2014-12-15
2013-11-22,12603.0,4.58,2014-12-15
2013-11-25,8295.0,4.55,2014-12-15
2013-11-26,7180.0,4.63,2014-12-15
2013-11-27,20602.0,4.61,2014-12-15
2013-11-28,24205.0,4.57,2014-12-15
2013-11-29,7231.0,4.49,2014-12-15
2013-12-02,16128.0,4.63,2014-12-15
2013-12-03,7430.0,4.61,2014-12-15
2013-12-04,5965.0,4.61,2014-12-15
2013-12-05,33553.0,4.77,2014-12-15
2013-12-06,18425.0,4.92,2014-12-15
2013-12-09,19742.0,5.03,2014-12-15
2013-12-10,22003.0,5.15,2014-12-15
2013-12-11,11613.0,5.01,2014-12-15
2013-12-12,17097.0,5.02,2014-12-15
2013-12-13,12198.0,4.92,2014-12-15
2013-12-16,1770.0,4.97,2015-12-14
2013-12-17,926.0,5.2,2015-12-14
2013-12-18,705.0,5.18,2015-12-14
2013-12-19,1424.0,5.22,2015-12-14
2013-12-20,894.0,5.05,2015-12-14
2013-12-23,418.0,5.06,2015-12-14
2013-12-24,650.0,5.19,2015-12-14
2013-12-27,480.0,5.21,2015-12-14
2013-12-30,168.0,5.2,2015-12-14
2013-12-31,66.0,5.13,2015-12-14
2014-01-02,601.0,5.0,2015-12-14
2014-01-03,2410.0,4.98,2015-12-14
2014-01-06,483.0,4.89,2015-12-14
2014-01-07,4654.0,4.93,2015-12-14
2014-01-08,17947.0,4.82,2015-12-14
2014-01-09,2268.0,4.75,2015-12-14
2014-01-10,1716.0,4.77,2015-12-14
2014-01-13,5496.0,4.88,2015-12-14
2014-01-14,1865.0,5.1,2015-12-14
2014-01-15,1727.0,5.09,2015-12-14
2014-01-16,7094.0,5.36,2015-12-14
2014-01-17,6691.0,5.35,2015-12-14
2014-01-20,4015.0,5.19,2015-12-14
2014-01-21,2179.0,5.3,2015-12-14
2014-01-22,4480.0,5.39,2015-12-14
2014-01-23,3075.0,5.29,2015-12-14
2014-01-24,2028.0,5.55,2015-12-14
2014-01-27,6140.0,5.68,2015-12-14
2014-01-28,3323.0,5.83,2015-12-14
2014-01-29,11380.0,5.81,2015-12-14
2014-01-30,8284.0,6.03,2015-12-14
2014-01-31,4456.0,5.83,2015-12-14
2014-02-03,5909.0,6.19,2015-12-14
2014-02-04,4068.0,6.18,2015-12-14
2014-02-05,7778.0,6.46,2015-12-14
2014-02-06,7433.0,6.85,2015-12-14
2014-02-07,2407.0,6.82,2015-12-14
2014-02-10,2274.0,6.79,2015-12-14
2014-02-11,2737.0,6.62,2015-12-14
2014-02-12,1252.0,6.73,2015-12-14
2014-02-13,19027.0,6.76,2015-12-14
2014-02-14,6682.0,6.98,2015-12-14
2014-02-17,4071.0,7.21,2015-12-14
2014-02-18,1871.0,7.14,2015-12-14
2014-02-19,11522.0,7.33,2015-12-14
2014-02-20,2766.0,7.39,2015-12-14
2014-02-21,4499.0,7.54,2015-12-14
2014-02-24,1683.0,7.4,2015-12-14
2014-02-25,5903.0,6.57,2015-12-14
2014-02-26,10863.0,6.85,2015-12-14
2014-02-27,9305.0,6.86,2015-12-14
2014-02-28,4279.0,7.44,2015-12-14
2014-03-03,4628.0,6.97,2015-12-14
2014-03-04,3787.0,7.17,2015-12-14
2014-03-05,1417.0,7.14,2015-12-14
2014-03-06,2389.0,7.15,2015-12-14
2014-03-07,2825.0,7.25,2015-12-14
2014-03-10,1692.0,7.24,2015-12-14
2014-03-11,12129.0,7.17,2015-12-14
2014-03-12,3592.0,6.83,2015-12-14
2014-03-13,3427.0,6.75,2015-12-14
2014-03-14,5773.0,6.6,2015-12-14
2014-03-17,7233.0,6.16,2015-12-14
2014-03-18,4439.0,6.04,2015-12-14
2014-03-19,5604.0,6.27,2015-12-14
2014-03-20,2844.0,6.3,2015-12-14
2014-03-21,3711.0,6.46,2015-12-14
2014-03-24,4255.0,6.13,2015-12-14
2014-03-25,3950.0,6.13,2015-12-14
2014-03-26,4817.0,6.07,2015-12-14
2014-03-27,11630.0,5.43,2015-12-14
2014-03-28,15626.0,4.54,2015-12-14
2014-03-31,15225.0,4.85,2015-12-14
2014-04-01,4786.0,5.27,2015-12-14
2014-04-02,3653.0,5.04,2015-12-14
2014-04-03,3060.0,5.06,2015-12-14
2014-04-04,2665.0,4.88,2015-12-14
2014-04-07,2948.0,5.18,2015-12-14
2014-04-08,4912.0,5.06,2015-12-14
2014-04-09,2334.0,5.14,2015-12-14
2014-04-10,2923.0,5.33,2015-12-14
2014-04-11,2533.0,5.54,2015-12-14
2014-04-14,3191.0,5.46,2015-12-14
2014-04-15,2669.0,5.78,2015-12-14
2014-04-16,4174.0,5.7,2015-12-14
2014-04-17,4143.0,5.79,2015-12-14
2014-04-22,1209.0,5.93,2015-12-14
2014-04-23,1098.0,5.92,2015-12-14
2014-04-24,2743.0,5.97,2015-12-14
2014-04-25,7968.0,5.3,2015-12-14
2014-04-28,5214.0,5.44,2015-12-14
2014-04-29,5504.0,5.65,2015-12-14
2014-04-30,2500.0,5.65,2015-12-14
2014-05-01,1108.0,5.65,2015-12-14
2014-05-02,2837.0,5.43,2015-12-14
2014-05-05,627.0,5.45,2015-12-14
2014-05-06,1891.0,5.46,2015-12-14
2014-05-07,2893.0,5.36,2015-12-14
2014-05-08,1105.0,5.37,2015-12-14
2014-05-09,3388.0,5.48,2015-12-14
2014-05-12,1156.0,5.54,2015-12-14
2014-05-13,2159.0,5.52,2015-12-14
2014-05-14,5348.0,5.33,2015-12-14
2014-05-15,7360.0,4.99,2015-12-14
2014-05-16,5210.0,5.01,2015-12-14
2014-05-19,1854.0,4.91,2015-12-14
2014-05-20,7745.0,5.05,2015-12-14
2014-05-21,3724.0,5.35,2015-12-14
2014-05-22,12146.0,5.41,2015-12-14
2014-05-23,4635.0,5.35,2015-12-14
2014-05-26,243.0,5.32,2015-12-14
2014-05-27,1639.0,5.4,2015-12-14
2014-05-28,3108.0,5.43,2015-12-14
2014-05-29,649.0,5.43,2015-12-14
2014-05-30,1932.0,5.27,2015-12-14
2014-06-02,5938.0,5.37,2015-12-14
2014-06-03,3085.0,5.67,2015-12-14
2014-06-04,4689.0,5.63,2015-12-14
2014-06-05,4778.0,5.76,2015-12-14
2014-06-06,1922.0,5.66,2015-12-14
2014-06-09,1050.0,5.75,2015-12-14
2014-06-10,890.0,5.71,2015-12-14
2014-06-11,3768.0,5.58,2015-12-14
2014-06-12,2733.0,5.78,2015-12-14
2014-06-13,2136.0,5.9,2015-12-14
2014-06-16,3200.0,5.87,2015-12-14
2014-06-17,1572.0,5.94,2015-12-14
2014-06-18,2564.0,5.89,2015-12-14
2014-06-19,2492.0,5.77,2015-12-14
2014-06-20,4387.0,5.88,2015-12-14
2014-06-23,1574.0,6.02,2015-12-14
2014-06-24,3664.0,5.98,2015-12-14
2014-06-25,2070.0,5.93,2015-12-14
2014-06-26,2089.0,5.93,2015-12-14
2014-06-27,2310.0,6.0,2015-12-14
2014-06-30,3640.0,6.04,2015-12-14
2014-07-01,8112.0,6.23,2015-12-14
2014-07-02,6346.0,6.28,2015-12-14
2014-07-03,3443.0,6.2,2015-12-14
2014-07-04,9146.0,5.84,2015-12-14
2014-07-07,2276.0,5.73,2015-12-14
2014-07-08,1310.0,5.93,2015-12-14
2014-07-09,1471.0,5.99,2015-12-14
2014-07-10,3984.0,5.85,2015-12-14
2014-07-11,1822.0,5.91,2015-12-14
2014-07-14,2305.0,6.05,2015-12-14
2014-07-15,1906.0,6.11,2015-12-14
2014-07-16,2928.0,6.22,2015-12-14
2014-07-17,10288.0,6.33,2015-12-14
2014-07-18,4333.0,6.17,2015-12-14
2014-07-21,11724.0,6.24,2015-12-14
2014-07-22,13428.0,6.36,2015-12-14
2014-07-23,3142.0,6.36,2015-12-14
2014-07-24,9373.0,6.24,2015-12-14
2014-07-25,3430.0,6.31,2015-12-14
2014-07-28,2832.0,6.38,2015-12-14
2014-07-29,3005.0,6.21,2015-12-14
2014-07-30,4392.0,6.31,2015-12-14
2014-07-31,3688.0,6.39,2015-12-14
2014-08-01,3316.0,6.45,2015-12-14
2014-08-04,1112.0,6.41,2015-12-14
2014-08-05,652.0,6.38,2015-12-14
2014-08-06,3831.0,6.39,2015-12-14
2014-08-07,3743.0,6.11,2015-12-14
2014-08-08,7615.0,6.14,2015-12-14
2014-08-11,4800.0,6.31,2015-12-14
2014-08-12,5669.0,6.29,2015-12-14
2014-08-13,1765.0,6.41,2015-12-14
2014-08-14,1213.0,6.41,2015-12-14
2014-08-15,3088.0,6.56,2015-12-14
2014-08-18,3989.0,6.52,2015-12-14
2014-08-19,2947.0,6.62,2015-12-14
2014-08-20,5513.0,6.6,2015-12-14
2014-08-21,3341.0,6.52,2015-12-14
2014-08-22,1389.0,6.53,2015-12-14
2014-08-25,1121.0,6.5,2015-12-14
2014-08-26,1653.0,6.47,2015-12-14
2014-08-27,3581.0,6.53,2015-12-14
2014-08-28,2904.0,6.61,2015-12-14
2014-08-29,1262.0,6.56,2015-12-14
2014-09-01,1510.0,6.57,2015-12-14
2014-09-02,2091.0,6.56,2015-12-14
2014-09-03,2622.0,6.49,2015-12-14
2014-09-04,3151.0,6.27,2015-12-14
2014-09-05,2392.0,6.42,2015-12-14
2014-09-08,18716.0,6.43,2015-12-14
2014-09-09,6528.0,6.27,2015-12-14
2014-09-10,3458.0,6.23,2015-12-14
2014-09-11,2347.0,6.25,2015-12-14
2014-09-12,1453.0,6.18,2015-12-14
2014-09-15,2791.0,6.05,2015-12-14
2014-09-16,4784.0,5.93,2015-12-14
2014-09-17,6042.0,6.02,2015-12-14
2014-09-18,5652.0,6.11,2015-12-14
2014-09-19,2895.0,6.15,2015-12-14
2014-09-22,909.0,6.12,2015-12-14
2014-09-23,5823.0,5.78,2015-12-14
2014-09-24,2256.0,5.93,2015-12-14
2014-09-25,1058.0,5.93,2015-12-14
2014-09-26,2109.0,6.04,2015-12-14
2014-09-29,4540.0,5.87,2015-12-14
2014-09-30,11795.0,5.94,2015-12-14
2014-10-01,2855.0,5.91,2015-12-14
2014-10-02,5913.0,5.78,2015-12-14
2014-10-03,7458.0,5.77,2015-12-14
2014-10-06,2741.0,5.77,2015-12-14
2014-10-07,6527.0,5.82,2015-12-14
2014-10-08,8062.0,6.15,2015-12-14
2014-10-09,3370.0,6.22,2015-12-14
2014-10-10,4074.0,6.14,2015-12-14
2014-10-13,3380.0,6.16,2015-12-14
2014-10-14,3745.0,6.18,2015-12-14
2014-10-15,4062.0,6.26,2015-12-14
2014-10-16,7319.0,6.32,2015-12-14
2014-10-17,3997.0,6.23,2015-12-14
2014-10-20,5432.0,6.25,2015-12-14
2014-10-21,7787.0,6.29,2015-12-14
2014-10-22,4708.0,6.34,2015-12-14
2014-10-23,8507.0,6.45,2015-12-14
2014-10-24,3920.0,6.52,2015-12-14
2014-10-27,2461.0,6.4,2015-12-14
2014-10-28,5563.0,6.27,2015-12-14
2014-10-29,6908.0,6.53,2015-12-14
2014-10-30,3782.0,6.53,2015-12-14
2014-10-31,7175.0,6.46,2015-12-14
2014-11-03,7095.0,6.69,2015-12-14
2014-11-04,4922.0,6.6,2015-12-14
2014-11-05,4723.0,6.76,2015-12-14
2014-11-06,3275.0,6.74,2015-12-14
2014-11-07,7075.0,6.87,2015-12-14
2014-11-10,2576.0,6.83,2015-12-14
2014-11-11,5029.0,6.91,2015-12-14
2014-11-12,9225.0,6.96,2015-12-14
2014-11-13,9186.0,6.9,2015-12-14
2014-11-14,11823.0,6.73,2015-12-14
2014-11-17,6412.0,7.01,2015-12-14
2014-11-18,13508.0,7.13,2015-12-14
2014-11-19,5128.0,7.15,2015-12-14
2014-11-20,3976.0,7.07,2015-12-14
2014-11-21,5429.0,7.11,2015-12-14
2014-11-24,10387.0,7.16,2015-12-14
2014-11-25,13350.0,7.23,2015-12-14
2014-11-26,5729.0,7.3,2015-12-14
2014-11-27,7168.0,7.2,2015-12-14
2014-11-28,4376.0,7.15,2015-12-14
2014-12-01,8965.0,7.18,2015-12-14
2014-12-02,12678.0,6.95,2015-12-14
2014-12-03,11069.0,6.99,2015-12-14
2014-12-04,4062.0,6.94,2015-12-14
2014-12-05,6180.0,6.76,2015-12-14
2014-12-08,4970.0,6.76,2015-12-14
2014-12-09,7029.0,6.84,2015-12-14
2014-12-10,35474.0,6.65,2015-12-14
2014-12-11,12489.0,6.83,2015-12-14
2014-12-12,13060.0,6.75,2015-12-14
2014-12-15,2716.0,7.12,2016-12-19
2014-12-16,3968.0,7.14,2016-12-19
2014-12-17,756.0,7.21,2016-12-19
2014-12-18,1146.0,7.26,2016-12-19
2014-12-19,552.0,7.3,2016-12-19
2014-12-22,216.0,7.33,2016-12-19
2014-12-23,645.0,7.48,2016-12-19
2014-12-24,20.0,7.6,2016-12-19
2014-12-29,86.0,7.48,2016-12-19
2014-12-30,87.0,7.44,2016-12-19
2014-12-31,104.0,7.48,2016-12-19
2015-01-02,788.0,7.23,2016-12-19
2015-01-05,1921.0,7.13,2016-12-19
2015-01-06,1402.0,6.99,2016-12-19
2015-01-07,1198.0,7.0,2016-12-19
2015-01-08,1797.0,7.03,2016-12-19
2015-01-09,2186.0,6.93,2016-12-19
2015-01-12,4599.0,6.93,2016-12-19
2015-01-13,6834.0,7.52,2016-12-19
2015-01-14,1468.0,7.39,2016-12-19
2015-01-15,2199.0,7.34,2016-12-19
2015-01-16,1552.0,7.35,2016-12-19
2015-01-19,1396.0,7.43,2016-12-19
2015-01-20,1655.0,7.38,2016-12-19
2015-01-21,6054.0,7.55,2016-12-19
2015-01-22,8100.0,6.96,2016-12-19
2015-01-23,3709.0,7.0,2016-12-19
2015-01-26,3147.0,7.05,2016-12-19
2015-01-27,1054.0,7.03,2016-12-19
2015-01-28,1306.0,7.15,2016-12-19
2015-01-29,2031.0,7.24,2016-12-19
2015-01-30,1497.0,7.28,2016-12-19
2015-02-02,1344.0,7.33,2016-12-19
2015-02-03,530.0,7.26,2016-12-19
2015-02-04,541.0,7.12,2016-12-19
2015-02-05,2102.0,7.19,2016-12-19
2015-02-06,1140.0,7.14,2016-12-19
2015-02-09,636.0,7.11,2016-12-19
2015-02-10,3911.0,7.31,2016-12-19
2015-02-11,2443.0,7.44,2016-12-19
2015-02-12,3137.0,7.6,2016-12-19
2015-02-13,3654.0,7.84,2016-12-19
2015-02-16,1622.0,7.85,2016-12-19
2015-02-17,3633.0,7.66,2016-12-19
2015-02-18,8690.0,7.68,2016-12-19
2015-02-19,1559.0,7.52,2016-12-19
2015-02-20,1476.0,7.49,2016-12-19
2015-02-23,1760.0,7.88,2016-12-19
2015-02-24,950.0,7.63,2016-12-19
2015-02-25,946.0,7.56,2016-12-19
2015-02-26,4699.0,7.22,2016-12-19
2015-02-27,1815.0,7.25,2016-12-19
2015-03-02,1034.0,7.1,2016-12-19
2015-03-03,1530.0,6.87,2016-12-19
2015-03-04,2105.0,7.18,2016-12-19
2015-03-05,1427.0,6.89,2016-12-19
2015-03-06,3380.0,6.94,2016-12-19
2015-03-09,1356.0,6.82,2016-12-19
2015-03-10,1479.0,6.95,2016-12-19
2015-03-11,1304.0,6.89,2016-12-19
2015-03-12,1528.0,6.55,2016-12-19
2015-03-13,1670.0,6.59,2016-12-19
2015-03-16,1513.0,6.63,2016-12-19
2015-03-17,5480.0,6.86,2016-12-19
2015-03-18,2563.0,6.87,2016-12-19
2015-03-19,3204.0,6.8,2016-12-19
2015-03-20,2935.0,7.17,2016-12-19
2015-03-23,3313.0,7.17,2016-12-19
2015-03-24,4495.0,7.16,2016-12-19
2015-03-25,2179.0,7.09,2016-12-19
2015-03-26,2550.0,7.07,2016-12-19
2015-03-27,2056.0,6.89,2016-12-19
2015-03-30,1528.0,7.01,2016-12-19
2015-03-31,2475.0,7.05,2016-12-19
2015-04-01,1830.0,7.27,2016-12-19
2015-04-02,1309.0,7.27,2016-12-19
2015-04-07,1260.0,7.23,2016-12-19
2015-04-08,815.0,7.24,2016-12-19
2015-04-09,2046.0,7.13,2016-12-19
2015-04-10,1600.0,7.06,2016-12-19
2015-04-13,1758.0,6.93,2016-12-19
2015-04-14,2100.0,6.92,2016-12-19
2015-04-15,850.0,6.97,2016-12-19
2015-04-16,869.0,6.99,2016-12-19
2015-04-17,1928.0,6.96,2016-12-19
2015-04-20,1243.0,7.25,2016-12-19
2015-04-21,2982.0,7.2,2016-12-19
2015-04-22,2147.0,7.2,2016-12-19
2015-04-23,1467.0,7.37,2016-12-19
2015-04-24,3122.0,7.4,2016-12-19
2015-04-27,2211.0,7.27,2016-12-19
2015-04-28,1187.0,7.47,2016-12-19
2015-04-29,4363.0,7.58,2016-12-19
2015-04-30,4061.0,7.51,2016-12-19
2015-05-01,199.0,7.6,2016-12-19
2015-05-04,501.0,7.7,2016-12-19
2015-05-05,1788.0,7.68,2016-12-19
2015-05-06,4797.0,7.65,2016-12-19
2015-05-07,1690.0,7.55,2016-12-19
2015-05-08,1269.0,7.65,2016-12-19
2015-05-11,1499.0,7.74,2016-12-19
2015-05-12,1867.0,7.71,2016-12-19
2015-05-13,2043.0,7.77,2016-12-19
2015-05-14,465.0,7.67,2016-12-19
2015-05-15,2540.0,7.7,2016-12-19
2015-05-18,2258.0,7.71,2016-12-19
2015-05-19,2174.0,7.48,2016-12-19
2015-05-20,2493.0,7.46,2016-12-19
2015-05-21,2841.0,7.42,2016-12-19
2015-05-22,1144.0,7.42,2016-12-19
2015-05-25,101.0,7.47,2016-12-19
2015-05-26,678.0,7.34,2016-12-19
2015-05-27,697.0,7.29,2016-12-19
2015-05-28,403.0,7.3,2016-12-19
2015-05-29,3918.0,7.44,2016-12-19
2015-06-01,2011.0,7.35,2016-12-19
2015-06-02,4420.0,7.56,2016-12-19
2015-06-03,2663.0,7.6,2016-12-19
2015-06-04,2079.0,7.51,2016-12-19
2015-06-05,2543.0,7.52,2016-12-19
2015-06-08,493.0,7.56,2016-12-19
2015-06-09,2482.0,7.68,2016-12-19
2015-06-10,1934.0,7.7,2016-12-19
2015-06-11,3492.0,7.62,2016-12-19
2015-06-12,928.0,7.73,2016-12-19
2015-06-15,1945.0,7.63,2016-12-19
2015-06-16,2129.0,7.53,2016-12-19
2015-06-17,814.0,7.58,2016-12-19
2015-06-18,681.0,7.56,2016-12-19
2015-06-19,24987.0,7.52,2016-12-19
2015-06-22,975.0,7.57,2016-12-19
2015-06-23,1469.0,7.6,2016-12-19
2015-06-24,3428.0,7.59,2016-12-19
2015-06-25,1771.0,7.7,2016-12-19
2015-06-26,3144.0,7.64,2016-12-19
2015-06-29,6310.0,7.45,2016-12-19
2015-06-30,3922.0,7.54,2016-12-19
2015-07-01,968.0,7.58,2016-12-19
2015-07-02,1891.0,7.54,2016-12-19
2015-07-03,1847.0,7.53,2016-12-19
2015-07-06,2105.0,7.47,2016-12-19
2015-07-07,3119.0,7.55,2016-12-19
2015-07-08,3636.0,7.54,2016-12-19
2015-07-09,2074.0,7.57,2016-12-19
2015-07-10,2381.0,7.7,2016-12-19
2015-07-13,2054.0,7.89,2016-12-19
2015-07-14,2590.0,7.82,2016-12-19
2015-07-15,1452.0,7.85,2016-12-19
2015-07-16,1360.0,7.75,2016-12-19
2015-07-17,955.0,7.83,2016-12-19
2015-07-20,6590.0,8.08,2016-12-19
2015-07-21,2340.0,8.06,2016-12-19
2015-07-22,6822.0,8.06,2016-12-19
2015-07-23,3421.0,8.18,2016-12-19
2015-07-24,6645.0,8.11,2016-12-19
2015-07-27,1312.0,8.12,2016-12-19
2015-07-28,4727.0,8.12,2016-12-19
2015-07-29,2908.0,8.16,2016-12-19
2015-07-30,2118.0,7.97,2016-12-19
2015-07-31,3228.0,7.96,2016-12-19
2015-08-03,1722.0,8.05,2016-12-19
2015-08-04,1684.0,8.0,2016-12-19
2015-08-05,1408.0,7.92,2016-12-19
2015-08-06,1229.0,7.93,2016-12-19
2015-08-07,960.0,7.87,2016-12-19
2015-08-10,1534.0,8.01,2016-12-19
2015-08-11,1464.0,8.18,2016-12-19
2015-08-12,4116.0,8.28,2016-12-19
2015-08-13,2878.0,8.28,2016-12-19
2015-08-14,739.0,8.41,2016-12-19
2015-08-17,1058.0,8.33,2016-12-19
2015-08-18,1142.0,8.36,2016-12-19
2015-08-19,2215.0,8.43,2016-12-19
2015-08-20,1327.0,8.45,2016-12-19
2015-08-21,1244.0,8.29,2016-12-19
2015-08-24,2457.0,8.26,2016-12-19
2015-08-25,1954.0,8.34,2016-12-19
2015-08-26,1745.0,8.19,2016-12-19
2015-08-27,3382.0,8.13,2016-12-19
2015-08-28,3150.0,8.2,2016-12-19
2015-08-31,1129.0,8.16,2016-12-19
2015-09-01,832.0,8.1,2016-12-19
2015-09-02,3335.0,8.21,2016-12-19
2015-09-03,2172.0,8.26,2016-12-19
2015-09-04,476.0,8.18,2016-12-19
2015-09-07,1543.0,8.17,2016-12-19
2015-09-08,772.0,8.33,2016-12-19
2015-09-09,2172.0,8.36,2016-12-19
2015-09-10,1365.0,8.37,2016-12-19
2015-09-11,2064.0,8.35,2016-12-19
2015-09-14,898.0,8.32,2016-12-19
2015-09-15,2292.0,8.26,2016-12-19
2015-09-16,1050.0,8.32,2016-12-19
2015-09-17,240.0,8.31,2016-12-19
2015-09-18,758.0,8.2,2016-12-19
2015-09-21,1234.0,8.07,2016-12-19
2015-09-22,1925.0,8.11,2016-12-19
2015-09-23,3166.0,8.16,2016-12-19
2015-09-24,5824.0,8.09,2016-12-19
2015-09-25,2962.0,8.08,2016-12-19
2015-09-28,1344.0,8.0,2016-12-19
2015-09-29,3549.0,8.05,2016-12-19
2015-09-30,3049.0,8.23,2016-12-19
2015-10-01,1609.0,8.25,2016-12-19
2015-10-02,3283.0,8.22,2016-12-19
2015-10-05,1299.0,8.28,2016-12-19
2015-10-06,2699.0,8.29,2016-12-19
2015-10-07,1594.0,8.18,2016-12-19
2015-10-08,1134.0,8.2,2016-12-19
2015-10-09,6156.0,8.42,2016-12-19
2015-10-12,777.0,8.37,2016-12-19
2015-10-13,2230.0,8.4,2016-12-19
2015-10-14,2775.0,8.51,2016-12-19
2015-10-15,3093.0,8.5,2016-12-19
2015-10-16,3776.0,8.45,2016-12-19
2015-10-19,4025.0,8.41,2016-12-19
2015-10-20,4031.0,8.53,2016-12-19
2015-10-21,2271.0,8.52,2016-12-19
2015-10-22,6353.0,8.55,2016-12-19
2015-10-23,5051.0,8.7,2016-12-19
2015-10-26,2802.0,8.72,2016-12-19
2015-10-27,7937.0,8.68,2016-12-19
2015-10-28,10629.0,8.64,2016-12-19
2015-10-29,1615.0,8.75,2016-12-19
2015-10-30,1679.0,8.71,2016-12-19
2015-11-02,2115.0,8.67,2016-12-19
2015-11-03,5797.0,8.53,2016-12-19
2015-11-04,6002.0,8.47,2016-12-19
2015-11-05,6044.0,8.54,2016-12-19
2015-11-06,3382.0,8.48,2016-12-19
2015-11-10,10133.0,8.51,2016-12-19
2015-11-11,6100.0,8.51,2016-12-19
2015-11-12,5395.0,8.44,2016-12-19
2015-11-13,3185.0,8.46,2016-12-19
2015-11-16,2475.0,8.6,2016-12-19
2015-11-17,5166.0,8.69,2016-12-19
2015-11-18,3693.0,8.66,2016-12-19
2015-11-19,2801.0,8.7,2016-12-19
2015-11-20,6824.0,8.58,2016-12-19
2015-11-23,7514.0,8.63,2016-12-19
2015-11-24,5395.0,8.72,2016-12-19
2015-11-25,6792.0,8.7,2016-12-19
2015-11-26,8486.0,8.65,2016-12-19
2015-11-27,2931.0,8.65,2016-12-19
2015-11-30,10810.0,8.65,2016-12-19
2015-12-02,12844.0,8.56,2016-12-19
2015-12-03,16948.0,8.67,2016-12-19
2015-12-04,23956.0,8.6,2016-12-19
2015-12-07,19052.0,8.48,2016-12-19
2015-12-08,20403.0,8.49,2016-12-19
2015-12-09,13915.0,8.48,2016-12-19
2015-12-10,33849.0,8.43,2016-12-19
2015-12-11,28820.0,8.14,2016-12-19
2015-12-14,4834.0,8.25,2017-12-18
2015-12-15,1589.0,8.36,2017-12-18
2015-12-16,1718.0,8.31,2017-12-18
2015-12-17,2052.0,8.24,2017-12-18
2015-12-18,1886.0,8.23,2017-12-18
2015-12-21,732.0,8.36,2017-12-18
2015-12-22,725.0,8.42,2017-12-18
2015-12-23,670.0,8.38,2017-12-18
2015-12-24,500.0,8.35,2017-12-18
2015-12-28,60.0,8.48,2017-12-18
2015-12-29,772.0,8.44,2017-12-18
2015-12-30,275.0,8.38,2017-12-18
2015-12-31,36.0,8.39,2017-12-18
2016-01-04,581.0,8.21,2017-12-18
2016-01-05,4869.0,8.16,2017-12-18
2016-01-06,1637.0,7.9,2017-12-18
2016-01-07,2377.0,7.69,2017-12-18
2016-01-08,1724.0,7.55,2017-12-18
2016-01-11,1717.0,7.26,2017-12-18
2016-01-12,1224.0,7.25,2017-12-18
2016-01-13,1032.0,7.39,2017-12-18
2016-01-14,1497.0,7.23,2017-12-18
2016-01-15,1991.0,6.81,2017-12-18
2016-01-18,1061.0,6.86,2017-12-18
2016-01-19,1615.0,6.95,2017-12-18
2016-01-20,3680.0,6.45,2017-12-18
2016-01-21,5846.0,6.3,2017-12-18
2016-01-22,1486.0,6.45,2017-12-18
2016-01-25,2494.0,5.99,2017-12-18
2016-01-26,534.0,6.18,2017-12-18
2016-01-27,699.0,6.01,2017-12-18
2016-01-28,1068.0,6.17,2017-12-18
2016-01-29,8854.0,6.14,2017-12-18
2016-02-01,1044.0,5.78,2017-12-18
2016-02-02,1620.0,5.91,2017-12-18
2016-02-03,739.0,5.71,2017-12-18
2016-02-04,1916.0,5.69,2017-12-18
2016-02-05,1397.0,5.62,2017-12-18
2016-02-08,1194.0,5.31,2017-12-18
2016-02-09,2338.0,5.02,2017-12-18
2016-02-10,4321.0,4.94,2017-12-18
2016-02-11,1742.0,4.8,2017-12-18
2016-02-12,1097.0,5.12,2017-12-18
2016-02-15,547.0,4.86,2017-12-18
2016-02-16,1990.0,4.75,2017-12-18
2016-02-17,2519.0,5.14,2017-12-18
2016-02-18,1661.0,5.31,2017-12-18
2016-02-19,2309.0,5.22,2017-12-18
2016-02-22,809.0,5.47,2017-12-18
2016-02-23,1838.0,4.95,2017-12-18
2016-02-24,650.0,4.91,2017-12-18
2016-02-25,2403.0,5.13,2017-12-18
2016-02-26,3047.0,5.05,2017-12-18
2016-02-29,390.0,5.06,2017-12-18
2016-03-01,292.0,5.04,2017-12-18
2016-03-02,394.0,5.01,2017-12-18
2016-03-03,426.0,4.95,2017-12-18
2016-03-04,768.0,4.98,2017-12-18
2016-03-07,625.0,5.15,2017-12-18
2016-03-08,853.0,5.08,2017-12-18
2016-03-09,710.0,5.13,2017-12-18
2016-03-10,1632.0,4.97,2017-12-18
2016-03-11,264.0,5.05,2017-12-18
2016-03-14,115.0,4.93,2017-12-18
2016-03-15,271.0,4.91,2017-12-18
2016-03-16,487.0,5.01,2017-12-18
2016-03-17,289.0,5.05,2017-12-18
2016-03-18,1137.0,4.99,2017-12-18
2016-03-21,372.0,4.92,2017-12-18
2016-03-22,611.0,4.87,2017-12-18
2016-03-23,350.0,4.85,2017-12-18
2016-03-24,428.0,4.9,2017-12-18
2016-03-29,14795.0,4.84,2017-12-18
2016-03-30,1491.0,5.01,2017-12-18
2016-03-31,4641.0,5.25,2017-12-18
2016-04-01,629.0,5.22,2017-12-18
2016-04-04,810.0,5.37,2017-12-18
2016-04-05,784.0,5.29,2017-12-18
2016-04-06,73.0,5.35,2017-12-18
2016-04-07,545.0,5.33,2017-12-18
2016-04-08,363.0,5.46,2017-12-18
2016-04-11,685.0,5.62,2017-12-18
2016-04-12,1226.0,5.64,2017-12-18
2016-04-13,347.0,5.59,2017-12-18
2016-04-14,3522.0,5.66,2017-12-18
2016-04-15,432.0,5.52,2017-12-18
2016-04-18,570.0,5.52,2017-12-18
2016-04-19,3348.0,5.62,2017-12-18
2016-04-20,2536.0,5.6,2017-12-18
2016-04-21,2779.0,5.8,2017-12-18
2016-04-22,1635.0,6.02,2017-12-18
2016-04-25,861.0,5.95,2017-12-18
2016-04-26,4542.0,6.67,2017-12-18
2016-04-27,2191.0,6.89,2017-12-18
2016-04-28,1679.0,6.39,2017-12-18
2016-04-29,3060.0,6.23,2017-12-18
2016-05-02,525.0,6.16,2017-12-18
2016-05-03,923.0,6.03,2017-12-18
2016-05-04,1943.0,6.18,2017-12-18
2016-05-05,1258.0,6.24,2017-12-18
2016-05-06,2252.0,5.9,2017-12-18
2016-05-09,1515.0,5.74,2017-12-18
2016-05-10,475.0,5.95,2017-12-18
2016-05-11,8344.0,6.06,2017-12-18
2016-05-12,1948.0,5.85,2017-12-18
2016-05-13,839.0,5.89,2017-12-18
2016-05-16,585.0,6.15,2017-12-18
2016-05-17,1257.0,6.09,2017-12-18
2016-05-18,2609.0,6.1,2017-12-18
2016-05-19,4328.0,6.04,2017-12-18
2016-05-20,673.0,6.01,2017-12-18
2016-05-23,1394.0,5.78,2017-12-18
2016-05-24,1930.0,5.84,2017-12-18
2016-05-25,2934.0,5.91,2017-12-18
2016-05-26,1232.0,6.07,2017-12-18
2016-05-27,2808.0,6.09,2017-12-18
2016-05-30,33.0,6.17,2017-12-18
2016-05-31,3319.0,6.15,2017-12-18
2016-06-01,1405.0,6.02,2017-12-18
2016-06-02,3265.0,6.07,2017-12-18
2016-06-03,1471.0,5.99,2017-12-18
2016-06-06,1845.0,6.25,2017-12-18
2016-06-07,7910.0,6.16,2017-12-18
2016-06-08,12902.0,6.15,2017-12-18
2016-06-09,12551.0,6.16,2017-12-18
2016-06-10,1928.0,6.0,2017-12-18
2016-06-13,662.0,5.9,2017-12-18
2016-06-14,578.0,5.9,2017-12-18
2016-06-15,1174.0,5.95,2017-12-18
2016-06-16,6877.0,5.75,2017-12-18
2016-06-17,1066.0,5.71,2017-12-18
2016-06-20,506.0,5.89,2017-12-18
2016-06-21,1268.0,5.6,2017-12-18
2016-06-22,1538.0,5.73,2017-12-18
2016-06-23,1088.0,5.68,2017-12-18
2016-06-24,20122.0,4.99,2017-12-18
2016-06-27,4367.0,4.8,2017-12-18
2016-06-28,3874.0,4.72,2017-12-18
2016-06-29,10355.0,4.56,2017-12-18
2016-06-30,1828.0,4.51,2017-12-18
2016-07-01,1891.0,4.66,2017-12-18
2016-07-04,3205.0,5.01,2017-12-18
2016-07-05,2144.0,4.75,2017-12-18
2016-07-06,1524.0,4.63,2017-12-18
2016-07-07,1594.0,4.62,2017-12-18
2016-07-08,1472.0,4.59,2017-12-18
2016-07-11,583.0,4.47,2017-12-18
2016-07-12,1914.0,4.67,2017-12-18
2016-07-13,2634.0,4.83,2017-12-18
2016-07-14,1284.0,4.82,2017-12-18
2016-07-15,1810.0,4.97,2017-12-18
2016-07-18,1105.0,4.89,2017-12-18
2016-07-19,983.0,4.71,2017-12-18
2016-07-20,2169.0,4.72,2017-12-18
2016-07-21,1136.0,4.69,2017-12-18
2016-07-22,1329.0,4.6,2017-12-18
2016-07-25,429.0,4.63,2017-12-18
2016-07-26,1036.0,4.55,2017-12-18
2016-07-27,498.0,4.58,2017-12-18
2016-07-28,1213.0,4.53,2017-12-18
2016-07-29,1025.0,4.47,2017-12-18
2016-08-01,821.0,4.42,2017-12-18
2016-08-02,678.0,4.45,2017-12-18
2016-08-03,1028.0,4.68,2017-12-18
2016-08-04,11982.0,4.73,2017-12-18
2016-08-05,780.0,4.75,2017-12-18
2016-08-08,1469.0,4.98,2017-12-18
2016-08-09,1618.0,4.91,2017-12-18
2016-08-10,979.0,4.8,2017-12-18
2016-08-11,2806.0,4.91,2017-12-18
2016-08-12,285.0,4.93,2017-12-18
2016-08-15,696.0,4.84,2017-12-18
2016-08-16,891.0,4.73,2017-12-18
2016-08-17,1071.0,4.52,2017-12-18
2016-08-18,1419.0,4.73,2017-12-18
2016-08-19,3325.0,4.8,2017-12-18
2016-08-22,807.0,4.93,2017-12-18
2016-08-23,1285.0,4.74,2017-12-18
2016-08-24,3340.0,4.64,2017-12-18
2016-08-25,690.0,4.74,2017-12-18
2016-08-26,435.0,4.73,2017-12-18
2016-08-29,39.0,4.73,2017-12-18
2016-08-30,840.0,4.58,2017-12-18
2016-08-31,1923.0,4.5,2017-12-18
2016-09-01,1483.0,4.41,2017-12-18
2016-09-02,1310.0,4.11,2017-12-18
2016-09-05,1948.0,3.95,2017-12-18
2016-09-06,1502.0,4.16,2017-12-18
2016-09-07,1735.0,4.04,2017-12-18
2016-09-08,1578.0,4.11,2017-12-18
2016-09-09,1366.0,4.11,2017-12-18
2016-09-12,1396.0,4.06,2017-12-18
2016-09-13,1600.0,4.06,2017-12-18
2016-09-14,1150.0,4.01,2017-12-18
2016-09-15,1362.0,4.17,2017-12-18
2016-09-16,1625.0,4.39,2017-12-18
2016-09-19,2844.0,4.43,2017-12-18
2016-09-20,1815.0,4.19,2017-12-18
2016-09-21,7207.0,4.24,2017-12-18
2016-09-22,2077.0,4.45,2017-12-18
2016-09-23,2510.0,4.57,2017-12-18
2016-09-26,3168.0,4.65,2017-12-18
2016-09-27,2139.0,4.46,2017-12-18
2016-09-28,3464.0,4.98,2017-12-18
2016-09-29,2901.0,5.06,2017-12-18
2016-09-30,1424.0,4.99,2017-12-18
2016-10-03,197.0,5.34,2017-12-18
2016-10-04,2945.0,5.24,2017-12-18
2016-10-05,2953.0,5.51,2017-12-18
2016-10-06,4743.0,5.89,2017-12-18
2016-10-07,2048.0,5.71,2017-12-18
2016-10-10,1944.0,5.69,2017-12-18
2016-10-11,2616.0,5.46,2017-12-18
2016-10-12,1309.0,5.55,2017-12-18
2016-10-13,2732.0,5.68,2017-12-18
2016-10-14,1422.0,5.83,2017-12-18
2016-10-17,1259.0,5.9,2017-12-18
2016-10-18,2041.0,5.98,2017-12-18
2016-10-19,8503.0,5.7,2017-12-18
2016-10-20,2036.0,5.6,2017-12-18
2016-10-21,1367.0,5.91,2017-12-18
2016-10-24,1453.0,5.83,2017-12-18
2016-10-25,2144.0,5.83,2017-12-18
2016-10-26,5024.0,5.96,2017-12-18
2016-10-27,5158.0,5.83,2017-12-18
2016-10-28,2024.0,5.91,2017-12-18
2016-10-31,10239.0,5.93,2017-12-18
2016-11-01,7529.0,6.06,2017-12-18
2016-11-02,4165.0,6.27,2017-12-18
2016-11-03,6493.0,6.53,2017-12-18
2016-11-04,3480.0,6.44,2017-12-18
2016-11-07,5552.0,6.26,2017-12-18
2016-11-08,4540.0,6.18,2017-12-18
2016-11-09,2994.0,6.16,2017-12-18
2016-11-10,4299.0,5.95,2017-12-18
2016-11-11,6107.0,5.69,2017-12-18
2016-11-14,5446.0,5.44,2017-12-18
2016-11-15,3911.0,5.77,2017-12-18
2016-11-16,5886.0,5.58,2017-12-18
2016-11-17,9252.0,5.92,2017-12-18
2016-11-18,3394.0,5.61,2017-12-18
2016-11-21,5585.0,5.51,2017-12-18
2016-11-22,4134.0,5.54,2017-12-18
2016-11-23,3140.0,5.42,2017-12-18
2016-11-24,5090.0,5.37,2017-12-18
2016-11-25,3833.0,5.03,2017-12-18
2016-11-28,4695.0,4.77,2017-12-18
2016-11-29,4348.0,4.59,2017-12-18
2016-11-30,21001.0,4.61,2017-12-18
2016-12-01,4547.0,4.49,2017-12-18
2016-12-02,8303.0,4.33,2017-12-18
2016-12-05,6588.0,4.4,2017-12-18
2016-12-06,20269.0,4.52,2017-12-18
2016-12-07,22562.0,4.32,2017-12-18
2016-12-08,18627.0,4.63,2017-12-18
2016-12-09,18470.0,4.48,2017-12-18
2016-12-12,7231.0,4.89,2017-12-18
2016-12-13,8801.0,4.81,2017-12-18
2016-12-14,10302.0,5.04,2017-12-18
2016-12-15,13304.0,4.86,2017-12-18
2016-12-16,11187.0,4.95,2017-12-18
2016-12-19,2204.0,5.15,2018-12-17
2016-12-20,616.0,5.3,2018-12-17
2016-12-21,771.0,5.87,2018-12-17
2016-12-22,1940.0,6.14,2018-12-17
2016-12-23,1893.0,6.28,2018-12-17
2016-12-27,302.0,6.38,2018-12-17
2016-12-28,991.0,6.38,2018-12-17
2016-12-29,1560.0,6.41,2018-12-17
2016-12-30,1435.0,6.61,2018-12-17
2017-01-02,30.0,6.18,2018-12-17
2017-01-03,1557.0,5.48,2018-12-17
2017-01-04,3526.0,5.77,2018-12-17
2017-01-05,1088.0,5.34,2018-12-17
2017-01-06,1716.0,5.09,2018-12-17
2017-01-09,1184.0,5.32,2018-12-17
2017-01-10,975.0,5.56,2018-12-17
2017-01-11,3933.0,5.56,2018-12-17
2017-01-12,3796.0,5.08,2018-12-17
2017-01-13,2307.0,5.08,2018-12-17
2017-01-16,2360.0,4.73,2018-12-17
2017-01-17,1800.0,5.03,2018-12-17
2017-01-18,2132.0,4.87,2018-12-17
2017-01-19,2400.0,5.23,2018-12-17
2017-01-20,1791.0,5.46,2018-12-17
2017-01-23,3023.0,5.36,2018-12-17
2017-01-24,2343.0,5.12,2018-12-17
2017-01-25,1252.0,5.01,2018-12-17
2017-01-26,828.0,5.23,2018-12-17
2017-01-27,496.0,4.95,2018-12-17
2017-01-30,974.0,5.2,2018-12-17
2017-01-31,664.0,5.39,2018-12-17
2017-02-01,635.0,5.31,2018-12-17
2017-02-02,866.0,5.26,2018-12-17
2017-02-03,695.0,5.2,2018-12-17
2017-02-06,1166.0,5.14,2018-12-17
2017-02-07,1582.0,5.21,2018-12-17
2017-02-08,1858.0,5.26,2018-12-17
2017-02-09,2342.0,5.33,2018-12-17
2017-02-10,1508.0,5.16,2018-12-17
2017-02-13,1011.0,4.94,2018-12-17
2017-02-14,679.0,5.17,2018-12-17
2017-02-15,1641.0,5.11,2018-12-17
2017-02-16,1351.0,4.98,2018-12-17
2017-02-17,1620.0,5.02,2018-12-17
2017-02-20,1165.0,5.13,2018-12-17
2017-02-21,820.0,5.09,2018-12-17
2017-02-22,1197.0,5.11,2018-12-17
2017-02-23,1890.0,5.39,2018-12-17
2017-02-24,1697.0,5.43,2018-12-17
2017-02-27,1155.0,5.24,2018-12-17
2017-02-28,1196.0,5.28,2018-12-17
2017-03-01,1728.0,5.95,2018-12-17
2017-03-02,4551.0,5.51,2018-12-17
2017-03-03,3102.0,5.64,2018-12-17
2017-03-06,1562.0,5.53,2018-12-17
2017-03-07,1845.0,5.42,2018-12-17
2017-03-08,3575.0,5.28,2018-12-17
2017-03-09,1078.0,5.17,2018-12-17
2017-03-10,1182.0,5.21,2018-12-17
2017-03-13,2200.0,5.2,2018-12-17
2017-03-14,1802.0,5.15,2018-12-17
2017-03-15,3338.0,5.24,2018-12-17
2017-03-16,1522.0,5.19,2018-12-17
2017-03-17,548.0,5.18,2018-12-17
2017-03-20,2222.0,5.03,2018-12-17
2017-03-21,1567.0,4.98,2018-12-17
2017-03-22,1545.0,5.01,2018-12-17
2017-03-23,1898.0,5.02,2018-12-17
2017-03-24,915.0,4.81,2018-12-17
2017-03-27,1904.0,4.67,2018-12-17
2017-03-28,980.0,4.78,2018-12-17
2017-03-29,2389.0,4.8,2018-12-17
2017-03-30,2655.0,4.96,2018-12-17
2017-03-31,1273.0,4.73,2018-12-17
2017-04-03,1604.0,4.91,2018-12-17
2017-04-04,1256.0,4.69,2018-12-17
2017-04-05,1795.0,4.86,2018-12-17
2017-04-06,1489.0,5.1,2018-12-17
2017-04-07,3580.0,4.93,2018-12-17
2017-04-10,991.0,4.83,2018-12-17
2017-04-11,412.0,4.91,2018-12-17
2017-04-12,1035.0,4.98,2018-12-17
2017-04-13,482.0,4.99,2018-12-17
2017-04-18,795.0,4.9,2018-12-17
2017-04-19,1184.0,4.87,2018-12-17
2017-04-20,566.0,4.79,2018-12-17
2017-04-21,1502.0,4.61,2018-12-17
2017-04-24,602.0,4.68,2018-12-17
2017-04-25,1230.0,4.54,2018-12-17
2017-04-26,422.0,4.65,2018-12-17
2017-04-27,1537.0,4.59,2018-12-17
2017-04-28,959.0,4.61,2018-12-17
2017-05-02,689.0,4.48,2018-12-17
2017-05-03,1234.0,4.44,2018-12-17
2017-05-04,1342.0,4.55,2018-12-17
2017-05-05,2971.0,4.62,2018-12-17
2017-05-08,1396.0,4.46,2018-12-17
2017-05-09,2025.0,4.56,2018-12-17
2017-05-10,5766.0,4.49,2018-12-17
2017-05-11,1226.0,4.39,2018-12-17
2017-05-12,1213.0,4.5,2018-12-17
2017-05-15,1962.0,4.43,2018-12-17
2017-05-16,2032.0,4.58,2018-12-17
2017-05-17,2694.0,4.62,2018-12-17
2017-05-18,1730.0,4.81,2018-12-17
2017-05-19,985.0,4.9,2018-12-17
2017-05-22,1819.0,4.95,2018-12-17
2017-05-23,1973.0,4.8,2018-12-17
2017-05-24,2733.0,4.96,2018-12-17
2017-05-25,376.0,5.03,2018-12-17
2017-05-26,1281.0,5.23,2018-12-17
2017-05-29,291.0,5.22,2018-12-17
2017-05-30,2993.0,5.19,2018-12-17
2017-05-31,2466.0,5.02,2018-12-17
2017-06-01,1469.0,5.12,2018-12-17
2017-06-02,925.0,5.21,2018-12-17
2017-06-05,560.0,5.22,2018-12-17
2017-06-06,518.0,5.02,2018-12-17
2017-06-07,683.0,4.93,2018-12-17
2017-06-08,3511.0,5.1,2018-12-17
2017-06-09,214.0,5.09,2018-12-17
2017-06-12,1543.0,4.97,2018-12-17
2017-06-13,24202.0,5.06,2018-12-17
2017-06-14,4107.0,4.99,2018-12-17
2017-06-15,2820.0,5.01,2018-12-17
2017-06-16,1282.0,4.92,2018-12-17
2017-06-19,1743.0,4.97,2018-12-17
2017-06-20,7221.0,5.0,2018-12-17
2017-06-21,1225.0,4.93,2018-12-17
2017-06-22,733.0,4.91,2018-12-17
2017-06-23,2294.0,4.92,2018-12-17
2017-06-26,1344.0,4.83,2018-12-17
2017-06-27,846.0,4.99,2018-12-17
2017-06-28,1803.0,4.99,2018-12-17
2017-06-29,5766.0,5.12,2018-12-17
2017-06-30,1427.0,5.08,2018-12-17
2017-07-03,686.0,5.19,2018-12-17
2017-07-04,1273.0,5.17,2018-12-17
2017-07-05,1446.0,5.09,2018-12-17
2017-07-06,1646.0,5.29,2018-12-17
2017-07-07,3921.0,5.39,2018-12-17
2017-07-10,1408.0,5.45,2018-12-17
2017-07-11,1612.0,5.38,2018-12-17
2017-07-12,901.0,5.53,2018-12-17
2017-07-13,1350.0,5.41,2018-12-17
2017-07-14,1122.0,5.47,2018-12-17
2017-07-17,1649.0,5.48,2018-12-17
2017-07-18,1595.0,5.51,2018-12-17
2017-07-19,1623.0,5.43,2018-12-17
2017-07-20,1136.0,5.35,2018-12-17
2017-07-21,699.0,5.13,2018-12-17
2017-07-24,1584.0,5.19,2018-12-17
2017-07-25,1360.0,5.21,2018-12-17
2017-07-26,867.0,5.29,2018-12-17
2017-07-27,1163.0,5.18,2018-12-17
2017-07-28,655.0,5.23,2018-12-17
2017-07-31,983.0,5.27,2018-12-17
2017-08-01,1834.0,5.34,2018-12-17
2017-08-02,4246.0,5.47,2018-12-17
2017-08-03,3525.0,5.47,2018-12-17
2017-08-04,1083.0,5.39,2018-12-17
2017-08-07,692.0,5.31,2018-12-17
2017-08-08,746.0,5.31,2018-12-17
2017-08-09,2208.0,5.41,2018-12-17
2017-08-10,3096.0,5.41,2018-12-17
2017-08-11,1937.0,5.43,2018-12-17
2017-08-14,2871.0,5.56,2018-12-17
2017-08-15,1879.0,5.57,2018-12-17
2017-08-16,10654.0,5.83,2018-12-17
2017-08-17,3751.0,5.85,2018-12-17
2017-08-18,1999.0,5.85,2018-12-17
2017-08-21,1370.0,5.78,2018-12-17
2017-08-22,2055.0,5.81,2018-12-17
2017-08-23,9501.0,5.98,2018-12-17
2017-08-24,1165.0,5.99,2018-12-17
2017-08-25,1208.0,6.13,2018-12-17
2017-08-28,375.0,6.14,2018-12-17
2017-08-29,1749.0,6.08,2018-12-17
2017-08-30,3093.0,6.06,2018-12-17
2017-08-31,1014.0,5.98,2018-12-17
2017-09-04,958.0,5.95,2018-12-17
2017-09-05,2494.0,6.53,2018-12-17
2017-09-08,1312.0,7.09,2018-12-17
2017-09-11,10992.0,6.91,2018-12-17
2017-09-12,2257.0,6.9,2018-12-17
2017-09-15,5385.0,6.97,2018-12-17
2017-09-22,1876.0,6.68,2018-12-17
2017-09-27,1729.0,6.96,2018-12-17
2017-09-28,3419.0,6.99,2018-12-17
2017-09-29,2283.0,7.1,2018-12-17
2017-10-02,1511.0,6.97,2018-12-17
2017-10-03,1433.0,7.03,2018-12-17
2017-10-04,4435.0,6.93,2018-12-17
2017-10-05,1593.0,6.93,2018-12-17
2017-10-06,1772.0,7.03,2018-12-17
2017-10-13,5189.0,7.35,2018-12-17
2017-10-18,5934.0,7.84,2018-12-17
2017-10-20,7550.0,7.6,2018-12-17
2017-10-24,1139.0,7.5,2018-12-17
2017-10-25,6156.0,7.43,2018-12-17
2017-10-27,16482.0,7.2,2018-12-17
2017-10-30,5293.0,7.18,2018-12-17
2017-11-02,4947.0,7.7,2018-12-17
2017-11-06,2931.0,7.96,2018-12-17
2017-11-09,6017.0,7.58,2018-12-17
2017-11-16,3782.0,7.53,2018-12-17
2017-11-17,5770.0,7.51,2018-12-17
2017-11-20,5052.0,7.47,2018-12-17
2017-11-21,1566.0,7.42,2018-12-17
2017-11-22,4763.0,7.4,2018-12-17
2017-11-23,13991.0,7.69,2018-12-17
2017-11-24,5020.0,7.79,2018-12-17
2017-11-27,4078.0,7.73,2018-12-17
2017-11-28,4760.0,7.62,2018-12-17
2017-11-29,10580.0,7.73,2018-12-17
2017-11-30,3896.0,7.56,2018-12-17
2017-12-01,3096.0,7.71,2018-12-17
2017-12-05,4149.0,7.46,2018-12-17
2017-12-07,6588.0,7.38,2018-12-17
2017-12-08,8461.0,7.17,2018-12-17
2017-12-13,14267.0,7.11,2018-12-17
2017-12-15,12632.0,7.21,2018-12-17
2017-12-18,2008.0,7.49,2019-12-16
2017-12-19,614.0,7.6,2019-12-16
2017-12-20,663.0,7.87,2019-12-16
2017-12-22,538.0,8.25,2019-12-16
2017-12-27,148.0,8.23,2019-12-16
2017-12-29,203.0,8.25,2019-12-16
2018-01-02,559.0,7.87,2019-12-16
2018-01-12,535.0,7.92,2019-12-16
2018-01-17,1083.0,8.24,2019-12-16
2018-01-18,929.0,8.54,2019-12-16
2018-01-19,332.0,8.81,2019-12-16
2018-01-23,2005.0,9.07,2019-12-16
2018-01-24,3491.0,9.52,2019-12-16
2018-01-25,1770.0,9.3,2019-12-16
2018-01-26,1287.0,9.15,2019-12-16
2018-01-29,1385.0,9.06,2019-12-16
2018-01-30,1779.0,8.94,2019-12-16
2018-01-31,2315.0,9.33,2019-12-16
2018-02-01,1459.0,9.33,2019-12-16
2018-02-02,862.0,9.02,2019-12-16
2018-02-07,1012.0,9.06,2019-12-16
2018-02-08,1575.0,9.18,2019-12-16
2018-02-09,1789.0,9.29,2019-12-16
2018-02-12,4233.0,9.54,2019-12-16
2018-02-13,7265.0,9.96,2019-12-16
2018-02-15,1246.0,9.61,2019-12-16
2018-02-16,6368.0,9.58,2019-12-16
2018-02-19,1060.0,9.94,2019-12-16
2018-02-20,1749.0,9.78,2019-12-16
2018-02-21,1609.0,9.62,2019-12-16
2018-02-22,2303.0,9.78,2019-12-16
2018-02-23,1507.0,9.87,2019-12-16
2018-02-26,407.0,9.69,2019-12-16
2018-02-27,1340.0,10.21,2019-12-16
2018-03-02,1210.0,10.2,2019-12-16
2018-03-07,1185.0,10.7,2019-12-16
2018-03-08,3438.0,11.18,2019-12-16
2018-03-09,3248.0,11.18,2019-12-16
2018-03-12,2247.0,11.15,2019-12-16
2018-03-13,2253.0,11.47,2019-12-16
2018-03-14,3603.0,11.24,2019-12-16
2018-03-15,1943.0,11.25,2019-12-16
2018-03-16,1123.0,11.24,2019-12-16
2018-03-19,1238.0,11.13,2019-12-16
2018-03-20,1512.0,11.61,2019-12-16
2018-03-21,4207.0,12.72,2019-12-16
2018-03-22,2990.0,12.41,2019-12-16
2018-03-23,1149.0,12.68,2019-12-16
2018-03-26,1139.0,13.06,2019-12-16
2018-03-27,1790.0,13.76,2019-12-16
2018-03-28,1896.0,13.07,2019-12-16
2018-03-29,639.0,13.36,2019-12-16
2018-04-03,833.0,13.38,2019-12-16
2018-04-04,1940.0,13.15,2019-12-16
2018-04-05,2782.0,12.73,2019-12-16
2018-04-06,2059.0,13.08,2019-12-16
2018-04-09,1907.0,13.42,2019-12-16
2018-04-10,3661.0,13.47,2019-12-16
2018-04-11,3740.0,13.53,2019-12-16
2018-04-12,3123.0,13.71,2019-12-16
2018-04-13,3505.0,14.08,2019-12-16
2018-04-16,3349.0,14.15,2019-12-16
2018-04-17,2196.0,13.89,2019-12-16
2018-04-18,2341.0,14.04,2019-12-16
2018-04-19,2426.0,13.62,2019-12-16
2018-04-20,2722.0,13.2,2019-12-16
2018-04-23,2573.0,13.04,2019-12-16
2018-04-24,2481.0,13.39,2019-12-16
2018-04-25,4802.0,13.42,2019-12-16
2018-04-26,6901.0,13.65,2019-12-16
2018-04-27,2963.0,13.72,2019-12-16
2018-04-30,1780.0,13.75,2019-12-16
2018-05-01,5354.0,13.55,2019-12-16
2018-05-02,6790.0,13.22,2019-12-16
2018-05-03,4140.0,13.12,2019-12-16
2018-05-04,1308.0,13.18,2019-12-16
2018-05-07,1105.0,13.78,2019-12-16
2018-05-08,3121.0,13.76,2019-12-16
2018-05-09,9648.0,14.16,2019-12-16
2018-05-10,3401.0,14.77,2019-12-16
2018-05-11,2664.0,14.79,2019-12-16
2018-05-14,3233.0,14.8,2019-12-16
2018-05-15,3271.0,14.48,2019-12-16
2018-05-16,4962.0,15.35,2019-12-16
2018-05-17,3878.0,15.48,2019-12-16
2018-05-18,1443.0,15.43,2019-12-16
2018-05-21,1095.0,15.73,2019-12-16
2018-05-22,4428.0,16.12,2019-12-16
2018-05-23,4924.0,16.19,2019-12-16
2018-05-24,3966.0,16.48,2019-12-16
2018-05-25,2559.0,16.19,2019-12-16
2018-05-28,895.0,16.5,2019-12-16
2018-05-29,1562.0,16.48,2019-12-16
2018-05-30,2058.0,16.02,2019-12-16
2018-05-31,2667.0,15.09,2019-12-16
2018-06-01,4563.0,15.47,2019-12-16
2018-06-04,2422.0,16.32,2019-12-16
2018-06-05,7760.0,15.96,2019-12-16
2018-06-06,3679.0,16.13,2019-12-16
2018-06-07,7702.0,16.2,2019-12-16
2018-06-08,1386.0,16.03,2019-12-16
2018-06-11,2942.0,15.7,2019-12-16
2018-06-12,2419.0,15.37,2019-12-16
2018-06-13,2335.0,15.54,2019-12-16
2018-06-14,2594.0,15.14,2019-12-16
2018-06-15,3069.0,14.76,2019-12-16
2018-06-18,2789.0,14.83,2019-12-16
2018-06-19,5956.0,14.46,2019-12-16
2018-06-20,10700.0,14.71,2019-12-16
2018-06-21,2657.0,15.04,2019-12-16
2018-06-22,3875.0,15.33,2019-12-16
2018-06-25,3453.0,15.25,2019-12-16
2018-06-26,3570.0,15.25,2019-12-16
2018-06-27,2572.0,15.47,2019-12-16
2018-06-28,2066.0,15.22,2019-12-16
2018-06-29,2433.0,15.21,2019-12-16
2018-07-02,1407.0,15.29,2019-12-16
2018-07-03,1680.0,15.32,2019-12-16
2018-07-04,2966.0,15.74,2019-12-16
2018-07-05,2551.0,15.9,2019-12-16
2018-07-06,2146.0,15.92,2019-12-16
2018-07-09,1600.0,16.22,2019-12-16
2018-07-10,6732.0,16.28,2019-12-16
2018-07-11,2400.0,16.55,2019-12-16
2018-07-12,1040.0,16.32,2019-12-16
2018-07-13,407.0,16.29,2019-12-16
2018-07-16,827.0,16.16,2019-12-16
2018-07-17,1964.0,16.31,2019-12-16
2018-07-18,1584.0,16.64,2019-12-16
2018-07-19,2471.0,17.09,2019-12-16
2018-07-20,2676.0,17.31,2019-12-16
2018-07-23,2670.0,17.63,2019-12-16
2018-07-24,1479.0,17.34,2019-12-16
2018-07-25,3885.0,17.6,2019-12-16
2018-07-26,2053.0,17.54,2019-12-16
2018-07-27,1082.0,17.37,2019-12-16
2018-07-30,1794.0,17.3,2019-12-16
2018-07-31,1279.0,17.65,2019-12-16
2018-08-01,1641.0,18.03,2019-12-16
2018-08-02,604.0,17.87,2019-12-16
2018-08-03,1142.0,17.92,2019-12-16
2018-08-06,721.0,17.81,2019-12-16
2018-08-07,2040.0,17.75,2019-12-16
2018-08-08,2948.0,17.63,2019-12-16
2018-08-09,3040.0,17.83,2019-12-16
2018-08-10,987.0,18.11,2019-12-16
2018-08-13,1307.0,18.29,2019-12-16
2018-08-14,1365.0,18.38,2019-12-16
2018-08-15,2784.0,18.31,2019-12-16
2018-08-16,1395.0,18.22,2019-12-16
2018-08-17,1423.0,18.37,2019-12-16
2018-08-20,3399.0,18.72,2019-12-16
2018-08-21,3489.0,19.55,2019-12-16
2018-08-22,2332.0,20.04,2019-12-16
2018-08-23,6579.0,20.62,2019-12-16
2018-08-24,5775.0,20.95,2019-12-16
2018-08-27,818.0,21.57,2019-12-16
2018-08-28,3177.0,20.96,2019-12-16
2018-08-29,2155.0,21.32,2019-12-16
2018-08-30,4747.0,21.42,2019-12-16
2018-08-31,2829.0,21.35,2019-12-16
2018-09-03,10352.0,20.44,2019-12-16
2018-09-04,4068.0,20.46,2019-12-16
2018-09-05,2733.0,20.65,2019-12-16
2018-09-06,2509.0,21.75,2019-12-16
2018-09-07,3068.0,23.51,2019-12-16
2018-09-10,6313.0,25.57,2019-12-16
2018-09-11,6122.0,24.55,2019-12-16
2018-09-12,5428.0,23.32,2019-12-16
2018-09-13,9056.0,19.25,2019-12-16
2018-09-14,12549.0,20.37,2019-12-16
2018-09-17,4572.0,21.34,2019-12-16
2018-09-18,3449.0,20.63,2019-12-16
2018-09-19,4110.0,21.87,2019-12-16
2018-09-20,5084.0,22.47,2019-12-16
2018-09-21,6858.0,22.58,2019-12-16
2018-09-24,5501.0,22.92,2019-12-16
2018-09-25,10851.0,21.81,2019-12-16
2018-09-26,16228.0,20.84,2019-12-16
2018-09-27,4951.0,21.43,2019-12-16
2018-09-28,7069.0,21.81,2019-12-16
2018-10-01,5015.0,22.06,2019-12-16
2018-10-02,5004.0,21.68,2019-12-16
2018-10-03,4150.0,21.91,2019-12-16
2018-10-04,6971.0,22.09,2019-12-16
2018-10-05,2639.0,22.92,2019-12-16
2018-10-08,7130.0,22.86,2019-12-16
2018-10-09,13892.0,21.73,2019-12-16
2018-10-10,19749.0,20.2,2019-12-16
2018-10-11,14258.0,20.55,2019-12-16
2018-10-12,7192.0,21.01,2019-12-16
2018-10-15,11762.0,19.09,2019-12-16
2018-10-16,18825.0,19.78,2019-12-16
2018-10-17,12841.0,19.71,2019-12-16
2018-10-18,14238.0,20.18,2019-12-16
2018-10-19,5878.0,20.14,2019-12-16
2018-10-22,2791.0,19.41,2019-12-16
2018-10-23,5637.0,19.63,2019-12-16
2018-10-24,6731.0,20.02,2019-12-16
2018-10-25,4826.0,19.47,2019-12-16
2018-10-26,4527.0,18.65,2019-12-16
2018-10-29,7005.0,17.01,2019-12-16
2018-10-30,13114.0,16.31,2019-12-16
2018-10-31,11468.0,16.7,2019-12-16
2018-11-01,6665.0,15.94,2019-12-16
2018-11-02,8609.0,17.43,2019-12-16
2018-11-05,4013.0,17.58,2019-12-16
2018-11-06,8304.0,17.93,2019-12-16
2018-11-07,5783.0,19.0,2019-12-16
2018-11-08,9543.0,19.93,2019-12-16
2018-11-09,6023.0,19.86,2019-12-16
2018-11-12,5737.0,20.87,2019-12-16
2018-11-13,6928.0,20.51,2019-12-16
2018-11-14,2518.0,20.11,2019-12-16
2018-11-15,7876.0,19.4,2019-12-16
2018-11-16,7323.0,19.5,2019-12-16
2018-11-19,2923.0,19.31,2019-12-16
2018-11-20,7349.0,19.84,2019-12-16
2018-11-21,8848.0,20.87,2019-12-16
2018-11-22,6554.0,21.3,2019-12-16
2018-11-23,11374.0,20.58,2019-12-16
2018-11-26,3717.0,20.19,2019-12-16
2018-11-27,3775.0,19.96,2019-12-16
2018-11-28,5060.0,19.64,2019-12-16
2018-11-29,6946.0,20.36,2019-12-16
2018-11-30,3796.0,20.84,2019-12-16
2018-12-03,6893.0,20.99,2019-12-16
2018-12-04,8921.0,21.08,2019-12-16
2018-12-05,6597.0,20.02,2019-12-16
2018-12-06,10518.0,20.33,2019-12-16
2018-12-07,5933.0,20.64,2019-12-16
2018-12-10,12159.0,21.21,2019-12-16
2018-12-11,15432.0,20.51,2019-12-16
2018-12-12,23938.0,21.83,2019-12-16
2018-12-13,24491.0,22.67,2019-12-16
2018-12-14,24176.0,23.72,2019-12-16
2018-12-17,6310.0,25.19,2020-12-14
2018-12-18,1689.0,24.93,2020-12-14
2018-12-19,2873.0,25.19,2020-12-14
2018-12-20,5128.0,25.07,2020-12-14
2018-12-21,926.0,25.52,2020-12-14
2018-12-24,949.0,25.76,2020-12-14
2018-12-27,1984.0,25.6,2020-12-14
2018-12-28,2289.0,25.54,2020-12-14
2018-12-31,1148.0,25.58,2020-12-14
2019-01-02,12399.0,25.86,2020-12-14
2019-01-03,11962.0,23.83,2020-12-14
2019-01-04,4061.0,24.23,2020-12-14
2019-01-07,1216.0,22.75,2020-12-14
2019-01-08,1677.0,23.33,2020-12-14
2019-01-09,2187.0,22.51,2020-12-14
2019-01-10,3317.0,22.59,2020-12-14
2019-01-11,1208.0,23.21,2020-12-14
2019-01-14,7608.0,23.02,2020-12-14
2019-01-15,1801.0,23.09,2020-12-14
2019-01-16,4061.0,23.88,2020-12-14
2019-01-17,3223.0,24.13,2020-12-14
2019-01-18,2728.0,25.33,2020-12-14
2019-01-21,3334.0,24.93,2020-12-14
2019-01-22,1777.0,25.65,2020-12-14
2019-01-23,1377.0,25.18,2020-12-14
2019-01-24,1651.0,24.54,2020-12-14
2019-01-25,1051.0,24.39,2020-12-14
2019-01-28,1440.0,23.2,2020-12-14
2019-01-29,1041.0,23.84,2020-12-14
2019-01-30,1762.0,23.48,2020-12-14
2019-01-31,1097.0,22.71,2020-12-14
2019-02-01,1491.0,22.39,2020-12-14
2019-02-04,2978.0,23.48,2020-12-14
2019-02-05,3484.0,23.6,2020-12-14
2019-02-06,2306.0,24.12,2020-12-14
2019-02-07,1636.0,23.91,2020-12-14
2019-02-08,1690.0,22.79,2020-12-14
2019-02-11,3646.0,22.82,2020-12-14
2019-02-12,2503.0,21.12,2020-12-14
2019-02-13,11322.0,21.35,2020-12-14
2019-02-14,2971.0,20.2,2020-12-14
2019-02-15,1855.0,20.84,2020-12-14
2019-02-18,3031.0,20.41,2020-12-14
2019-02-19,2372.0,20.62,2020-12-14
2019-02-20,1994.0,20.89,2020-12-14
2019-02-21,2990.0,19.2,2020-12-14
2019-02-22,3538.0,19.33,2020-12-14
2019-02-25,3229.0,19.62,2020-12-14
2019-02-26,3418.0,20.03,2020-12-14
2019-02-27,5488.0,21.65,2020-12-14
2019-02-28,3147.0,22.07,2020-12-14
2019-03-01,3275.0,22.67,2020-12-14
2019-03-04,1472.0,23.51,2020-12-14
2019-03-05,2021.0,23.33,2020-12-14
2019-03-06,1263.0,22.53,2020-12-14
2019-03-07,737.0,23.68,2020-12-14
2019-03-08,2260.0,23.44,2020-12-14
2019-03-11,1374.0,22.69,2020-12-14
2019-03-12,1939.0,22.72,2020-12-14
2019-03-13,4733.0,22.67,2020-12-14
2019-03-14,2503.0,23.14,2020-12-14
2019-03-15,2602.0,22.85,2020-12-14
2019-03-18,2442.0,22.2,2020-12-14
2019-03-19,2104.0,21.48,2020-12-14
2019-03-20,2357.0,21.99,2020-12-14
2019-03-21,1591.0,21.28,2020-12-14
2019-03-22,2003.0,21.0,2020-12-14
2019-03-25,2373.0,21.26,2020-12-14
2019-03-26,2560.0,21.87,2020-12-14
2019-03-27,4948.0,22.17,2020-12-14
2019-03-28,1526.0,22.58,2020-12-14
2019-03-29,1788.0,21.86,2020-12-14
2019-04-01,338.0,22.23,2020-12-14
2019-04-02,1762.0,22.32,2020-12-14
2019-04-03,2540.0,23.48,2020-12-14
2019-04-04,3131.0,24.74,2020-12-14
2019-04-05,6371.0,24.92,2020-12-14
2019-04-08,1369.0,24.62,2020-12-14
2019-04-09,2392.0,25.84,2020-12-14
2019-04-10,3532.0,26.43,2020-12-14
2019-04-11,3391.0,27.64,2020-12-14
2019-04-12,1415.0,26.89,2020-12-14
2019-04-15,767.0,27.12,2020-12-14
2019-04-16,2006.0,27.31,2020-12-14
2019-04-17,1393.0,27.77,2020-12-14
2019-04-18,2253.0,27.19,2020-12-14
2019-04-23,1488.0,27.83,2020-12-14
2019-04-24,2391.0,27.69,2020-12-14
2019-04-25,454.0,27.58,2020-12-14
2019-04-26,2525.0,26.15,2020-12-14
2019-04-29,959.0,26.65,2020-12-14
2019-04-30,475.0,26.56,2020-12-14
2019-05-01,1075.0,26.05,2020-12-14
2019-05-02,2660.0,24.96,2020-12-14
2019-05-03,1283.0,25.47,2020-12-14
2019-05-06,406.0,25.62,2020-12-14
2019-05-07,1216.0,26.68,2020-12-14
2019-05-08,1127.0,27.19,2020-12-14
2019-05-09,2078.0,26.77,2020-12-14
2019-05-10,4294.0,25.88,2020-12-14
2019-05-13,1287.0,25.28,2020-12-14
2019-05-14,2301.0,26.13,2020-12-14
2019-05-15,1283.0,26.22,2020-12-14
2019-05-16,499.0,25.81,2020-12-14
2019-05-17,2282.0,25.23,2020-12-14
2019-05-20,565.0,25.43,2020-12-14
2019-05-21,1506.0,25.62,2020-12-14
2019-05-22,1748.0,26.61,2020-12-14
2019-05-23,2307.0,26.3,2020-12-14
2019-05-24,1003.0,25.72,2020-12-14
2019-05-27,225.0,25.83,2020-12-14
2019-05-28,2441.0,25.73,2020-12-14
2019-05-29,1493.0,25.78,2020-12-14
2019-05-30,933.0,25.55,2020-12-14
2019-05-31,2037.0,24.71,2020-12-14
2019-06-03,3147.0,24.01,2020-12-14
2019-06-04,3228.0,24.84,2020-12-14
2019-06-05,4533.0,24.54,2020-12-14
2019-06-06,3375.0,24.28,2020-12-14
2019-06-07,7570.0,24.82,2020-12-14
2019-06-10,972.0,25.52,2020-12-14
2019-06-11,5754.0,25.29,2020-12-14
2019-06-12,5044.0,25.11,2020-12-14
2019-06-13,5065.0,25.25,2020-12-14
2019-06-14,2468.0,25.35,2020-12-14
2019-06-17,2114.0,25.32,2020-12-14
2019-06-18,4228.0,25.42,2020-12-14
2019-06-19,1851.0,25.27,2020-12-14
2019-06-20,2110.0,25.41,2020-12-14
2019-06-21,2830.0,25.61,2020-12-14
2019-06-24,4869.0,26.69,2020-12-14
2019-06-25,6511.0,26.74,2020-12-14
2019-06-26,2369.0,27.73,2020-12-14
2019-06-27,2269.0,27.23,2020-12-14
2019-06-28,2714.0,26.61,2020-12-14
2019-07-01,1647.0,27.26,2020-12-14
2019-07-02,1210.0,27.06,2020-12-14
2019-07-03,1801.0,26.85,2020-12-14
2019-07-04,2511.0,26.36,2020-12-14
2019-07-05,2775.0,26.73,2020-12-14
2019-07-08,2767.0,27.17,2020-12-14
2019-07-09,3193.0,26.92,2020-12-14
2019-07-10,6304.0,28.58,2020-12-14
2019-07-11,5338.0,28.68,2020-12-14
2019-07-12,2846.0,29.19,2020-12-14
2019-07-15,4494.0,29.45,2020-12-14
2019-07-16,2350.0,28.88,2020-12-14
2019-07-17,1392.0,28.88,2020-12-14
2019-07-18,1137.0,28.18,2020-12-14
2019-07-19,2911.0,29.29,2020-12-14
2019-07-22,2301.0,29.39,2020-12-14
2019-07-23,2224.0,30.2,2020-12-14
2019-07-24,2003.0,29.57,2020-12-14
2019-07-25,5416.0,29.39,2020-12-14
2019-07-26,1224.0,28.66,2020-12-14
2019-07-29,2357.0,28.78,2020-12-14
2019-07-30,2647.0,28.25,2020-12-14
2019-07-31,4048.0,28.33,2020-12-14
2019-08-01,1757.0,29.78,2020-12-14
2019-08-02,2361.0,29.59,2020-12-14
2019-08-05,787.0,29.02,2020-12-14
2019-08-06,1745.0,28.71,2020-12-14
2019-08-07,1863.0,28.57,2020-12-14
2019-08-08,1771.0,28.82,2020-12-14
2019-08-09,3064.0,28.41,2020-12-14
2019-08-12,3018.0,26.98,2020-12-14
2019-08-13,1850.0,27.38,2020-12-14
2019-08-14,3210.0,27.19,2020-12-14
2019-08-15,2353.0,26.26,2020-12-14
2019-08-16,5092.0,26.23,2020-12-14
2019-08-19,1528.0,26.84,2020-12-14
2019-08-20,2302.0,26.53,2020-12-14
2019-08-21,2835.0,26.29,2020-12-14
2019-08-22,2276.0,25.93,2020-12-14
2019-08-23,2487.0,25.36,2020-12-14
2019-08-26,1544.0,26.09,2020-12-14
2019-08-27,4199.0,25.67,2020-12-14
2019-08-28,17003.0,26.26,2020-12-14
2019-08-29,3205.0,26.7,2020-12-14
2019-08-30,2034.0,26.57,2020-12-14
2019-09-02,2386.0,25.43,2020-12-14
2019-09-03,6675.0,25.47,2020-12-14
2019-09-04,8253.0,25.74,2020-12-14
2019-09-05,4955.0,25.74,2020-12-14
2019-09-06,4594.0,25.29,2020-12-14
2019-09-09,9192.0,25.24,2020-12-14
2019-09-10,5816.0,26.94,2020-12-14
2019-09-11,11005.0,26.49,2020-12-14
2019-09-12,3382.0,26.66,2020-12-14
2019-09-13,2905.0,26.61,2020-12-14
2019-09-16,3057.0,27.28,2020-12-14
2019-09-17,2956.0,26.46,2020-12-14
2019-09-18,3175.0,25.68,2020-12-14
2019-09-19,2501.0,26.18,2020-12-14
2019-09-20,4329.0,26.78,2020-12-14
2019-09-23,2131.0,26.04,2020-12-14
2019-09-24,1751.0,25.77,2020-12-14
2019-09-25,1781.0,25.45,2020-12-14
2019-09-26,1428.0,25.88,2020-12-14
2019-09-27,5207.0,25.54,2020-12-14
2019-09-30,2884.0,24.96,2020-12-14
2019-10-01,4314.0,25.26,2020-12-14
2019-10-02,6393.0,24.4,2020-12-14
2019-10-03,3640.0,23.45,2020-12-14
2019-10-04,4092.0,23.16,2020-12-14
2019-10-07,5457.0,23.61,2020-12-14
2019-10-08,4079.0,22.74,2020-12-14
2019-10-09,5049.0,22.85,2020-12-14
2019-10-10,4598.0,23.45,2020-12-14
2019-10-11,5814.0,24.63,2020-12-14
2019-10-14,2444.0,24.34,2020-12-14
2019-10-15,3957.0,25.9,2020-12-14
2019-10-16,2988.0,26.49,2020-12-14
2019-10-17,2183.0,26.25,2020-12-14
2019-10-18,4353.0,26.07,2020-12-14
2019-10-21,1153.0,26.11,2020-12-14
2019-10-22,4380.0,25.84,2020-12-14
2019-10-23,3609.0,24.93,2020-12-14
2019-10-24,3304.0,25.62,2020-12-14
2019-10-25,5619.0,25.14,2020-12-14
2019-10-28,4497.0,25.29,2020-12-14
2019-10-29,2686.0,25.61,2020-12-14
2019-10-30,3145.0,26.16,2020-12-14
2019-10-31,6278.0,25.77,2020-12-14
2019-11-01,2918.0,25.44,2020-12-14
2019-11-04,5478.0,25.78,2020-12-14
2019-11-05,1716.0,25.66,2020-12-14
2019-11-06,3421.0,24.94,2020-12-14
2019-11-07,1910.0,25.08,2020-12-14
2019-11-08,3162.0,24.98,2020-12-14
2019-11-11,889.0,25.06,2020-12-14
2019-11-12,13789.0,24.25,2020-12-14
2019-11-13,8797.0,24.53,2020-12-14
2019-11-14,8601.0,24.1,2020-12-14
2019-11-15,20653.0,23.99,2020-12-14
2019-11-18,9935.0,23.53,2020-12-14
2019-11-19,8244.0,23.58,2020-12-14
2019-11-20,13166.0,24.16,2020-12-14
2019-11-21,2957.0,24.08,2020-12-14
2019-11-22,3680.0,24.72,2020-12-14
2019-11-25,2186.0,24.58,2020-12-14
2019-11-26,7918.0,24.53,2020-12-14
2019-11-27,5643.0,25.26,2020-12-14
2019-11-28,2699.0,25.15,2020-12-14
2019-11-29,3299.0,25.36,2020-12-14
2019-12-02,8035.0,24.47,2020-12-14
2019-12-03,7039.0,24.15,2020-12-14
2019-12-04,8440.0,24.9,2020-12-14
2019-12-05,15837.0,24.85,2020-12-14
2019-12-06,8365.0,25.1,2020-12-14
2019-12-09,9929.0,25.3,2020-12-14
2019-12-10,11621.0,25.11,2020-12-14
2019-12-11,13058.0,24.65,2020-12-14
2019-12-12,19804.0,25.25,2020-12-14
2019-12-13,26218.0,24.17,2020-12-14
2019-12-16,717.0,25.2,2021-12-20
2019-12-17,1292.0,26.29,2021-12-20
2019-12-18,1604.0,26.81,2021-12-20
2019-12-19,920.0,27.06,2021-12-20
2019-12-20,703.0,26.89,2021-12-20
2019-12-23,1354.0,26.76,2021-12-20
2019-12-24,250.0,26.3,2021-12-20
2019-12-26,0.0,26.3,2021-12-20
2019-12-27,35.0,26.93,2021-12-20
2019-12-30,329.0,25.31,2021-12-20
2019-12-31,152.0,24.86,2021-12-20
2020-01-02,541.0,24.58,2021-12-20
2020-01-03,301.0,25.18,2021-12-20
2020-01-06,564.0,24.43,2021-12-20
2020-01-07,500.0,24.75,2021-12-20
2020-01-08,585.0,24.28,2021-12-20
2020-01-09,1150.0,24.88,2021-12-20
2020-01-10,1106.0,24.42,2021-12-20
2020-01-13,433.0,24.35,2021-12-20
2020-01-14,614.0,24.06,2021-12-20
2020-01-15,1509.0,24.73,2021-12-20
2020-01-16,963.0,25.06,2021-12-20
2020-01-17,1378.0,25.66,2021-12-20
2020-01-20,1026.0,25.38,2021-12-20
2020-01-21,557.0,25.13,2021-12-20
2020-01-22,780.0,25.22,2021-12-20
2020-01-23,3643.0,24.9,2021-12-20
2020-01-24,1881.0,24.57,2021-12-20
2020-01-27,444.0,24.77,2021-12-20
2020-01-28,1035.0,24.82,2021-12-20
2020-01-29,1659.0,24.17,2021-12-20
2020-01-30,4273.0,23.91,2021-12-20
2020-01-31,2931.0,24.06,2021-12-20
2020-02-03,1491.0,23.39,2021-12-20
2020-02-04,1341.0,23.54,2021-12-20
2020-02-05,1131.0,23.95,2021-12-20
2020-02-06,1667.0,23.74,2021-12-20
2020-02-07,1523.0,23.51,2021-12-20
2020-02-10,1307.0,23.34,2021-12-20
2020-02-11,695.0,23.5,2021-12-20
2020-02-12,576.0,24.07,2021-12-20
2020-02-13,2302.0,24.59,2021-12-20
2020-02-14,2515.0,24.48,2021-12-20
2020-02-17,466.0,25.24,2021-12-20
2020-02-18,1211.0,25.33,2021-12-20
2020-02-19,362.0,25.9,2021-12-20
2020-02-20,4721.0,25.83,2021-12-20
2020-02-21,4139.0,25.8,2021-12-20
2020-02-24,1967.0,24.77,2021-12-20
2020-02-25,1844.0,24.38,2021-12-20
2020-02-26,1619.0,24.45,2021-12-20
2020-02-27,3876.0,23.78,2021-12-20
2020-02-28,2321.0,23.8,2021-12-20
2020-03-02,724.0,23.71,2021-12-20
2020-03-03,1157.0,23.55,2021-12-20
2020-03-04,1458.0,24.02,2021-12-20
2020-03-05,1107.0,23.99,2021-12-20
2020-03-06,1517.0,23.6,2021-12-20
2020-03-09,2975.0,23.46,2021-12-20
2020-03-10,2258.0,24.28,2021-12-20
2020-03-11,3568.0,24.1,2021-12-20
2020-03-12,4258.0,22.72,2021-12-20
2020-03-13,2286.0,22.14,2021-12-20
2020-03-16,7299.0,19.72,2021-12-20
2020-03-17,10021.0,18.69,2021-12-20
2020-03-18,14343.0,15.71,2021-12-20
2020-03-19,10783.0,16.76,2021-12-20
2020-03-20,5738.0,16.44,2021-12-20
2020-03-23,8818.0,15.88,2021-12-20
2020-03-24,3417.0,17.11,2021-12-20
2020-03-25,3140.0,17.86,2021-12-20
2020-03-26,2523.0,17.7,2021-12-20
2020-03-27,5210.0,16.74,2021-12-20
2020-03-30,4781.0,17.41,2021-12-20
2020-03-31,3498.0,18.03,2021-12-20
2020-04-01,1873.0,17.43,2021-12-20
2020-04-02,3232.0,18.42,2021-12-20
2020-04-03,2400.0,18.33,2021-12-20
2020-04-06,8301.0,20.77,2021-12-20
2020-04-07,5573.0,20.89,2021-12-20
2020-04-08,4018.0,21.53,2021-12-20
2020-04-09,2237.0,21.46,2021-12-20
2020-04-14,3813.0,20.18,2021-12-20
2020-04-15,2714.0,19.64,2021-12-20
2020-04-16,3667.0,21.31,2021-12-20
2020-04-17,3508.0,22.08,2021-12-20
2020-04-20,2858.0,21.76,2021-12-20
2020-04-21,5794.0,20.23,2021-12-20
2020-04-22,6381.0,21.04,2021-12-20
2020-04-23,1430.0,21.41,2021-12-20
2020-04-24,3178.0,21.12,2021-12-20
2020-04-27,1765.0,20.66,2021-12-20
2020-04-28,3755.0,20.59,2021-12-20
2020-04-29,2107.0,20.57,2021-12-20
2020-04-30,2914.0,19.94,2021-12-20
2020-05-01,966.0,19.34,2021-12-20
2020-05-04,1526.0,19.72,2021-12-20
2020-05-05,2353.0,19.46,2021-12-20
2020-05-06,3179.0,19.38,2021-12-20
2020-05-07,2056.0,19.91,2021-12-20
2020-05-08,1543.0,19.73,2021-12-20
2020-05-11,2156.0,19.44,2021-12-20
2020-05-12,5493.0,18.89,2021-12-20
2020-05-13,3795.0,19.04,2021-12-20
2020-05-14,1831.0,19.2,2021-12-20
2020-05-15,3188.0,19.54,2021-12-20
2020-05-18,1908.0,20.71,2021-12-20
2020-05-19,2453.0,20.33,2021-12-20
2020-05-20,1315.0,21.63,2021-12-20
2020-05-21,968.0,21.55,2021-12-20
2020-05-22,1211.0,21.77,2021-12-20
2020-05-25,810.0,21.96,2021-12-20
2020-05-26,3190.0,21.97,2021-12-20
2020-05-27,2756.0,21.7,2021-12-20
2020-05-28,4388.0,21.62,2021-12-20
2020-05-29,927.0,21.76,2021-12-20
2020-06-01,349.0,21.33,2021-12-20
2020-06-02,2502.0,22.42,2021-12-20
2020-06-03,1146.0,22.43,2021-12-20
2020-06-04,2789.0,22.56,2021-12-20
2020-06-05,2148.0,23.59,2021-12-20
2020-06-08,3018.0,23.05,2021-12-20
2020-06-09,4187.0,22.82,2021-12-20
2020-06-10,5827.0,23.25,2021-12-20
2020-06-11,2415.0,22.61,2021-12-20
2020-06-12,1849.0,22.35,2021-12-20
2020-06-15,2003.0,22.51,2021-12-20
2020-06-16,6787.0,23.13,2021-12-20
2020-06-17,4869.0,23.1,2021-12-20
2020-06-18,5669.0,24.8,2021-12-20
2020-06-19,4028.0,24.49,2021-12-20
2020-06-22,4427.0,24.86,2021-12-20
2020-06-23,5120.0,25.73,2021-12-20
2020-06-24,4037.0,25.72,2021-12-20
2020-06-25,4576.0,25.5,2021-12-20
2020-06-26,4430.0,25.05,2021-12-20
2020-06-29,5887.0,26.94,2021-12-20
2020-06-30,4703.0,27.27,2021-12-20
2020-07-01,7092.0,28.01,2021-12-20
2020-07-02,8464.0,27.66,2021-12-20
2020-07-03,3973.0,28.21,2021-12-20
2020-07-06,3714.0,30.01,2021-12-20
2020-07-07,6063.0,29.7,2021-12-20
2020-07-08,8200.0,29.63,2021-12-20
2020-07-09,1925.0,28.92,2021-12-20
2020-07-10,4009.0,29.34,2021-12-20
2020-07-13,5123.0,29.68,2021-12-20
2020-07-14,2435.0,30.0,2021-12-20
2020-07-15,2493.0,29.21,2021-12-20
2020-07-16,13671.0,27.08,2021-12-20
2020-07-17,5395.0,28.22,2021-12-20
2020-07-20,2897.0,26.58,2021-12-20
2020-07-21,5144.0,26.99,2021-12-20
2020-07-22,4978.0,27.01,2021-12-20
2020-07-23,2758.0,27.71,2021-12-20
2020-07-24,1546.0,26.75,2021-12-20
2020-07-27,5367.0,25.38,2021-12-20
2020-07-28,1511.0,26.11,2021-12-20
2020-07-29,2307.0,26.55,2021-12-20
2020-07-30,1390.0,25.9,2021-12-20
2020-07-31,2591.0,26.64,2021-12-20
2020-08-03,985.0,26.48,2021-12-20
2020-08-04,2507.0,27.17,2021-12-20
2020-08-05,1277.0,27.11,2021-12-20
2020-08-06,3690.0,26.74,2021-12-20
2020-08-07,773.0,26.77,2021-12-20
2020-08-10,4142.0,27.05,2021-12-20
2020-08-11,656.0,26.53,2021-12-20
2020-08-12,1889.0,26.32,2021-12-20
2020-08-13,4785.0,25.78,2021-12-20
2020-08-14,2734.0,25.83,2021-12-20
2020-08-17,3508.0,26.64,2021-12-20
2020-08-18,1796.0,26.89,2021-12-20
2020-08-19,4095.0,26.57,2021-12-20
2020-08-20,5523.0,26.24,2021-12-20
2020-08-21,1861.0,25.98,2021-12-20
2020-08-24,5667.0,27.82,2021-12-20
2020-08-25,9288.0,28.96,2021-12-20
2020-08-26,1689.0,28.97,2021-12-20
2020-08-27,4767.0,28.73,2021-12-20
2020-08-28,2437.0,29.88,2021-12-20
2020-08-31,554.0,29.02,2021-12-20
2020-09-01,5743.0,28.1,2021-12-20
2020-09-02,4731.0,28.58,2021-12-20
2020-09-03,3595.0,29.08,2021-12-20
2020-09-04,919.0,27.7,2021-12-20
2020-09-07,3248.0,27.39,2021-12-20
2020-09-08,2910.0,27.13,2021-12-20
2020-09-09,4618.0,27.52,2021-12-20
2020-09-10,5989.0,28.73,2021-12-20
2020-09-11,2424.0,28.56,2021-12-20
2020-09-14,5426.0,30.77,2021-12-20
2020-09-15,5484.0,30.1,2021-12-20
2020-09-16,6033.0,30.28,2021-12-20
2020-09-17,4375.0,28.72,2021-12-20
2020-09-18,1909.0,28.27,2021-12-20
2020-09-21,5416.0,26.66,2021-12-20
2020-09-22,8182.0,28.08,2021-12-20
2020-09-23,6003.0,26.73,2021-12-20
2020-09-24,7589.0,27.01,2021-12-20
2020-09-25,4352.0,26.38,2021-12-20
2020-09-28,4890.0,27.92,2021-12-20
2020-09-29,2376.0,27.0,2021-12-20
2020-09-30,5182.0,27.14,2021-12-20
2020-10-01,4653.0,26.72,2021-12-20
2020-10-02,2341.0,27.24,2021-12-20
2020-10-05,2044.0,27.15,2021-12-20
2020-10-06,3871.0,27.0,2021-12-20
2020-10-07,4086.0,27.1,2021-12-20
2020-10-08,5542.0,26.54,2021-12-20
2020-10-09,2349.0,25.91,2021-12-20
2020-10-12,3795.0,26.07,2021-12-20
2020-10-13,6266.0,25.41,2021-12-20
2020-10-14,2896.0,25.94,2021-12-20
2020-10-15,7969.0,25.16,2021-12-20
2020-10-16,3570.0,25.07,2021-12-20
2020-10-19,4283.0,25.17,2021-12-20
2020-10-20,8074.0,24.6,2021-12-20
2020-10-21,10199.0,23.76,2021-12-20
2020-10-22,3470.0,24.37,2021-12-20
2020-10-23,8868.0,25.67,2021-12-20
2020-10-26,3463.0,24.04,2021-12-20
2020-10-27,3929.0,24.24,2021-12-20
2020-10-28,6148.0,23.21,2021-12-20
2020-10-29,4644.0,23.84,2021-12-20
2020-10-30,4147.0,23.88,2021-12-20
2020-11-02,5397.0,23.84,2021-12-20
2020-11-03,6886.0,24.55,2021-12-20
2020-11-04,3844.0,25.27,2021-12-20
2020-11-05,5209.0,26.14,2021-12-20
2020-11-06,10135.0,25.56,2021-12-20
2020-11-09,6868.0,26.69,2021-12-20
2020-11-10,3595.0,26.37,2021-12-20
2020-11-11,5905.0,26.26,2021-12-20
2020-11-12,6151.0,26.05,2021-12-20
2020-11-13,3605.0,26.41,2021-12-20
2020-11-16,6930.0,27.52,2021-12-20
2020-11-17,8698.0,26.77,2021-12-20
2020-11-18,7839.0,27.33,2021-12-20
2020-11-19,6365.0,26.49,2021-12-20
2020-11-20,9010.0,26.89,2021-12-20
2020-11-23,11054.0,27.41,2021-12-20
2020-11-24,9027.0,27.79,2021-12-20
2020-11-25,13519.0,27.79,2021-12-20
2020-11-26,11231.0,28.29,2021-12-20
2020-11-27,7202.0,28.33,2021-12-20
2020-11-30,13032.0,29.34,2021-12-20
2020-12-01,23928.0,29.07,2021-12-20
2020-12-02,18502.0,29.75,2021-12-20
2020-12-03,11223.0,29.2,2021-12-20
2020-12-04,18830.0,30.31,2021-12-20
2020-12-07,12482.0,29.82,2021-12-20
2020-12-08,15843.0,29.77,2021-12-20
2020-12-09,21665.0,29.91,2021-12-20
2020-12-10,24746.0,31.12,2021-12-20
2020-12-11,23961.0,30.73,2021-12-20
2020-12-14,3819.0,31.27,2023-12-18
2020-12-15,3101.0,32.43,2023-12-18
2020-12-16,2302.0,32.03,2023-12-18
2020-12-17,1289.0,32.21,2023-12-18
2020-12-18,1553.0,31.36,2023-12-18
2020-12-21,841.0,31.14,2023-12-18
2020-12-22,689.0,31.39,2023-12-18
2020-12-23,427.0,32.15,2023-12-18
2020-12-24,419.0,32.41,2023-12-18
2020-12-28,129.0,33.66,2023-12-18
2020-12-29,363.0,33.25,2023-12-18
2020-12-30,1276.0,32.42,2023-12-18
2020-12-31,152.0,32.94,2023-12-18
2021-01-04,1250.0,33.89,2023-12-18
2021-01-05,1282.0,33.15,2023-12-18
2021-01-06,432.0,33.83,2023-12-18
2021-01-07,1168.0,34.97,2023-12-18
2021-01-08,1596.0,35.14,2023-12-18
2021-01-11,1100.0,34.76,2023-12-18
2021-01-12,1311.0,34.88,2023-12-18
2021-01-13,1991.0,33.88,2023-12-18
2021-01-14,1621.0,33.76,2023-12-18
2021-01-15,1753.0,31.96,2023-12-18
2021-01-18,1211.0,31.84,2023-12-18
2021-01-19,1136.0,33.3,2023-12-18
2021-01-20,703.0,33.12,2023-12-18
2021-01-21,832.0,34.32,2023-12-18
2021-01-22,1394.0,34.45,2023-12-18
2021-01-25,1720.0,33.39,2023-12-18
2021-01-26,1265.0,33.56,2023-12-18
2021-01-27,614.0,33.51,2023-12-18
2021-01-28,1056.0,34.17,2023-12-18
2021-01-29,1384.0,33.18,2023-12-18
2021-02-01,618.0,33.08,2023-12-18
2021-02-02,1044.0,35.19,2023-12-18
2021-02-03,2589.0,37.65,2023-12-18
2021-02-04,1377.0,37.49,2023-12-18
2021-02-05,1075.0,38.43,2023-12-18
2021-02-08,2096.0,38.84,2023-12-18
2021-02-09,2047.0,38.49,2023-12-18
2021-02-10,3233.0,39.56,2023-12-18
2021-02-11,12716.0,39.0,2023-12-18
2021-02-12,7623.0,40.28,2023-12-18
2021-02-15,3764.0,39.81,2023-12-18
2021-02-16,5752.0,39.13,2023-12-18
2021-02-17,3988.0,38.4,2023-12-18
2021-02-18,2297.0,38.61,2023-12-18
2021-02-19,3889.0,37.7,2023-12-18
2021-02-22,1029.0,38.26,2023-12-18
2021-02-23,2291.0,38.97,2023-12-18
2021-02-24,354.0,39.45,2023-12-18
2021-02-25,1095.0,38.57,2023-12-18
2021-02-26,4426.0,37.6,2023-12-18
2021-03-01,2671.0,37.45,2023-12-18
2021-03-02,3334.0,38.69,2023-12-18
2021-03-03,2719.0,37.82,2023-12-18
2021-03-04,2103.0,38.51,2023-12-18
2021-03-05,1695.0,39.36,2023-12-18
2021-03-08,3133.0,39.47,2023-12-18
2021-03-09,1612.0,40.98,2023-12-18
2021-03-10,7580.0,41.87,2023-12-18
2021-03-11,9369.0,42.27,2023-12-18
2021-03-12,3023.0,43.19,2023-12-18
2021-03-15,8300.0,42.73,2023-12-18
2021-03-16,12129.0,41.96,2023-12-18
2021-03-17,5373.0,43.34,2023-12-18
2021-03-18,8891.0,42.74,2023-12-18
2021-03-19,2717.0,42.31,2023-12-18
2021-03-22,1083.0,43.18,2023-12-18
2021-03-23,3180.0,41.78,2023-12-18
2021-03-24,3076.0,41.96,2023-12-18
2021-03-25,3477.0,40.71,2023-12-18
2021-03-26,2271.0,42.09,2023-12-18
2021-03-29,1124.0,42.2,2023-12-18
2021-03-30,3400.0,42.4,2023-12-18
2021-03-31,1297.0,42.89,2023-12-18
2021-04-01,1006.0,42.81,2023-12-18
2021-04-06,2106.0,44.6,2023-12-18
2021-04-07,1336.0,44.23,2023-12-18
2021-04-08,1674.0,43.85,2023-12-18
2021-04-09,1431.0,44.03,2023-12-18
2021-04-12,3550.0,44.86,2023-12-18
2021-04-13,2314.0,44.24,2023-12-18
2021-04-14,2345.0,44.2,2023-12-18
2021-04-15,1504.0,44.55,2023-12-18
2021-04-16,2355.0,44.8,2023-12-18
2021-04-19,2547.0,44.74,2023-12-18
2021-04-20,1300.0,45.29,2023-12-18
2021-04-21,2400.0,46.32,2023-12-18
2021-04-22,2027.0,47.51,2023-12-18
2021-04-23,2563.0,47.38,2023-12-18
2021-04-26,1675.0,47.67,2023-12-18
2021-04-27,1364.0,47.78,2023-12-18
2021-04-28,7194.0,48.28,2023-12-18
2021-04-29,2959.0,48.51,2023-12-18
2021-04-30,7704.0,49.31,2023-12-18
2021-05-03,704.0,49.9,2023-12-18
2021-05-04,3352.0,49.06,2023-12-18
2021-05-05,9528.0,49.91,2023-12-18
2021-05-06,3737.0,50.41,2023-12-18
2021-05-07,2972.0,50.93,2023-12-18
2021-05-10,3137.0,52.72,2023-12-18
2021-05-11,4216.0,53.55,2023-12-18
2021-05-12,7587.0,55.85,2023-12-18
2021-05-13,4289.0,55.04,2023-12-18
2021-05-14,5711.0,57.23,2023-12-18
2021-05-17,6408.0,56.97,2023-12-18
2021-05-18,5360.0,53.74,2023-12-18
2021-05-19,13596.0,50.35,2023-12-18
2021-05-20,8413.0,53.41,2023-12-18
2021-05-21,5655.0,52.43,2023-12-18
2021-05-24,2558.0,53.41,2023-12-18
2021-05-25,4137.0,53.83,2023-12-18
2021-05-26,4369.0,54.22,2023-12-18
2021-05-27,2109.0,52.39,2023-12-18
2021-05-28,3106.0,51.58,2023-12-18
2021-05-31,0.0,52.24,2023-12-18
2021-06-01,1193.0,52.97,2023-12-18
2021-06-02,3927.0,51.94,2023-12-18
2021-06-03,4661.0,50.73,2023-12-18
2021-06-04,2282.0,50.47,2023-12-18
2021-06-07,236.0,51.97,2023-12-18
2021-06-08,4051.0,52.58,2023-12-18
2021-06-09,2837.0,53.9,2023-12-18
2021-06-10,1671.0,54.15,2023-12-18
2021-06-11,2343.0,53.07,2023-12-18
2021-06-14,1416.0,53.29,2023-12-18
2021-06-15,5304.0,51.76,2023-12-18
2021-06-16,3023.0,51.72,2023-12-18
2021-06-17,1930.0,51.28,2023-12-18
2021-06-18,1579.0,52.26,2023-12-18
2021-06-21,3478.0,52.78,2023-12-18
2021-06-22,4312.0,53.76,2023-12-18
2021-06-23,6787.0,55.03,2023-12-18
2021-06-24,5718.0,55.49,2023-12-18
2021-06-25,8062.0,55.48,2023-12-18
2021-06-28,6235.0,55.9,2023-12-18
2021-06-29,2374.0,56.04,2023-12-18
2021-06-30,5056.0,56.78,2023-12-18
2021-07-01,3682.0,58.06,2023-12-18
2021-07-02,1397.0,57.76,2023-12-18
2021-07-05,748.0,58.28,2023-12-18
2021-07-06,3609.0,54.44,2023-12-18
2021-07-07,2738.0,53.03,2023-12-18
2021-07-08,3482.0,52.77,2023-12-18
2021-07-09,3592.0,54.67,2023-12-18
2021-07-12,2068.0,52.12,2023-12-18
2021-07-13,2085.0,53.26,2023-12-18
2021-07-14,2444.0,53.78,2023-12-18
2021-07-15,2599.0,53.37,2023-12-18
2021-07-16,3009.0,53.28,2023-12-18
2021-07-19,3866.0,52.81,2023-12-18
2021-07-20,2645.0,51.59,2023-12-18
2021-07-21,5732.0,52.51,2023-12-18
2021-07-22,4191.0,51.16,2023-12-18
2021-07-23,5446.0,51.26,2023-12-18
2021-07-26,1444.0,53.57,2023-12-18
2021-07-27,2389.0,53.28,2023-12-18
2021-07-28,1211.0,54.2,2023-12-18
2021-07-29,1891.0,54.41,2023-12-18
2021-07-30,1354.0,53.69,2023-12-18
2021-08-02,2009.0,54.79,2023-12-18
2021-08-03,1201.0,54.55,2023-12-18
2021-08-04,1185.0,55.82,2023-12-18
2021-08-05,1857.0,56.34,2023-12-18
2021-08-06,1827.0,57.02,2023-12-18
2021-08-09,2140.0,56.98,2023-12-18
2021-08-10,1753.0,57.77,2023-12-18
2021-08-11,2377.0,58.14,2023-12-18
2021-08-12,1918.0,56.63,2023-12-18
2021-08-13,1508.0,55.74,2023-12-18
2021-08-16,922.0,58.52,2023-12-18
2021-08-17,3408.0,57.56,2023-12-18
2021-08-18,3123.0,57.45,2023-12-18
2021-08-19,10114.0,53.84,2023-12-18
2021-08-20,4127.0,54.72,2023-12-18
2021-08-23,5652.0,55.67,2023-12-18
2021-08-24,2988.0,56.97,2023-12-18
2021-08-25,2412.0,56.87,2023-12-18
2021-08-26,1316.0,57.19,2023-12-18
2021-08-27,7804.0,59.32,2023-12-18
2021-08-30,4293.0,61.08,2023-12-18
2021-08-31,3085.0,61.07,2023-12-18
2021-09-01,7521.0,60.42,2023-12-18
2021-09-02,1922.0,61.83,2023-12-18
2021-09-03,3369.0,61.63,2023-12-18
2021-09-06,2315.0,62.61,2023-12-18
2021-09-07,4398.0,62.28,2023-12-18
2021-09-08,4765.0,62.74,2023-12-18
2021-09-09,3450.0,63.04,2023-12-18
2021-09-10,2936.0,61.22,2023-12-18
2021-09-13,5212.0,61.37,2023-12-18
2021-09-14,7051.0,60.16,2023-12-18
2021-09-15,5099.0,60.18,2023-12-18
2021-09-16,5509.0,59.63,2023-12-18
2021-09-17,6711.0,59.82,2023-12-18
2021-09-20,8917.0,61.02,2023-12-18
2021-09-21,2425.0,60.5,2023-12-18
2021-09-22,5537.0,60.94,2023-12-18
2021-09-23,6069.0,60.89,2023-12-18
2021-09-24,4836.0,63.29,2023-12-18
2021-09-27,6047.0,64.72,2023-12-18
2021-09-28,8298.0,62.29,2023-12-18
2021-09-29,7266.0,63.28,2023-12-18
2021-09-30,5408.0,62.16,2023-12-18
2021-10-01,2891.0,62.45,2023-12-18
2021-10-04,3327.0,63.82,2023-12-18
2021-10-05,9909.0,65.16,2023-12-18
2021-10-06,12716.0,59.58,2023-12-18
2021-10-07,9851.0,60.81,2023-12-18
2021-10-08,6560.0,58.76,2023-12-18
2021-10-11,2329.0,59.58,2023-12-18
2021-10-12,2998.0,59.34,2023-12-18
2021-10-13,5215.0,59.45,2023-12-18
2021-10-14,10062.0,61.79,2023-12-18
2021-10-15,4216.0,59.79,2023-12-18
2021-10-18,4487.0,58.92,2023-12-18
2021-10-19,7933.0,54.92,2023-12-18
2021-10-20,6446.0,58.14,2023-12-18
2021-10-21,12639.0,58.37,2023-12-18
2021-10-22,4743.0,58.64,2023-12-18
2021-10-25,4843.0,59.35,2023-12-18
2021-10-26,5472.0,60.16,2023-12-18
2021-10-27,4636.0,60.27,2023-12-18
2021-10-28,3455.0,58.94,2023-12-18
2021-10-29,6869.0,59.08,2023-12-18
2021-11-01,4697.0,57.29,2023-12-18
2021-11-02,15248.0,59.79,2023-12-18
2021-11-03,6882.0,60.15,2023-12-18
2021-11-04,5613.0,60.18,2023-12-18
2021-11-05,8225.0,59.73,2023-12-18
2021-11-08,10605.0,60.96,2023-12-18
2021-11-09,6804.0,60.75,2023-12-18
2021-11-10,8934.0,63.48,2023-12-18
2021-11-11,4902.0,64.02,2023-12-18
2021-11-12,4855.0,63.58,2023-12-18
2021-11-15,9545.0,66.22,2023-12-18
2021-11-16,8169.0,67.83,2023-12-18
2021-11-17,10939.0,67.45,2023-12-18
2021-11-18,9093.0,69.38,2023-12-18
2021-11-19,6419.0,69.65,2023-12-18
2021-11-22,7508.0,70.22,2023-12-18
2021-11-23,12722.0,69.49,2023-12-18
2021-11-24,13299.0,73.23,2023-12-18
2021-11-25,13114.0,74.79,2023-12-18
2021-11-26,7142.0,73.12,2023-12-18
2021-11-29,13076.0,74.54,2023-12-18
2021-11-30,14831.0,75.73,2023-12-18
2021-12-01,10847.0,77.2,2023-12-18
2021-12-02,15677.0,80.25,2023-12-18
2021-12-03,12640.0,78.64,2023-12-18
2021-12-06,15708.0,81.65,2023-12-18
2021-12-07,19735.0,85.34,2023-12-18
2021-12-08,27837.0,89.41,2023-12-18
2021-12-09,29012.0,80.88,2023-12-18
2021-12-10,29305.0,84.37,2023-12-18
2021-12-13,18392.0,82.72,2023-12-18
2021-12-14,21055.0,80.12,2023-12-18
2021-12-15,28374.0,81.19,2023-12-18
2021-12-16,34657.0,85.71,2023-12-18
2021-12-17,42720.0,74.02,2023-12-18
2021-12-20,2852.0,80.87,2023-12-18
2021-12-21,1116.0,81.82,2023-12-18
2021-12-22,4473.0,78.01,2023-12-18
2021-12-23,1579.0,75.49,2023-12-18
2021-12-24,27.0,77.34,2023-12-18
2021-12-27,117.0,77.84,2023-12-18
2021-12-28,143.0,80.21,2023-12-18
2021-12-29,467.0,81.28,2023-12-18
2021-12-30,392.0,81.06,2023-12-18
2021-12-31,233.0,81.57,2023-12-18
2022-01-03,756.0,84.92,2023-12-18
2022-01-04,1155.0,85.81,2023-12-18
2022-01-05,1263.0,88.49,2023-12-18
2022-01-06,1053.0,87.66,2023-12-18
2022-01-07,2650.0,86.33,2023-12-18
2022-01-10,2718.0,80.98,2023-12-18
2022-01-11,2016.0,82.18,2023-12-18
2022-01-12,2160.0,80.87,2023-12-18
2022-01-13,2532.0,81.39,2023-12-18
2022-01-14,1574.0,82.91,2023-12-18
2022-01-17,828.0,81.41,2023-12-18
2022-01-18,2369.0,83.51,2023-12-18
2022-01-19,1614.0,82.93,2023-12-18
2022-01-20,1376.0,86.43,2023-12-18
2022-01-21,1362.0,85.3,2023-12-18
2022-01-24,2087.0,84.84,2023-12-18
2022-01-25,1494.0,88.26,2023-12-18
2022-01-26,2451.0,89.49,2023-12-18
2022-01-27,1555.0,90.61,2023-12-18
2022-01-28,1772.0,90.07,2023-12-18
2022-01-31,1315.0,90.1,2023-12-18
2022-02-01,1367.0,90.4,2023-12-18
2022-02-02,5308.0,95.32,2023-12-18
2022-02-03,1922.0,95.87,2023-12-18
2022-02-04,2314.0,97.6,2023-12-18
2022-02-07,6897.0,97.98,2023-12-18
2022-02-08,6623.0,98.3,2023-12-18
2022-02-09,5425.0,92.21,2023-12-18
2022-02-10,5791.0,92.23,2023-12-18
2022-02-11,4148.0,94.41,2023-12-18
2022-02-14,3158.0,93.37,2023-12-18
2022-02-15,6610.0,92.66,2023-12-18
2022-02-16,4225.0,91.37,2023-12-18
2022-02-17,2548.0,87.97,2023-12-18
2022-02-18,2125.0,90.97,2023-12-18
2022-02-21,2024.0,91.16,2023-12-18
2022-02-22,5995.0,91.28,2023-12-18
2022-02-23,2756.0,96.55,2023-12-18
2022-02-24,4393.0,88.54,2023-12-18
2022-02-25,2591.0,89.64,2023-12-18
2022-02-28,1941.0,83.66,2023-12-18
2022-03-01,5234.0,70.19,2023-12-18
2022-03-02,10571.0,69.75,2023-12-18
2022-03-03,8250.0,68.68,2023-12-18
2022-03-04,3921.0,66.42,2023-12-18
2022-03-07,4849.0,59.61,2023-12-18
2022-03-08,4538.0,69.75,2023-12-18
2022-03-09,3925.0,74.45,2023-12-18
2022-03-10,3533.0,77.81,2023-12-18
2022-03-11,1750.0,78.07,2023-12-18
2022-03-14,1060.0,79.6,2023-12-18
2022-03-15,1646.0,78.74,2023-12-18
2022-03-16,1213.0,79.48,2023-12-18
2022-03-17,3808.0,81.23,2023-12-18
2022-03-18,1253.0,80.24,2023-12-18
2022-03-21,735.0,79.75,2023-12-18
2022-03-22,2225.0,82.09,2023-12-18
2022-03-23,1253.0,77.99,2023-12-18
2022-03-24,753.0,79.66,2023-12-18
2022-03-25,987.0,80.04,2023-12-18
2022-03-28,1633.0,82.35,2023-12-18
2022-03-29,987.0,83.33,2023-12-18
2022-03-30,2935.0,80.14,2023-12-18
2022-03-31,3112.0,78.24,2023-12-18
2022-04-01,1610.0,80.3,2023-12-18
2022-04-04,2246.0,80.31,2023-12-18
2022-04-05,6716.0,79.88,2023-12-18
2022-04-06,1313.0,79.01,2023-12-18
2022-04-07,4088.0,81.87,2023-12-18
2022-04-08,1043.0,82.04,2023-12-18
2022-04-11,2007.0,79.93,2023-12-18
2022-04-12,1638.0,80.99,2023-12-18
2022-04-13,1019.0,79.47,2023-12-18
2022-04-14,3758.0,82.1,2023-12-18
2022-04-19,1925.0,82.21,2023-12-18
2022-04-20,1922.0,89.95,2023-12-18
2022-04-21,1768.0,88.67,2023-12-18
2022-04-22,2430.0,91.33,2023-12-18
2022-04-25,2669.0,85.79,2023-12-18
2022-04-26,1688.0,85.04,2023-12-18
2022-04-27,6843.0,83.3,2023-12-18
2022-04-28,3026.0,84.96,2023-12-18
2022-04-29,2137.0,86.82,2023-12-18
2022-05-02,2923.0,85.55,2023-12-18
2022-05-03,3757.0,91.03,2023-12-18
2022-05-04,8352.0,91.16,2023-12-18
2022-05-05,6899.0,92.04,2023-12-18
2022-05-06,9776.0,94.5,2023-12-18
2022-05-09,12204.0,89.89,2023-12-18
2022-05-10,4911.0,90.2,2023-12-18
2022-05-11,5541.0,91.72,2023-12-18
2022-05-12,8322.0,91.15,2023-12-18
2022-05-13,2641.0,91.38,2023-12-18
2022-05-16,3569.0,92.47,2023-12-18
2022-05-17,6604.0,94.76,2023-12-18
2022-05-18,4359.0,87.8,2023-12-18
2022-05-19,7147.0,86.22,2023-12-18
2022-05-20,5203.0,83.32,2023-12-18
2022-05-23,2839.0,81.01,2023-12-18
2022-05-24,3256.0,84.27,2023-12-18
2022-05-25,3116.0,84.39,2023-12-18
2022-05-26,10249.0,87.67,2023-12-18
2022-05-27,3432.0,87.07,2023-12-18
2022-05-30,1334.0,86.87,2023-12-18
2022-05-31,2167.0,86.91,2023-12-18
2022-06-01,3433.0,88.92,2023-12-18
2022-06-02,2111.0,89.18,2023-12-18
2022-06-03,1114.0,89.72,2023-12-18
2022-06-06,2145.0,84.23,2023-12-18
2022-06-07,3205.0,84.08,2023-12-18
2022-06-08,4963.0,82.54,2023-12-18
2022-06-09,3149.0,83.8,2023-12-18
2022-06-10,2126.0,84.76,2023-12-18
2022-06-13,2690.0,84.49,2023-12-18
2022-06-14,2340.0,87.24,2023-12-18
2022-06-15,2366.0,89.42,2023-12-18
2022-06-16,1266.0,86.2,2023-12-18
2022-06-17,1286.0,85.57,2023-12-18
2022-06-20,2004.0,87.35,2023-12-18
2022-06-21,1935.0,88.13,2023-12-18
2022-06-22,2777.0,85.24,2023-12-18
2022-06-23,4295.0,87.32,2023-12-18
2022-06-24,3266.0,86.36,2023-12-18
2022-06-27,8676.0,87.82,2023-12-18
2022-06-28,5464.0,90.26,2023-12-18
2022-06-29,4098.0,91.23,2023-12-18
2022-06-30,2486.0,92.94,2023-12-18
2022-07-01,2606.0,88.12,2023-12-18
2022-07-04,1632.0,87.27,2023-12-18
2022-07-05,2137.0,85.81,2023-12-18
2022-07-06,3200.0,85.82,2023-12-18
2022-07-07,2577.0,87.81,2023-12-18
2022-07-08,3566.0,85.51,2023-12-18
2022-07-11,2444.0,87.11,2023-12-18
2022-07-12,3854.0,88.33,2023-12-18
2022-07-13,2796.0,86.55,2023-12-18
2022-07-14,2554.0,86.74,2023-12-18
2022-07-15,1967.0,88.11,2023-12-18
2022-07-18,1343.0,87.7,2023-12-18
2022-07-19,4376.0,86.49,2023-12-18
2022-07-20,3544.0,81.59,2023-12-18
2022-07-21,4354.0,80.88,2023-12-18
2022-07-22,5041.0,78.86,2023-12-18
2022-07-25,2770.0,78.81,2023-12-18
2022-07-26,2594.0,79.12,2023-12-18
2022-07-27,1971.0,78.55,2023-12-18
2022-07-28,4363.0,81.27,2023-12-18
2022-07-29,2728.0,80.78,2023-12-18
2022-08-01,1747.0,82.78,2023-12-18
2022-08-02,4895.0,84.22,2023-12-18
2022-08-03,2578.0,86.3,2023-12-18
2022-08-04,3933.0,86.56,2023-12-18
2022-08-05,2959.0,87.16,2023-12-18
2022-08-08,2417.0,86.22,2023-12-18
2022-08-09,2636.0,88.43,2023-12-18
2022-08-10,1637.0,88.4,2023-12-18
2022-08-11,4752.0,90.04,2023-12-18
2022-08-12,1552.0,91.38,2023-12-18
2022-08-15,1429.0,93.42,2023-12-18
2022-08-16,2839.0,94.71,2023-12-18
2022-08-17,3936.0,98.58,2023-12-18
2022-08-18,3153.0,98.83,2023-12-18
2022-08-19,2351.0,100.8,2023-12-18
2022-08-22,3150.0,94.94,2023-12-18
2022-08-23,1751.0,92.1,2023-12-18
2022-08-24,3369.0,92.22,2023-12-18
2022-08-25,2062.0,92.33,2023-12-18
2022-08-26,1814.0,93.47,2023-12-18
2022-08-29,1381.0,90.01,2023-12-18
2022-08-30,3177.0,83.85,2023-12-18
2022-08-31,2797.0,83.11,2023-12-18
2022-09-01,3935.0,83.89,2023-12-18
2022-09-02,1555.0,80.92,2023-12-18
2022-09-05,3481.0,77.51,2023-12-18
2022-09-06,7290.0,72.8,2023-12-18
2022-09-07,4587.0,71.91,2023-12-18
2022-09-08,4911.0,69.87,2023-12-18
2022-09-09,3105.0,68.7,2023-12-18
2022-09-12,3391.0,74.48,2023-12-18
2022-09-13,1959.0,72.41,2023-12-18
2022-09-14,1224.0,75.31,2023-12-18
2022-09-15,1206.0,74.65,2023-12-18
2022-09-16,4246.0,76.16,2023-12-18
2022-09-19,2021.0,74.06,2023-12-18
2022-09-20,2595.0,74.11,2023-12-18
2022-09-21,1127.0,72.76,2023-12-18
2022-09-22,1615.0,73.44,2023-12-18
2022-09-23,1893.0,68.73,2023-12-18
2022-09-26,1744.0,73.32,2023-12-18
2022-09-27,1939.0,70.95,2023-12-18
2022-09-28,3046.0,68.06,2023-12-18
2022-09-29,5068.0,68.67,2023-12-18
2022-09-30,1724.0,69.64,2023-12-18
2022-10-03,3275.0,68.78,2023-12-18
2022-10-04,6308.0,69.62,2023-12-18
2022-10-05,1839.0,69.74,2023-12-18
2022-10-06,2296.0,71.62,2023-12-18
2022-10-07,3412.0,72.62,2023-12-18
2022-10-10,2926.0,69.46,2023-12-18
2022-10-11,6155.0,69.02,2023-12-18
2022-10-12,4446.0,69.31,2023-12-18
2022-10-13,8535.0,71.42,2023-12-18
2022-10-14,3492.0,70.62,2023-12-18
2022-10-17,3157.0,70.12,2023-12-18
2022-10-18,8203.0,70.45,2023-12-18
2022-10-19,3051.0,70.08,2023-12-18
2022-10-20,3655.0,69.72,2023-12-18
2022-10-21,867.0,71.59,2023-12-18
2022-10-24,2647.0,75.19,2023-12-18
2022-10-25,4409.0,79.96,2023-12-18
2022-10-26,2462.0,78.64,2023-12-18
2022-10-27,2218.0,83.13,2023-12-18
