Date,Front,Next
2013-01-02,499983.0,193434.0
2013-01-03,499835.0,194099.0
2013-01-04,500285.0,194206.0
2013-01-07,500932.0,194987.0
2013-01-08,499116.0,196732.0
2013-01-09,499382.0,197291.0
2013-01-10,503459.0,197686.0
2013-01-11,502296.0,198388.0
2013-01-14,499687.0,199508.0
2013-01-15,499193.0,200114.0
2013-01-16,498670.0,201091.0
2013-01-17,493607.0,199157.0
2013-01-18,491153.0,201155.0
2013-01-21,493667.0,201692.0
2013-01-22,494081.0,202974.0
2013-01-23,496949.0,203900.0
2013-01-24,500729.0,204653.0
2013-01-25,507810.0,205218.0
2013-01-28,510792.0,205176.0
2013-01-29,517221.0,206486.0
2013-01-30,515832.0,207775.0
2013-01-31,518827.0,209463.0
2013-02-01,521740.0,210473.0
2013-02-04,522425.0,210915.0
2013-02-05,523322.0,212375.0
2013-02-06,528304.0,212850.0
2013-02-07,526246.0,213158.0
2013-02-08,524441.0,213146.0
2013-02-11,524907.0,213441.0
2013-02-12,527854.0,213419.0
2013-02-13,526226.0,214958.0
2013-02-14,527028.0,215393.0
2013-02-15,524711.0,216163.0
2013-02-18,526169.0,216119.0
2013-02-19,526169.0,216119.0
2013-02-20,529274.0,219200.0
2013-02-21,531319.0,218997.0
2013-02-22,532107.0,219442.0
2013-02-25,536412.0,221368.0
2013-02-26,538775.0,222769.0
2013-02-27,539618.0,223224.0
2013-02-28,538841.0,223783.0
2013-03-01,540123.0,229915.0
2013-03-04,539920.0,229867.0
2013-03-05,541373.0,231710.0
2013-03-06,545839.0,232372.0
2013-03-07,546420.0,233184.0
2013-03-08,547831.0,233313.0
2013-03-11,552083.0,233079.0
2013-03-12,553212.0,234055.0
2013-03-13,551616.0,234958.0
2013-03-14,549933.0,235837.0
2013-03-15,562457.0,239901.0
2013-03-18,566294.0,240580.0
2013-03-19,566824.0,241667.0
2013-03-20,566967.0,239335.0
2013-03-21,567049.0,240303.0
2013-03-22,570057.0,241594.0
2013-03-25,572267.0,243329.0
2013-03-26,575371.0,244492.0
2013-03-27,574644.0,245675.0
2013-03-28,577363.0,246316.0
2013-04-02,578293.0,246580.0
2013-04-03,578772.0,246765.0
2013-04-04,580694.0,247347.0
2013-04-05,581701.0,247538.0
2013-04-08,582252.0,247447.0
2013-04-09,579398.0,248860.0
2013-04-10,580392.0,248323.0
2013-04-11,581707.0,248899.0
2013-04-12,582165.0,250523.0
2013-04-15,582759.0,251228.0
2013-04-16,611166.0,253257.0
2013-04-17,613230.0,256644.0
2013-04-18,612180.0,257021.0
2013-04-19,615587.0,257687.0
2013-04-22,617652.0,258350.0
2013-04-23,614450.0,261836.0
2013-04-24,613089.0,264268.0
2013-04-25,612809.0,268558.0
2013-04-26,612172.0,269057.0
2013-04-29,613680.0,269939.0
2013-04-30,614017.0,270322.0
2013-05-01,616617.0,270552.0
2013-05-02,615433.0,270094.0
2013-05-03,615304.0,270483.0
2013-05-06,614949.0,270638.0
2013-05-07,614529.0,271304.0
2013-05-08,612906.0,272709.0
2013-05-09,614919.0,272969.0
2013-05-10,614221.0,273385.0
2013-05-13,611832.0,274971.0
2013-05-14,611700.0,275386.0
2013-05-15,612245.0,275802.0
2013-05-16,611523.0,276784.0
2013-05-17,611452.0,277238.0
2013-05-20,611743.0,277867.0
2013-05-21,612300.0,278311.0
2013-05-22,616933.0,280128.0
2013-05-23,616950.0,281837.0
2013-05-24,619733.0,283388.0
2013-05-27,620626.0,283469.0
2013-05-28,622120.0,283700.0
2013-05-29,620031.0,284129.0
2013-05-30,618963.0,285624.0
2013-05-31,619678.0,288033.0
2013-06-03,618980.0,288148.0
2013-06-04,620448.0,288926.0
2013-06-05,620989.0,290392.0
2013-06-06,622144.0,293628.0
2013-06-07,621224.0,295834.0
2013-06-10,618405.0,298092.0
2013-06-11,617763.0,298645.0
2013-06-12,616851.0,301016.0
2013-06-13,615149.0,304185.0
2013-06-14,610176.0,313853.0
2013-06-17,606777.0,315918.0
2013-06-18,595276.0,315753.0
2013-06-19,585261.0,316653.0
2013-06-20,578705.0,317974.0
2013-06-21,580177.0,317947.0
2013-06-24,585926.0,320021.0
2013-06-25,576553.0,321500.0
2013-06-26,575190.0,321798.0
2013-06-27,575560.0,324113.0
2013-06-28,575276.0,324370.0
2013-07-01,574094.0,324883.0
2013-07-02,574349.0,325572.0
2013-07-03,561930.0,325215.0
2013-07-04,563114.0,324916.0
2013-07-05,563480.0,325436.0
2013-07-08,563902.0,325789.0
2013-07-09,565597.0,325804.0
2013-07-10,566368.0,325584.0
2013-07-11,565539.0,325606.0
2013-07-12,566294.0,325818.0
2013-07-15,567499.0,326376.0
2013-07-16,569618.0,331784.0
2013-07-17,570172.0,332206.0
2013-07-18,569852.0,332593.0
2013-07-19,570769.0,332884.0
2013-07-22,570047.0,332935.0
2013-07-23,569266.0,333476.0
2013-07-24,581824.0,334927.0
2013-07-25,582373.0,335733.0
2013-07-26,581150.0,337315.0
2013-07-29,583776.0,337899.0
2013-07-30,584631.0,338879.0
2013-07-31,584091.0,340182.0
2013-08-01,584012.0,340943.0
2013-08-02,583318.0,341307.0
2013-08-05,583701.0,341565.0
2013-08-06,584204.0,342346.0
2013-08-07,588081.0,342811.0
2013-08-08,591322.0,343368.0
2013-08-09,591326.0,344894.0
2013-08-12,587719.0,347513.0
2013-08-13,583660.0,350961.0
2013-08-14,583929.0,350784.0
2013-08-15,578969.0,352479.0
2013-08-16,577960.0,353759.0
2013-08-19,576673.0,354495.0
2013-08-20,576800.0,355265.0
2013-08-21,578788.0,356342.0
2013-08-22,580094.0,357523.0
2013-08-23,580072.0,357959.0
2013-08-26,579682.0,358596.0
2013-08-27,578741.0,360284.0
2013-08-28,577800.0,362717.0
2013-08-29,576606.0,362773.0
2013-08-30,577086.0,363842.0
2013-09-02,575540.0,364957.0
2013-09-03,574488.0,366548.0
2013-09-04,574245.0,368902.0
2013-09-05,576117.0,371007.0
2013-09-06,570540.0,370423.0
2013-09-09,569492.0,373618.0
2013-09-10,569029.0,374296.0
2013-09-11,568952.0,374631.0
2013-09-12,564244.0,372536.0
2013-09-13,562634.0,376443.0
2013-09-16,563976.0,378308.0
2013-09-17,561948.0,379436.0
2013-09-18,561127.0,380783.0
2013-09-19,561617.0,382345.0
2013-09-20,561775.0,382733.0
2013-09-23,561312.0,383869.0
2013-09-24,562147.0,384872.0
2013-09-25,558698.0,385868.0
2013-09-26,559567.0,386715.0
2013-09-27,566075.0,387088.0
2013-09-30,556655.0,388983.0
2013-10-01,556060.0,390981.0
2013-10-02,553226.0,393054.0
2013-10-03,550172.0,394800.0
2013-10-04,548078.0,395886.0
2013-10-07,552603.0,398050.0
2013-10-08,554529.0,399323.0
2013-10-09,555198.0,400553.0
2013-10-10,555901.0,401192.0
2013-10-11,555734.0,402419.0
2013-10-14,555687.0,403825.0
2013-10-15,555530.0,407090.0
2013-10-16,547879.0,406846.0
2013-10-17,546568.0,404979.0
2013-10-18,548115.0,405832.0
2013-10-21,553584.0,407759.0
2013-10-22,552846.0,410386.0
2013-10-23,551756.0,410748.0
2013-10-24,546882.0,407473.0
2013-10-25,535911.0,404160.0
2013-10-28,536402.0,405131.0
2013-10-29,531979.0,404246.0
2013-10-30,531172.0,404082.0
2013-10-31,532331.0,405165.0
2013-11-01,531457.0,404665.0
2013-11-04,533094.0,406313.0
2013-11-05,532749.0,408542.0
2013-11-06,533805.0,410097.0
2013-11-07,532431.0,411362.0
2013-11-08,532730.0,413165.0
2013-11-11,531619.0,415632.0
2013-11-12,530570.0,417935.0
2013-11-13,528724.0,417297.0
2013-11-14,533305.0,418350.0
2013-11-15,532430.0,420065.0
2013-11-18,532264.0,421206.0
2013-11-19,526464.0,424923.0
2013-11-20,528243.0,425554.0
2013-11-21,533302.0,427178.0
2013-11-22,536683.0,427617.0
2013-11-25,540670.0,430500.0
2013-11-26,546708.0,432972.0
2013-11-27,540147.0,447609.0
2013-11-28,548564.0,452014.0
2013-11-29,558562.0,453537.0
2013-12-02,561934.0,461246.0
2013-12-03,561015.0,463266.0
2013-12-04,562461.0,465302.0
2013-12-05,562044.0,473801.0
2013-12-06,563240.0,485100.0
2013-12-09,549884.0,488971.0
2013-12-10,548892.0,500654.0
2013-12-11,534100.0,505033.0
2013-12-12,532102.0,509601.0
2013-12-13,532317.0,515272.0
2013-12-16,529590.0,525373.0
2013-12-17,526965.0,278543.0
2013-12-18,523981.0,278858.0
2013-12-19,527795.0,278592.0
2013-12-20,521549.0,278796.0
2013-12-23,521751.0,278650.0
2013-12-24,522518.0,279094.0
2013-12-27,522493.0,279324.0
2013-12-30,522615.0,279381.0
2013-12-31,522778.0,279381.0
2014-01-02,522546.0,279340.0
2014-01-03,523264.0,281629.0
2014-01-06,523425.0,281790.0
2014-01-07,522264.0,283559.0
2014-01-08,510423.0,286764.0
2014-01-09,512138.0,286652.0
2014-01-10,513714.0,287561.0
2014-01-13,517706.0,286195.0
2014-01-14,525904.0,286287.0
2014-01-15,527823.0,286345.0
2014-01-16,532240.0,285597.0
2014-01-17,529944.0,287258.0
2014-01-20,528633.0,290850.0
2014-01-21,527904.0,292520.0
2014-01-22,526415.0,295820.0
2014-01-23,525806.0,297357.0
2014-01-24,527002.0,298303.0
2014-01-27,527178.0,297317.0
2014-01-28,527070.0,297942.0
2014-01-29,533390.0,296114.0
2014-01-30,537669.0,295899.0
2014-01-31,534667.0,298864.0
2014-02-03,538405.0,299492.0
2014-02-04,534170.0,300476.0
2014-02-05,540917.0,301365.0
2014-02-06,540017.0,302639.0
2014-02-07,539101.0,304406.0
2014-02-10,539917.0,305451.0
2014-02-11,539632.0,306151.0
2014-02-12,539213.0,306436.0
2014-02-13,522009.0,318763.0
2014-02-14,518850.0,320953.0
2014-02-17,521063.0,323513.0
2014-02-18,522888.0,324066.0
2014-02-19,521205.0,328100.0
2014-02-20,522647.0,329273.0
2014-02-21,523402.0,330275.0
2014-02-24,524806.0,331337.0
2014-02-25,525271.0,334779.0
2014-02-26,525244.0,340795.0
2014-02-27,526776.0,345845.0
2014-02-28,528737.0,347257.0
2014-03-03,530484.0,349169.0
2014-03-04,531010.0,351962.0
2014-03-05,530944.0,352621.0
2014-03-06,532354.0,353111.0
2014-03-07,532354.0,353111.0
2014-03-10,534682.0,354519.0
2014-03-11,535826.0,356808.0
2014-03-12,538463.0,358243.0
2014-03-13,547391.0,359444.0
2014-03-14,549439.0,360364.0
2014-03-17,552062.0,363989.0
2014-03-18,553687.0,364928.0
2014-03-19,555324.0,367520.0
2014-03-20,556619.0,368300.0
2014-03-21,556820.0,370179.0
2014-03-24,558996.0,370968.0
2014-03-25,562448.0,373309.0
2014-03-26,568464.0,371157.0
2014-03-27,571272.0,370938.0
2014-03-28,576927.0,372647.0
2014-03-31,577370.0,371535.0
2014-04-01,577420.0,372357.0
2014-04-02,577274.0,373461.0
2014-04-03,579685.0,374143.0
2014-04-04,579390.0,374242.0
2014-04-07,575659.0,373502.0
2014-04-08,577096.0,372001.0
2014-04-09,579416.0,372086.0
2014-04-10,579416.0,372086.0
2014-04-11,582159.0,370523.0
2014-04-14,580136.0,370732.0
2014-04-15,580413.0,370665.0
2014-04-16,580051.0,370869.0
2014-04-17,579904.0,372476.0
2014-04-22,578151.0,372496.0
2014-04-23,576861.0,372979.0
2014-04-24,577954.0,373073.0
2014-04-25,579780.0,373814.0
2014-04-28,585932.0,374921.0
2014-04-29,584155.0,375126.0
2014-04-30,584448.0,375452.0
2014-05-01,583849.0,375611.0
2014-05-02,581994.0,376262.0
2014-05-05,582140.0,376502.0
2014-05-06,583198.0,376992.0
2014-05-07,583744.0,377469.0
2014-05-08,582110.0,377659.0
2014-05-09,581880.0,376997.0
2014-05-12,581562.0,377084.0
2014-05-13,581441.0,377152.0
2014-05-14,576574.0,377703.0
2014-05-15,573870.0,377776.0
2014-05-16,572718.0,376812.0
2014-05-19,584482.0,377625.0
2014-05-20,584956.0,380099.0
2014-05-21,581835.0,381839.0
2014-05-22,580522.0,385187.0
2014-05-23,583108.0,387806.0
2014-05-26,580213.0,386947.0
2014-05-27,579864.0,387615.0
2014-05-28,580977.0,389974.0
2014-05-29,584290.0,390453.0
2014-05-30,587488.0,390791.0
2014-06-02,589258.0,389341.0
2014-06-03,590835.0,388844.0
2014-06-04,590533.0,390533.0
2014-06-05,590312.0,388397.0
2014-06-06,589230.0,389219.0
2014-06-09,588514.0,389637.0
2014-06-10,587649.0,389796.0
2014-06-11,588759.0,390641.0
2014-06-12,589045.0,391144.0
2014-06-13,584482.0,391957.0
2014-06-16,583452.0,392268.0
2014-06-17,583594.0,393215.0
2014-06-18,583175.0,394497.0
2014-06-19,582016.0,396168.0
2014-06-20,581140.0,395395.0
2014-06-23,580432.0,396956.0
2014-06-24,578498.0,396725.0
2014-06-25,579095.0,396931.0
2014-06-26,576735.0,396814.0
2014-06-27,575628.0,398478.0
2014-06-30,573248.0,397818.0
2014-07-01,571755.0,394398.0
2014-07-02,570907.0,394164.0
2014-07-03,569007.0,395368.0
2014-07-04,568826.0,396119.0
2014-07-07,569808.0,397351.0
2014-07-08,569657.0,397814.0
2014-07-09,570374.0,398343.0
2014-07-10,570608.0,398366.0
2014-07-11,571109.0,398739.0
2014-07-14,571104.0,399358.0
2014-07-15,571440.0,400117.0
2014-07-16,565810.0,401163.0
2014-07-17,565510.0,408999.0
2014-07-18,559428.0,407581.0
2014-07-21,552882.0,411681.0
2014-07-22,549167.0,414572.0
2014-07-23,549282.0,415899.0
2014-07-24,543043.0,416644.0
2014-07-25,540749.0,419122.0
2014-07-28,539715.0,420556.0
2014-07-29,538907.0,422535.0
2014-07-30,538605.0,425128.0
2014-07-31,533822.0,425856.0
2014-08-01,532144.0,426444.0
2014-08-04,531940.0,426733.0
2014-08-05,533429.0,427172.0
2014-08-06,531495.0,427891.0
2014-08-07,529190.0,430276.0
2014-08-08,527153.0,429946.0
2014-08-11,524774.0,432150.0
2014-08-12,518062.0,432758.0
2014-08-13,516843.0,433474.0
2014-08-14,516997.0,433797.0
2014-08-15,517245.0,434413.0
2014-08-18,515337.0,436142.0
2014-08-19,510550.0,437425.0
2014-08-20,505471.0,440060.0
2014-08-21,504977.0,439861.0
2014-08-22,504970.0,440344.0
2014-08-25,504835.0,439834.0
2014-08-26,504884.0,440143.0
2014-08-27,504294.0,441798.0
2014-08-28,502751.0,443291.0
2014-08-29,501585.0,443579.0
2014-09-01,501487.0,444794.0
2014-09-02,500501.0,445862.0
2014-09-03,498594.0,447264.0
2014-09-04,493370.0,448555.0
2014-09-05,491783.0,450012.0
2014-09-08,473983.0,446334.0
2014-09-09,470831.0,447428.0
2014-09-10,470209.0,449352.0
2014-09-11,469192.0,449589.0
2014-09-12,468189.0,450209.0
2014-09-15,469367.0,451958.0
2014-09-16,466948.0,454099.0
2014-09-17,466071.0,455198.0
2014-09-18,464553.0,457919.0
2014-09-19,465249.0,458730.0
2014-09-22,463591.0,458553.0
2014-09-23,466635.0,459548.0
2014-09-24,466737.0,459866.0
2014-09-25,465941.0,459886.0
2014-09-26,462289.0,459913.0
2014-09-29,466507.0,460342.0
2014-09-30,467229.0,461499.0
2014-10-01,461501.0,462750.0
2014-10-02,461294.0,463012.0
2014-10-03,461737.0,464430.0
2014-10-06,463933.0,464433.0
2014-10-07,462695.0,464804.0
2014-10-08,465259.0,468517.0
2014-10-09,465107.0,470410.0
2014-10-10,466112.0,471752.0
2014-10-13,466809.0,472570.0
2014-10-14,465246.0,475530.0
2014-10-15,466197.0,477140.0
2014-10-16,464004.0,478507.0
2014-10-17,464669.0,480054.0
2014-10-20,464551.0,480660.0
2014-10-21,465501.0,485002.0
2014-10-22,463392.0,488105.0
2014-10-23,462583.0,490869.0
2014-10-24,463529.0,492470.0
2014-10-27,463350.0,493952.0
2014-10-28,463350.0,493952.0
2014-10-29,462766.0,500275.0
2014-10-30,463181.0,501718.0
2014-10-31,461900.0,502741.0
2014-11-03,459715.0,505669.0
2014-11-04,460655.0,507217.0
2014-11-05,460529.0,509802.0
2014-11-06,459040.0,511679.0
2014-11-07,461250.0,514462.0
2014-11-10,459315.0,513308.0
2014-11-11,460993.0,515886.0
2014-11-12,463999.0,516265.0
2014-11-13,459519.0,513287.0
2014-11-14,458167.0,515460.0
2014-11-17,457123.0,517744.0
2014-11-18,450040.0,528813.0
2014-11-19,447449.0,530647.0
2014-11-20,447799.0,531509.0
2014-11-21,446727.0,533573.0
2014-11-24,445911.0,537745.0
2014-11-25,429639.0,537945.0
2014-11-26,425172.0,540714.0
2014-11-27,423356.0,542998.0
2014-11-28,423844.0,543834.0
2014-12-01,426811.0,546824.0
2014-12-02,423731.0,545917.0
2014-12-03,428342.0,543799.0
2014-12-04,432000.0,544814.0
2014-12-05,429080.0,545956.0
2014-12-08,427656.0,547945.0
2014-12-09,428359.0,551024.0
2014-12-10,411151.0,565239.0
2014-12-11,407512.0,568855.0
2014-12-12,409010.0,573809.0
2014-12-15,574653.0,266479.0
2014-12-16,574792.0,269977.0
2014-12-17,574279.0,270277.0
2014-12-18,574594.0,270781.0
2014-12-19,576114.0,270831.0
2014-12-22,576508.0,270831.0
2014-12-23,576202.0,270918.0
2014-12-24,576070.0,270937.0
2014-12-29,575474.0,270949.0
2014-12-30,575293.0,271004.0
2014-12-31,575264.0,271084.0
2015-01-02,574777.0,271469.0
2015-01-05,575258.0,271564.0
2015-01-06,578082.0,272215.0
2015-01-07,579754.0,272468.0
2015-01-08,579746.0,273085.0
2015-01-09,575552.0,272564.0
2015-01-12,572615.0,272085.0
2015-01-13,575321.0,275553.0
2015-01-14,574177.0,275971.0
2015-01-15,576910.0,276579.0
2015-01-16,579024.0,276520.0
2015-01-19,579586.0,276840.0
2015-01-20,580773.0,277816.0
2015-01-21,579312.0,283249.0
2015-01-22,571259.0,290517.0
2015-01-23,571165.0,291137.0
2015-01-26,571686.0,292758.0
2015-01-27,571030.0,293592.0
2015-01-28,571838.0,294688.0
2015-01-29,573177.0,295086.0
2015-01-30,576215.0,295679.0
2015-02-02,579385.0,295521.0
2015-02-03,580060.0,295857.0
2015-02-04,580038.0,296018.0
2015-02-05,583463.0,296273.0
2015-02-06,581898.0,297399.0
2015-02-09,581795.0,297907.0
2015-02-10,580806.0,300398.0
2015-02-11,578219.0,299787.0
2015-02-12,579225.0,300408.0
2015-02-13,579455.0,302028.0
2015-02-16,579142.0,303135.0
2015-02-17,577189.0,305638.0
2015-02-18,575704.0,302372.0
2015-02-19,575419.0,303156.0
2015-02-20,576984.0,303683.0
2015-02-23,576394.0,304570.0
2015-02-24,579919.0,305354.0
2015-02-25,581440.0,306072.0
2015-02-26,580836.0,310188.0
2015-02-27,576525.0,310294.0
2015-03-02,575617.0,310426.0
2015-03-03,571362.0,311229.0
2015-03-04,569581.0,312041.0
2015-03-05,569545.0,313009.0
2015-03-06,565711.0,311238.0
2015-03-09,565526.0,311439.0
2015-03-10,567651.0,312087.0
2015-03-11,566178.0,312701.0
2015-03-12,565902.0,313543.0
2015-03-13,565740.0,314852.0
2015-03-16,565385.0,316094.0
2015-03-17,566468.0,315234.0
2015-03-18,564931.0,316304.0
2015-03-19,565378.0,318907.0
2015-03-20,568653.0,319915.0
2015-03-23,567278.0,320444.0
2015-03-24,564299.0,321581.0
2015-03-25,572841.0,321614.0
2015-03-26,584589.0,322191.0
2015-03-27,589772.0,324472.0
2015-03-30,589979.0,324972.0
2015-03-31,593012.0,324965.0
2015-04-01,599186.0,325877.0
2015-04-02,598810.0,326853.0
2015-04-07,597963.0,327839.0
2015-04-08,598030.0,328259.0
2015-04-09,597591.0,329156.0
2015-04-10,591496.0,329844.0
2015-04-13,590270.0,330228.0
2015-04-14,590115.0,331641.0
2015-04-15,589722.0,332200.0
2015-04-16,589076.0,332896.0
2015-04-17,587710.0,334526.0
2015-04-20,587763.0,334868.0
2015-04-21,587644.0,335539.0
2015-04-22,586527.0,335740.0
2015-04-23,587125.0,335606.0
2015-04-24,588640.0,335815.0
2015-04-27,588507.0,336494.0
2015-04-28,589670.0,336448.0
2015-04-29,589525.0,337259.0
2015-04-30,586853.0,338077.0
2015-05-01,586311.0,337905.0
2015-05-04,585949.0,338179.0
2015-05-05,586637.0,338520.0
2015-05-06,585427.0,339146.0
2015-05-07,585569.0,339801.0
2015-05-08,586287.0,340454.0
2015-05-11,586513.0,340413.0
2015-05-12,586893.0,340514.0
2015-05-13,586980.0,341595.0
2015-05-14,587459.0,341901.0
2015-05-15,587833.0,342454.0
2015-05-18,587406.0,341993.0
2015-05-19,584620.0,342192.0
2015-05-20,586410.0,341683.0
2015-05-21,586262.0,342267.0
2015-05-22,585960.0,342741.0
2015-05-25,586096.0,342842.0
2015-05-26,589034.0,343103.0
2015-05-27,589605.0,343231.0
2015-05-28,591440.0,343197.0
2015-05-29,593027.0,344313.0
2015-06-01,592760.0,344939.0
2015-06-02,590905.0,345241.0
2015-06-03,590128.0,344242.0
2015-06-04,588553.0,344312.0
2015-06-05,588895.0,344493.0
2015-06-08,587596.0,344565.0
2015-06-09,588152.0,344924.0
2015-06-10,587510.0,345537.0
2015-06-11,587896.0,345512.0
2015-06-12,586172.0,346029.0
2015-06-15,583980.0,345468.0
2015-06-16,585411.0,344460.0
2015-06-17,585124.0,344869.0
2015-06-18,584460.0,345264.0
2015-06-19,586851.0,346648.0
2015-06-22,585377.0,347324.0
2015-06-23,586213.0,348237.0
2015-06-24,586877.0,349443.0
2015-06-25,587030.0,350337.0
2015-06-26,585189.0,350898.0
2015-06-29,585249.0,353019.0
2015-06-30,584612.0,353496.0
2015-07-01,585380.0,353405.0
2015-07-02,586996.0,353484.0
2015-07-03,587128.0,354336.0
2015-07-06,587162.0,355149.0
2015-07-07,589102.0,355681.0
2015-07-08,591698.0,355855.0
2015-07-09,591555.0,355422.0
2015-07-10,592122.0,355343.0
2015-07-13,591212.0,356312.0
2015-07-14,591622.0,357503.0
2015-07-15,590319.0,358413.0
2015-07-16,589877.0,358563.0
2015-07-17,589804.0,359297.0
2015-07-20,587733.0,361650.0
2015-07-21,587026.0,363460.0
2015-07-22,581819.0,364579.0
2015-07-23,578377.0,366051.0
2015-07-24,576085.0,368920.0
2015-07-27,575534.0,369386.0
2015-07-28,579392.0,373705.0
2015-07-29,580219.0,375075.0
2015-07-30,580511.0,375144.0
2015-07-31,582650.0,376671.0
2015-08-03,582795.0,376856.0
2015-08-04,581949.0,377467.0
2015-08-05,582164.0,377502.0
2015-08-06,581590.0,377657.0
2015-08-07,579871.0,377824.0
2015-08-10,578837.0,378049.0
2015-08-11,577284.0,378713.0
2015-08-12,576504.0,379107.0
2015-08-13,574712.0,380429.0
2015-08-14,574106.0,380529.0
2015-08-17,574278.0,380717.0
2015-08-18,575200.0,380132.0
2015-08-19,573856.0,381692.0
2015-08-20,574344.0,381890.0
2015-08-21,573712.0,382580.0
2015-08-24,572331.0,384705.0
2015-08-25,572265.0,385878.0
2015-08-26,570883.0,386936.0
2015-08-27,567797.0,389480.0
2015-08-28,567391.0,390986.0
2015-08-31,566128.0,391956.0
2015-09-01,557723.0,392433.0
2015-09-02,558679.0,395433.0
2015-09-03,560029.0,396041.0
2015-09-04,560698.0,396179.0
2015-09-07,561111.0,397109.0
2015-09-08,561489.0,397589.0
2015-09-09,562010.0,399523.0
2015-09-10,558543.0,400364.0
2015-09-11,558789.0,402092.0
2015-09-14,559898.0,402777.0
2015-09-15,563670.0,403916.0
2015-09-16,564017.0,404281.0
2015-09-17,563572.0,404364.0
2015-09-18,563725.0,404972.0
2015-09-21,562977.0,405622.0
2015-09-22,563186.0,406756.0
2015-09-23,564609.0,408103.0
2015-09-24,558238.0,408507.0
2015-09-25,554981.0,410323.0
2015-09-28,553502.0,410971.0
2015-09-29,551002.0,410688.0
2015-09-30,550325.0,410588.0
2015-10-01,550194.0,411135.0
2015-10-02,550995.0,411867.0
2015-10-05,553020.0,412096.0
2015-10-06,554394.0,411942.0
2015-10-07,554354.0,412502.0
2015-10-08,554421.0,412990.0
2015-10-09,557030.0,413478.0
2015-10-12,559466.0,413662.0
2015-10-13,560603.0,414166.0
2015-10-14,562076.0,415911.0
2015-10-15,561749.0,417918.0
2015-10-16,562845.0,419061.0
2015-10-19,563712.0,419987.0
2015-10-20,556007.0,420007.0
2015-10-21,553953.0,419863.0
2015-10-22,549912.0,423046.0
2015-10-23,547047.0,424151.0
2015-10-26,547755.0,424931.0
2015-10-27,546887.0,424478.0
2015-10-28,548098.0,425488.0
2015-10-29,549812.0,425528.0
2015-10-30,549902.0,426673.0
2015-11-02,548692.0,427929.0
2015-11-03,548043.0,427935.0
2015-11-04,552263.0,426186.0
2015-11-05,551715.0,426199.0
2015-11-06,552327.0,426328.0
2015-11-10,547307.0,428570.0
2015-11-11,548723.0,429212.0
2015-11-12,546724.0,429905.0
2015-11-13,545076.0,430971.0
2015-11-16,544104.0,431367.0
2015-11-17,540295.0,433232.0
2015-11-18,538572.0,434195.0
2015-11-19,537465.0,435973.0
2015-11-20,536941.0,437280.0
2015-11-23,532454.0,440792.0
2015-11-24,527433.0,444297.0
2015-11-25,524715.0,447080.0
2015-11-26,521881.0,453778.0
2015-11-27,521322.0,454885.0
2015-11-30,512878.0,459870.0
2015-12-02,501438.0,468935.0
2015-12-03,493517.0,475398.0
2015-12-04,475372.0,490904.0
2015-12-07,460842.0,504630.0
2015-12-08,457894.0,514917.0
2015-12-09,446672.0,522531.0
2015-12-10,432750.0,536505.0
2015-12-11,437200.0,544549.0
2015-12-14,446195.0,556168.0
2015-12-15,556811.0,231953.0
2015-12-16,557724.0,232253.0
2015-12-17,561396.0,232216.0
2015-12-18,560980.0,231815.0
2015-12-21,559969.0,232389.0
2015-12-22,558196.0,232488.0
2015-12-23,557274.0,232827.0
2015-12-24,558157.0,232827.0
2015-12-28,556222.0,232377.0
2015-12-29,555574.0,232653.0
2015-12-30,555037.0,232845.0
2015-12-31,554695.0,232809.0
2016-01-04,555828.0,232869.0
2016-01-05,556017.0,231790.0
2016-01-06,556753.0,231605.0
2016-01-07,558998.0,232106.0
2016-01-08,557138.0,232209.0
2016-01-11,559573.0,232652.0
2016-01-12,559746.0,232909.0
2016-01-13,563820.0,232453.0
2016-01-14,561655.0,232412.0
2016-01-15,565166.0,232962.0
2016-01-18,562585.0,232809.0
2016-01-19,561241.0,233725.0
2016-01-20,562714.0,235586.0
2016-01-21,562169.0,236440.0
2016-01-22,560789.0,237440.0
2016-01-25,554727.0,237898.0
2016-01-26,556431.0,237844.0
2016-01-27,556431.0,237844.0
2016-01-28,553051.0,237663.0
2016-01-29,553909.0,242883.0
2016-02-01,551646.0,243215.0
2016-02-02,552749.0,243620.0
2016-02-03,551220.0,243862.0
2016-02-04,550324.0,244051.0
2016-02-05,549104.0,244317.0
2016-02-08,548049.0,245029.0
2016-02-09,550702.0,244592.0
2016-02-10,550976.0,248107.0
2016-02-11,547940.0,249054.0
2016-02-12,545660.0,249094.0
2016-02-15,547347.0,249272.0
2016-02-16,547503.0,250134.0
2016-02-17,546276.0,251038.0
2016-02-18,544776.0,250375.0
2016-02-19,546285.0,249580.0
2016-02-22,544684.0,249187.0
2016-02-23,548526.0,249176.0
2016-02-24,547237.0,249283.0
2016-02-25,547502.0,249687.0
2016-02-26,547772.0,252178.0
2016-02-29,548635.0,252179.0
2016-03-01,550104.0,252146.0
2016-03-02,550870.0,252225.0
2016-03-03,550621.0,252146.0
2016-03-04,550664.0,252193.0
2016-03-07,549867.0,252171.0
2016-03-08,550853.0,252188.0
2016-03-09,549346.0,252732.0
2016-03-10,553581.0,252029.0
2016-03-11,554082.0,251943.0
2016-03-14,554735.0,251979.0
2016-03-15,557060.0,251984.0
2016-03-16,558119.0,252129.0
2016-03-17,556459.0,252175.0
2016-03-18,556683.0,252204.0
2016-03-21,557380.0,252393.0
2016-03-22,557240.0,252242.0
2016-03-23,559824.0,252326.0
2016-03-24,558854.0,252574.0
2016-03-29,559596.0,253121.0
2016-03-30,558954.0,253848.0
2016-03-31,558047.0,251133.0
2016-04-01,556789.0,251398.0
2016-04-04,555614.0,251881.0
2016-04-05,552925.0,252636.0
2016-04-06,551085.0,252644.0
2016-04-07,549903.0,252976.0
2016-04-08,551448.0,253257.0
2016-04-11,547194.0,253276.0
2016-04-12,547562.0,253442.0
2016-04-13,548068.0,253383.0
2016-04-14,545612.0,253672.0
2016-04-15,543966.0,253650.0
2016-04-18,544494.0,253994.0
2016-04-19,543011.0,256753.0
2016-04-20,540848.0,259026.0
2016-04-21,541885.0,259311.0
2016-04-22,541665.0,259683.0
2016-04-25,539820.0,260388.0
2016-04-26,538845.0,262559.0
2016-04-27,537302.0,263048.0
2016-04-28,537189.0,264153.0
2016-04-29,500000.0,300000.0
2016-05-02,515453.0,264514.0
2016-05-03,517907.0,264592.0
2016-05-04,517424.0,265794.0
2016-05-05,515808.0,265804.0
2016-05-06,514669.0,267095.0
2016-05-09,515100.0,267690.0
2016-05-10,515409.0,267756.0
2016-05-11,514002.0,270554.0
2016-05-12,513157.0,270403.0
2016-05-13,514520.0,270458.0
2016-05-16,515269.0,270880.0
2016-05-17,516673.0,271066.0
2016-05-18,515805.0,272573.0
2016-05-19,516464.0,275464.0
2016-05-20,518134.0,276053.0
2016-05-23,517894.0,276766.0
2016-05-24,516946.0,278335.0
2016-05-25,515968.0,279994.0
2016-05-26,515558.0,280481.0
2016-05-27,515220.0,282261.0
2016-05-30,515750.0,282268.0
2016-05-31,513803.0,285441.0
2016-06-01,512990.0,286460.0
2016-06-02,512240.0,287926.0
2016-06-03,509567.0,288802.0
2016-06-06,510165.0,290120.0
2016-06-07,508668.0,294179.0
2016-06-08,505752.0,301470.0
2016-06-09,505611.0,302538.0
2016-06-10,506250.0,302348.0
2016-06-13,507194.0,302423.0
2016-06-14,505876.0,302515.0
2016-06-15,508615.0,302924.0
2016-06-16,512702.0,306200.0
2016-06-17,515868.0,306241.0
2016-06-20,517470.0,306093.0
2016-06-21,521185.0,306420.0
2016-06-22,523258.0,307315.0
2016-06-23,524957.0,307259.0
2016-06-24,525756.0,311521.0
2016-06-27,527148.0,314670.0
2016-06-28,527171.0,315629.0
2016-06-29,528934.0,322901.0
2016-06-30,529063.0,324009.0
2016-07-01,529743.0,324810.0
2016-07-04,527117.0,324977.0
2016-07-05,526999.0,325271.0
2016-07-06,526312.0,325218.0
2016-07-07,523073.0,325808.0
2016-07-08,522697.0,326115.0
2016-07-11,521790.0,326354.0
2016-07-12,522388.0,326765.0
2016-07-13,521318.0,327066.0
2016-07-14,522366.0,327027.0
2016-07-15,522064.0,326169.0
2016-07-18,521667.0,326553.0
2016-07-19,522536.0,326203.0
2016-07-20,524524.0,325978.0
2016-07-21,525004.0,326092.0
2016-07-22,525436.0,326611.0
2016-07-25,526091.0,326928.0
2016-07-26,526489.0,327788.0
2016-07-27,527045.0,328089.0
2016-07-28,528892.0,328131.0
2016-07-29,527289.0,328527.0
2016-08-01,528679.0,328760.0
2016-08-02,529032.0,328855.0
2016-08-03,528243.0,329638.0
2016-08-04,526459.0,330344.0
2016-08-05,528669.0,330724.0
2016-08-08,528307.0,331542.0
2016-08-09,528064.0,331833.0
2016-08-10,528862.0,332284.0
2016-08-11,529893.0,332236.0
2016-08-12,530143.0,332261.0
2016-08-15,528399.0,332583.0
2016-08-16,528663.0,333186.0
2016-08-17,529990.0,333944.0
2016-08-18,525531.0,334686.0
2016-08-19,525291.0,337250.0
2016-08-22,526981.0,337613.0
2016-08-23,525758.0,338178.0
2016-08-24,525815.0,337591.0
2016-08-25,525306.0,338198.0
2016-08-26,525969.0,338564.0
2016-08-29,526202.0,338601.0
2016-08-30,527644.0,339051.0
2016-08-31,527957.0,339857.0
2016-09-01,528616.0,340672.0
2016-09-02,529149.0,341572.0
2016-09-05,528263.0,342219.0
2016-09-06,527737.0,342803.0
2016-09-07,527856.0,343836.0
2016-09-08,527667.0,344563.0
2016-09-09,528251.0,345648.0
2016-09-12,528442.0,346438.0
2016-09-13,528663.0,346863.0
2016-09-14,530522.0,347498.0
2016-09-15,532176.0,348129.0
2016-09-16,531774.0,348786.0
2016-09-19,531131.0,351130.0
2016-09-20,530368.0,352178.0
2016-09-21,528869.0,353567.0
2016-09-22,528835.0,354481.0
2016-09-23,525487.0,356557.0
2016-09-26,524873.0,357641.0
2016-09-27,524203.0,359016.0
2016-09-28,519577.0,361614.0
2016-09-29,519192.0,363080.0
2016-09-30,518483.0,363898.0
2016-10-03,517658.0,363973.0
2016-10-04,517929.0,365632.0
2016-10-05,518431.0,366637.0
2016-10-06,514456.0,368269.0
2016-10-07,514397.0,368073.0
2016-10-10,514611.0,369014.0
2016-10-11,514120.0,369808.0
2016-10-12,513989.0,370461.0
2016-10-13,513633.0,370633.0
2016-10-14,513485.0,371349.0
2016-10-17,514674.0,371835.0
2016-10-18,513555.0,373046.0
2016-10-19,513800.0,371606.0
2016-10-20,513931.0,372238.0
2016-10-21,512936.0,372908.0
2016-10-24,511370.0,373773.0
2016-10-25,511975.0,374831.0
2016-10-26,510796.0,373767.0
2016-10-27,512170.0,372424.0
2016-10-28,512150.0,373162.0
2016-10-31,504681.0,369564.0
2016-11-01,499058.0,367726.0
2016-11-02,500078.0,368229.0
2016-11-03,500219.0,368800.0
2016-11-04,501257.0,371265.0
2016-11-07,498335.0,373382.0
2016-11-08,498224.0,374897.0
2016-11-09,497225.0,375372.0
2016-11-10,498434.0,376990.0
2016-11-11,500572.0,378207.0
2016-11-14,504059.0,380415.0
2016-11-15,503443.0,381958.0
2016-11-16,504663.0,382452.0
2016-11-17,506235.0,384761.0
2016-11-18,505327.0,386114.0
2016-11-21,507694.0,387153.0
2016-11-22,498098.0,389196.0
2016-11-23,500699.0,389094.0
2016-11-24,500024.0,390232.0
2016-11-25,489442.0,391646.0
2016-11-28,491070.0,392680.0
2016-11-29,487735.0,393244.0
2016-11-30,486609.0,393452.0
2016-12-01,482980.0,395799.0
2016-12-02,473083.0,400098.0
2016-12-05,468151.0,399779.0
2016-12-06,464988.0,397835.0
2016-12-07,459166.0,400652.0
2016-12-08,454801.0,411167.0
2016-12-09,452022.0,426123.0
2016-12-12,449246.0,430761.0
2016-12-13,449155.0,433644.0
2016-12-14,440490.0,438740.0
2016-12-15,434655.0,446990.0
2016-12-16,428527.0,452507.0
2016-12-19,417270.0,456402.0
2016-12-20,455862.0,191450.0
2016-12-21,455613.0,191646.0
2016-12-22,452286.0,191794.0
2016-12-23,450832.0,191152.0
2016-12-27,449924.0,191418.0
2016-12-28,448937.0,191885.0
2016-12-29,449073.0,190939.0
2016-12-30,447646.0,190979.0
2017-01-02,447646.0,190979.0
2017-01-03,448702.0,191096.0
2017-01-04,449032.0,193039.0
2017-01-05,449457.0,193520.0
2017-01-06,449510.0,194528.0
2017-01-09,447437.0,195001.0
2017-01-10,453922.0,195105.0
2017-01-11,453710.0,195824.0
2017-01-12,454525.0,199075.0
2017-01-13,454581.0,200292.0
2017-01-16,454220.0,201631.0
2017-01-17,451827.0,202734.0
2017-01-18,452280.0,203906.0
2017-01-19,452711.0,204426.0
2017-01-20,453613.0,204657.0
2017-01-23,450385.0,206510.0
2017-01-24,449543.0,207780.0
2017-01-25,449470.0,207919.0
2017-01-26,449149.0,208146.0
2017-01-27,450381.0,208305.0
2017-01-30,449782.0,209000.0
2017-01-31,449588.0,209039.0
2017-02-01,449773.0,208936.0
2017-02-02,449969.0,209447.0
2017-02-03,450203.0,209719.0
2017-02-06,450099.0,210411.0
2017-02-07,450240.0,211641.0
2017-02-08,450618.0,212861.0
2017-02-09,449523.0,214278.0
2017-02-10,447736.0,215078.0
2017-02-13,449754.0,215350.0
2017-02-14,448977.0,215763.0
2017-02-15,448074.0,216658.0
2017-02-16,446495.0,217664.0
2017-02-17,444670.0,218578.0
2017-02-20,442271.0,218680.0
2017-02-21,440865.0,219357.0
2017-02-22,440953.0,219698.0
2017-02-23,440630.0,220332.0
2017-02-24,440462.0,220799.0
2017-02-27,437959.0,221004.0
2017-02-28,436965.0,222019.0
2017-03-01,439690.0,222456.0
2017-03-02,437811.0,222626.0
2017-03-03,437272.0,223097.0
2017-03-06,436097.0,224403.0
2017-03-07,435165.0,225331.0
2017-03-08,434878.0,225824.0
2017-03-09,434306.0,226691.0
2017-03-10,435049.0,227155.0
2017-03-13,436183.0,228108.0
2017-03-14,437113.0,229266.0
2017-03-15,438329.0,229538.0
2017-03-16,438937.0,230598.0
2017-03-17,440067.0,230925.0
2017-03-20,439566.0,232171.0
2017-03-21,439553.0,233243.0
2017-03-22,435085.0,233825.0
2017-03-23,436519.0,234198.0
2017-03-24,437914.0,234393.0
2017-03-27,439143.0,234827.0
2017-03-28,438532.0,235163.0
2017-03-29,439811.0,236024.0
2017-03-30,441621.0,236902.0
2017-03-31,443218.0,237869.0
2017-04-03,444838.0,238632.0
2017-04-04,444609.0,239318.0
2017-04-05,443469.0,240145.0
2017-04-06,444690.0,241242.0
2017-04-07,446853.0,243021.0
2017-04-10,448460.0,243857.0
2017-04-11,447231.0,243154.0
2017-04-12,449775.0,244654.0
2017-04-13,452594.0,244883.0
2017-04-18,453281.0,245626.0
2017-04-19,453217.0,246489.0
2017-04-20,453891.0,246887.0
2017-04-21,454765.0,247869.0
2017-04-24,454032.0,248276.0
2017-04-25,450331.0,249140.0
2017-04-26,452262.0,249396.0
2017-04-27,454132.0,250435.0
2017-04-28,449832.0,251099.0
2017-05-02,451407.0,250659.0
2017-05-03,451643.0,252478.0
2017-05-04,452138.0,252929.0
2017-05-05,452767.0,255145.0
2017-05-08,454074.0,255419.0
2017-05-09,454000.0,256078.0
2017-05-10,451539.0,260320.0
2017-05-11,447279.0,260932.0
2017-05-12,447709.0,261143.0
2017-05-15,449612.0,261432.0
2017-05-16,450132.0,261614.0
2017-05-17,453154.0,262240.0
2017-05-18,453091.0,262357.0
2017-05-19,453543.0,262736.0
2017-05-22,453035.0,262932.0
2017-05-23,455888.0,262667.0
2017-05-24,454493.0,262131.0
2017-05-25,454354.0,262014.0
2017-05-26,456716.0,262358.0
2017-05-29,455096.0,262311.0
2017-05-30,454357.0,262961.0
2017-05-31,450497.0,264142.0
2017-06-01,449794.0,264240.0
2017-06-02,451127.0,264718.0
2017-06-05,448726.0,264736.0
2017-06-06,449666.0,265141.0
2017-06-07,451485.0,265670.0
2017-06-08,454012.0,267799.0
2017-06-09,453296.0,266768.0
2017-06-12,455310.0,268399.0
2017-06-13,454277.0,271831.0
2017-06-14,453572.0,273867.0
2017-06-15,452504.0,274041.0
2017-06-16,450541.0,274343.0
2017-06-19,451693.0,274897.0
2017-06-20,451096.0,280017.0
2017-06-21,454854.0,280396.0
2017-06-22,455677.0,280376.0
2017-06-23,456617.0,279948.0
2017-06-26,457643.0,280419.0
2017-06-27,456698.0,280768.0
2017-06-28,455976.0,280856.0
2017-06-29,452273.0,280527.0
2017-06-30,455484.0,280732.0
2017-07-03,456197.0,280921.0
2017-07-04,455289.0,281488.0
2017-07-05,456681.0,282397.0
2017-07-06,457799.0,283077.0
2017-07-07,460510.0,284057.0
2017-07-10,458930.0,284285.0
2017-07-11,459498.0,284747.0
2017-07-12,458680.0,285218.0
2017-07-13,464852.0,286156.0
2017-07-14,466865.0,286323.0
2017-07-17,468097.0,285715.0
2017-07-18,469278.0,286247.0
2017-07-19,472877.0,287220.0
2017-07-20,472964.0,287347.0
2017-07-21,476820.0,287772.0
2017-07-24,475821.0,288172.0
2017-07-25,481597.0,288569.0
2017-07-26,481344.0,288672.0
2017-07-27,483764.0,289100.0
2017-07-28,481225.0,289273.0
2017-07-31,480173.0,289453.0
2017-08-01,479457.0,290648.0
2017-08-02,482705.0,294279.0
2017-08-03,480873.0,296627.0
2017-08-04,480290.0,297337.0
2017-08-07,480611.0,297813.0
2017-08-08,483430.0,298420.0
2017-08-09,482528.0,299934.0
2017-08-10,482767.0,301090.0
2017-08-11,483673.0,302142.0
2017-08-14,486212.0,302093.0
2017-08-15,485032.0,302679.0
2017-08-16,486429.0,304677.0
2017-08-17,484145.0,305479.0
2017-08-18,483936.0,306196.0
2017-08-21,484163.0,306218.0
2017-08-22,483562.0,307265.0
2017-08-23,477794.0,315043.0
2017-08-24,476817.0,314971.0
2017-08-25,477243.0,315333.0
2017-08-28,477510.0,315386.0
2017-08-29,478054.0,316398.0
2017-08-30,479163.0,318678.0
2017-08-31,479323.0,319212.0
2017-09-04,480647.0,320433.0
2017-09-05,477239.0,321851.0
2017-09-08,481918.0,324530.0
2017-09-11,482158.0,325889.0
2017-09-12,481096.0,327019.0
2017-09-15,479933.0,328721.0
2017-09-22,466124.0,343674.0
2017-09-27,469850.0,344933.0
2017-09-28,463464.0,345660.0
2017-09-29,464970.0,345839.0
2017-10-02,461929.0,345840.0
2017-10-03,463228.0,346912.0
2017-10-04,463174.0,348366.0
2017-10-05,463210.0,349465.0
2017-10-06,465081.0,349471.0
2017-10-13,470828.0,356523.0
2017-10-18,472863.0,360504.0
2017-10-20,476066.0,356462.0
2017-10-24,478198.0,357214.0
2017-10-25,474088.0,359795.0
2017-10-27,465768.0,371882.0
2017-10-30,465780.0,375108.0
2017-11-02,465769.0,379317.0
2017-11-06,465432.0,382595.0
2017-11-09,457524.0,388484.0
2017-11-16,444873.0,395240.0
2017-11-17,443028.0,398075.0
2017-11-20,442072.0,399915.0
2017-11-21,442634.0,400171.0
2017-11-22,436215.0,398949.0
2017-11-23,431948.0,401358.0
2017-11-24,431237.0,401318.0
2017-11-27,430217.0,402793.0
2017-11-28,427398.0,403764.0
2017-11-29,426477.0,403763.0
2017-11-30,425989.0,404591.0
2017-12-01,425711.0,405555.0
2017-12-05,420153.0,408980.0
2017-12-07,415915.0,411588.0
2017-12-08,414549.0,413492.0
2017-12-13,372648.0,437484.0
2017-12-15,343613.0,450223.0
2017-12-18,344455.0,455823.0
2017-12-19,455976.0,200939.0
2017-12-20,461857.0,201024.0
2017-12-22,463451.0,201820.0
2017-12-27,464216.0,201885.0
2017-12-29,462370.0,202050.0
2018-01-02,462067.0,202361.0
2018-01-12,463715.0,203578.0
2018-01-17,469285.0,202617.0
2018-01-18,469813.0,203176.0
2018-01-19,471134.0,203354.0
2018-01-23,470416.0,204915.0
2018-01-24,470446.0,205370.0
2018-01-25,470185.0,205136.0
2018-01-26,470313.0,205124.0
2018-01-29,468200.0,205235.0
2018-01-30,471306.0,204691.0
2018-01-31,472474.0,204400.0
2018-02-01,473387.0,204147.0
2018-02-02,474029.0,203971.0
2018-02-07,472562.0,204857.0
2018-02-08,475665.0,205048.0
2018-02-09,476133.0,205226.0
2018-02-12,476836.0,207222.0
2018-02-13,476188.0,212062.0
2018-02-15,474827.0,212525.0
2018-02-16,473934.0,207688.0
2018-02-19,473816.0,207783.0
2018-02-20,475092.0,208547.0
2018-02-21,474731.0,209043.0
2018-02-22,472914.0,210601.0
2018-02-23,475987.0,210625.0
2018-02-26,475998.0,210903.0
2018-02-27,476747.0,211019.0
2018-03-02,473284.0,213592.0
2018-03-07,475139.0,215231.0
2018-03-08,476861.0,218519.0
2018-03-09,476616.0,220179.0
2018-03-12,477724.0,221605.0
2018-03-13,477967.0,222923.0
2018-03-14,470760.0,224512.0
2018-03-15,474673.0,225684.0
2018-03-16,473662.0,225837.0
2018-03-19,471543.0,226475.0
2018-03-20,472079.0,227079.0
2018-03-21,471032.0,227857.0
2018-03-22,471331.0,229867.0
2018-03-23,471187.0,230745.0
2018-03-26,472543.0,231523.0
2018-03-27,476605.0,232765.0
2018-03-28,477616.0,233570.0
2018-03-29,482017.0,233756.0
2018-04-03,481482.0,234328.0
2018-04-04,479191.0,235035.0
2018-04-05,478500.0,235794.0
2018-04-06,479156.0,236546.0
2018-04-09,476960.0,236721.0
2018-04-10,477442.0,238262.0
2018-04-11,476029.0,239128.0
2018-04-12,476810.0,241431.0
2018-04-13,476259.0,243899.0
2018-04-16,473356.0,244228.0
2018-04-17,472826.0,245682.0
2018-04-18,472142.0,246529.0
2018-04-19,473224.0,248231.0
2018-04-20,473857.0,250340.0
2018-04-23,473006.0,251897.0
2018-04-24,470723.0,252871.0
2018-04-25,469391.0,256071.0
2018-04-26,467483.0,258851.0
2018-04-27,467919.0,259780.0
2018-04-30,468726.0,260504.0
2018-05-01,468272.0,264155.0
2018-05-02,470866.0,267551.0
2018-05-03,470686.0,270855.0
2018-05-04,458588.0,271722.0
2018-05-07,458588.0,271722.0
2018-05-08,458073.0,273442.0
2018-05-09,461240.0,275725.0
2018-05-10,460517.0,277939.0
2018-05-11,462673.0,279785.0
2018-05-14,461821.0,282447.0
2018-05-15,458930.0,285407.0
2018-05-16,459735.0,287218.0
2018-05-17,456651.0,290034.0
2018-05-18,456317.0,291211.0
2018-05-21,456872.0,292001.0
2018-05-22,456111.0,294031.0
2018-05-23,455657.0,296504.0
2018-05-24,457478.0,298728.0
2018-05-25,456679.0,299911.0
2018-05-28,456679.0,299911.0
2018-05-29,455848.0,300692.0
2018-05-30,457958.0,301431.0
2018-05-31,456300.0,302859.0
2018-06-01,455271.0,303879.0
2018-06-04,454820.0,304160.0
2018-06-05,454568.0,304018.0
2018-06-06,455509.0,303697.0
2018-06-07,453087.0,304139.0
2018-06-08,452176.0,304632.0
2018-06-11,451996.0,306486.0
2018-06-12,453103.0,308554.0
2018-06-13,455859.0,310294.0
2018-06-14,455141.0,311551.0
2018-06-15,461325.0,312640.0
2018-06-18,464069.0,313329.0
2018-06-19,465855.0,315074.0
2018-06-20,463665.0,318767.0
2018-06-21,463775.0,319651.0
2018-06-22,460825.0,320444.0
2018-06-25,464069.0,321435.0
2018-06-26,464221.0,322753.0
2018-06-27,463851.0,323535.0
2018-06-28,462404.0,324595.0
2018-06-29,462573.0,325865.0
2018-07-02,462633.0,326709.0
2018-07-03,462007.0,327789.0
2018-07-04,460676.0,328077.0
2018-07-05,459871.0,327429.0
2018-07-06,452447.0,328233.0
2018-07-09,460486.0,328636.0
2018-07-10,462860.0,330879.0
2018-07-11,463980.0,330657.0
2018-07-12,464364.0,331204.0
2018-07-13,464379.0,331339.0
2018-07-16,465027.0,331388.0
2018-07-17,465539.0,331233.0
2018-07-18,465932.0,331671.0
2018-07-19,465750.0,332664.0
2018-07-20,465936.0,332741.0
2018-07-23,465235.0,334032.0
2018-07-24,467428.0,334811.0
2018-07-25,465698.0,334570.0
2018-07-26,465726.0,334705.0
2018-07-27,469686.0,334833.0
2018-07-30,470331.0,334463.0
2018-07-31,476176.0,334745.0
2018-08-01,475744.0,334461.0
2018-08-02,471005.0,334762.0
2018-08-03,469398.0,334921.0
2018-08-06,470704.0,335271.0
2018-08-07,469836.0,335819.0
2018-08-08,476272.0,336857.0
2018-08-09,478864.0,335126.0
2018-08-10,479793.0,335179.0
2018-08-13,477992.0,334878.0
2018-08-14,476325.0,335271.0
2018-08-15,476356.0,336044.0
2018-08-16,471595.0,336632.0
2018-08-17,469548.0,337413.0
2018-08-20,463778.0,338608.0
2018-08-21,464678.0,338609.0
2018-08-22,465864.0,339995.0
2018-08-23,464320.0,339608.0
2018-08-24,461594.0,339326.0
2018-08-27,460872.0,339889.0
2018-08-28,459497.0,340895.0
2018-08-29,460067.0,341713.0
2018-08-30,460555.0,340262.0
2018-08-31,462547.0,341303.0
2018-09-03,459594.0,342119.0
2018-09-04,459813.0,343192.0
2018-09-05,461046.0,344116.0
2018-09-06,465945.0,344608.0
2018-09-07,472296.0,346177.0
2018-09-10,479410.0,347529.0
2018-09-11,475806.0,347059.0
2018-09-12,473911.0,347037.0
2018-09-13,467033.0,347295.0
2018-09-14,470635.0,345147.0
2018-09-17,472410.0,345928.0
2018-09-18,474873.0,347544.0
2018-09-19,470962.0,348754.0
2018-09-20,469865.0,350005.0
2018-09-21,457394.0,350682.0
2018-09-24,458581.0,349515.0
2018-09-25,461023.0,354470.0
2018-09-26,457749.0,348709.0
2018-09-27,463998.0,350655.0
2018-09-28,468921.0,353818.0
2018-10-01,469736.0,355281.0
2018-10-02,470707.0,356905.0
2018-10-03,470694.0,359645.0
2018-10-04,471150.0,361317.0
2018-10-05,471335.0,361774.0
2018-10-08,471938.0,364243.0
2018-10-09,474518.0,363809.0
2018-10-10,467340.0,364348.0
2018-10-11,465861.0,368689.0
2018-10-12,465013.0,371662.0
2018-10-15,461039.0,375725.0
2018-10-16,460821.0,382565.0
2018-10-17,460639.0,387047.0
2018-10-18,459088.0,392818.0
2018-10-19,458328.0,393888.0
2018-10-22,458381.0,394386.0
2018-10-23,455601.0,396357.0
2018-10-24,456345.0,396955.0
2018-10-25,453845.0,400014.0
2018-10-26,452100.0,402462.0
2018-10-29,451731.0,404535.0
2018-10-30,453232.0,402264.0
2018-10-31,449487.0,404908.0
2018-11-01,446922.0,406291.0
2018-11-02,444279.0,409461.0
2018-11-05,442400.0,410974.0
2018-11-06,442162.0,412331.0
2018-11-07,442824.0,415717.0
2018-11-08,443431.0,417355.0
2018-11-09,440929.0,419377.0
2018-11-12,440624.0,419693.0
2018-11-13,439911.0,421120.0
2018-11-14,438263.0,422126.0
2018-11-15,436920.0,424317.0
2018-11-16,437520.0,425357.0
2018-11-19,435082.0,426073.0
2018-11-20,437295.0,429481.0
2018-11-21,441145.0,425230.0
2018-11-22,440994.0,423727.0
2018-11-23,416965.0,417384.0
2018-11-26,413833.0,418029.0
2018-11-27,413513.0,419595.0
2018-11-28,412750.0,420978.0
2018-11-29,408770.0,424265.0
2018-11-30,409537.0,425567.0
2018-12-03,407075.0,427587.0
2018-12-04,400399.0,432045.0
2018-12-05,393831.0,434872.0
2018-12-06,396741.0,437536.0
2018-12-07,391472.0,440044.0
2018-12-10,391145.0,445252.0
2018-12-11,385780.0,448567.0
2018-12-12,354990.0,457134.0
2018-12-13,340093.0,463319.0
2018-12-14,333883.0,471467.0
2018-12-17,331252.0,478621.0
2018-12-18,476242.0,256029.0
2018-12-19,478651.0,257822.0
2018-12-20,479085.0,259004.0
2018-12-21,478699.0,258981.0
2018-12-24,480934.0,258975.0
2018-12-27,481758.0,258752.0
2018-12-28,481879.0,257543.0
2018-12-31,481441.0,256899.0
2019-01-02,486144.0,256411.0
2019-01-03,484919.0,257306.0
2019-01-04,482799.0,256245.0
2019-01-07,481270.0,255684.0
2019-01-08,480940.0,254931.0
2019-01-09,483244.0,254718.0
2019-01-10,484464.0,255243.0
2019-01-11,485988.0,256123.0
2019-01-14,483151.0,253681.0
2019-01-15,484054.0,255039.0
2019-01-16,489930.0,255310.0
2019-01-17,488739.0,254445.0
2019-01-18,490582.0,255544.0
2019-01-21,490541.0,255606.0
2019-01-22,491814.0,255739.0
2019-01-23,495109.0,255907.0
2019-01-24,494593.0,256406.0
2019-01-25,494933.0,256996.0
2019-01-28,493384.0,257469.0
2019-01-29,494180.0,257819.0
2019-01-30,491910.0,257806.0
2019-01-31,491928.0,257947.0
2019-02-01,489210.0,258026.0
2019-02-04,488798.0,259151.0
2019-02-05,485057.0,258871.0
2019-02-06,486377.0,258332.0
2019-02-07,484593.0,258790.0
2019-02-08,483902.0,259274.0
2019-02-11,483403.0,257807.0
2019-02-12,482274.0,257040.0
2019-02-13,477380.0,252166.0
2019-02-14,478341.0,250182.0
2019-02-15,479501.0,249727.0
2019-02-18,476517.0,248747.0
2019-02-19,474653.0,249415.0
2019-02-20,475462.0,249635.0
2019-02-21,471694.0,249746.0
2019-02-22,472999.0,249693.0
2019-02-25,474031.0,248438.0
2019-02-26,473237.0,246855.0
2019-02-27,465506.0,246154.0
2019-02-28,463183.0,246855.0
2019-03-01,464720.0,245014.0
2019-03-04,466008.0,245020.0
2019-03-05,466399.0,245425.0
2019-03-06,466590.0,245066.0
2019-03-07,470461.0,244937.0
2019-03-08,470907.0,244027.0
2019-03-11,474640.0,244031.0
2019-03-12,472226.0,244599.0
2019-03-13,471753.0,241636.0
2019-03-14,473220.0,242092.0
2019-03-15,472902.0,242335.0
2019-03-18,471971.0,242899.0
2019-03-19,473613.0,243515.0
2019-03-20,449856.0,243307.0
2019-03-21,453343.0,243662.0
2019-03-22,453187.0,244844.0
2019-03-25,455538.0,245028.0
2019-03-26,456844.0,246233.0
2019-03-27,458928.0,245857.0
2019-03-28,461404.0,246570.0
2019-03-29,460249.0,246976.0
2019-04-01,460222.0,246970.0
2019-04-02,460729.0,247513.0
2019-04-03,461957.0,247409.0
2019-04-04,462373.0,246896.0
2019-04-05,460597.0,248440.0
2019-04-08,461952.0,248812.0
2019-04-09,463900.0,250463.0
2019-04-10,466267.0,251532.0
2019-04-11,466281.0,250695.0
2019-04-12,465470.0,251165.0
2019-04-15,466754.0,251586.0
2019-04-16,464692.0,252525.0
2019-04-17,464023.0,252231.0
2019-04-18,464704.0,253233.0
2019-04-23,466160.0,253406.0
2019-04-24,466335.0,253445.0
2019-04-25,465194.0,253392.0
2019-04-26,463185.0,253934.0
2019-04-29,464820.0,253984.0
2019-04-30,464450.0,254133.0
2019-05-01,464388.0,253966.0
2019-05-02,458722.0,254550.0
2019-05-03,460894.0,254798.0
2019-05-06,460894.0,254798.0
2019-05-07,460139.0,254921.0
2019-05-08,462009.0,255006.0
2019-05-09,462062.0,255636.0
2019-05-10,462498.0,258282.0
2019-05-13,462829.0,258657.0
2019-05-14,463198.0,258891.0
2019-05-15,463328.0,259014.0
2019-05-16,462314.0,259047.0
2019-05-17,460617.0,260615.0
2019-05-20,460654.0,260594.0
2019-05-21,461103.0,260622.0
2019-05-22,462534.0,261371.0
2019-05-23,464593.0,262707.0
2019-05-24,463746.0,263263.0
2019-05-27,463644.0,263283.0
2019-05-28,463720.0,263965.0
2019-05-29,463069.0,264375.0
2019-05-30,462783.0,264492.0
2019-05-31,462652.0,264969.0
2019-06-03,464546.0,266098.0
2019-06-04,466067.0,265926.0
2019-06-05,464072.0,268813.0
2019-06-06,463781.0,269839.0
2019-06-07,466586.0,273003.0
2019-06-10,466705.0,273316.0
2019-06-11,467430.0,273957.0
2019-06-12,468652.0,274965.0
2019-06-13,466891.0,274860.0
2019-06-14,467927.0,275200.0
2019-06-17,469726.0,276575.0
2019-06-18,471410.0,279079.0
2019-06-19,467700.0,280346.0
2019-06-20,467240.0,281735.0
2019-06-21,469120.0,283295.0
2019-06-24,469105.0,285184.0
2019-06-25,465829.0,288181.0
2019-06-26,465603.0,289652.0
2019-06-27,462404.0,291392.0
2019-06-28,459883.0,292626.0
2019-07-01,462277.0,293595.0
2019-07-02,462540.0,294463.0
2019-07-03,461117.0,295619.0
2019-07-04,460581.0,296543.0
2019-07-05,459486.0,297476.0
2019-07-08,460137.0,298373.0
2019-07-09,458419.0,300828.0
2019-07-10,456826.0,303654.0
2019-07-11,456389.0,304729.0
2019-07-12,455690.0,305672.0
2019-07-15,451740.0,306083.0
2019-07-16,451973.0,306788.0
2019-07-17,450294.0,307477.0
2019-07-18,449193.0,307840.0
2019-07-19,449218.0,308357.0
2019-07-22,450218.0,309600.0
2019-07-23,453144.0,310496.0
2019-07-24,451180.0,310464.0
2019-07-25,450253.0,312621.0
2019-07-26,452276.0,313505.0
2019-07-29,454225.0,314044.0
2019-07-30,453589.0,314812.0
2019-07-31,453774.0,316216.0
2019-08-01,455453.0,316575.0
2019-08-02,454041.0,317408.0
2019-08-05,453295.0,317722.0
2019-08-06,452185.0,318433.0
2019-08-07,451039.0,318596.0
2019-08-08,451845.0,319648.0
2019-08-09,452891.0,319528.0
2019-08-12,449468.0,319399.0
2019-08-13,450132.0,320084.0
2019-08-14,451032.0,321309.0
2019-08-15,446454.0,322799.0
2019-08-16,442050.0,325504.0
2019-08-19,439835.0,325568.0
2019-08-20,439687.0,326116.0
2019-08-21,437844.0,327037.0
2019-08-22,438183.0,327626.0
2019-08-23,436722.0,328120.0
2019-08-26,435361.0,328490.0
2019-08-27,431538.0,328903.0
2019-08-28,431033.0,332835.0
2019-08-29,431047.0,334145.0
2019-08-30,430638.0,334562.0
2019-09-02,430207.0,334872.0
2019-09-03,423853.0,334165.0
2019-09-04,418397.0,335147.0
2019-09-05,417208.0,336064.0
2019-09-06,417068.0,336564.0
2019-09-09,414293.0,338881.0
2019-09-10,417078.0,340906.0
2019-09-11,417049.0,341545.0
2019-09-12,417665.0,340955.0
2019-09-13,414823.0,340747.0
2019-09-16,413680.0,342187.0
2019-09-17,412674.0,342877.0
2019-09-18,411802.0,344838.0
2019-09-19,411912.0,345286.0
2019-09-20,410219.0,346411.0
2019-09-23,410013.0,347557.0
2019-09-24,409848.0,348593.0
2019-09-25,409400.0,349996.0
2019-09-26,405940.0,350517.0
2019-09-27,404131.0,349447.0
2019-09-30,402428.0,350363.0
2019-10-01,402211.0,351007.0
2019-10-02,401333.0,353350.0
2019-10-03,402308.0,355231.0
2019-10-04,404043.0,355496.0
2019-10-07,400978.0,356364.0
2019-10-08,399277.0,357871.0
2019-10-09,399283.0,358617.0
2019-10-10,397878.0,359605.0
2019-10-11,393345.0,361525.0
2019-10-14,393475.0,362545.0
2019-10-15,391681.0,362865.0
2019-10-16,389432.0,363425.0
2019-10-17,388627.0,363899.0
2019-10-18,387432.0,364701.0
2019-10-21,387954.0,365223.0
2019-10-22,388625.0,364768.0
2019-10-23,387574.0,365866.0
2019-10-24,386320.0,366145.0
2019-10-25,385966.0,366971.0
2019-10-28,385016.0,367586.0
2019-10-29,378739.0,367909.0
2019-10-30,377424.0,368592.0
2019-10-31,376416.0,369306.0
2019-11-01,376890.0,370072.0
2019-11-04,376419.0,371298.0
2019-11-05,373343.0,371295.0
2019-11-06,374684.0,372434.0
2019-11-07,374713.0,373261.0
2019-11-08,374514.0,373221.0
2019-11-11,371247.0,373311.0
2019-11-12,369365.0,364250.0
2019-11-13,368817.0,365237.0
2019-11-14,362916.0,368833.0
2019-11-15,360086.0,367629.0
2019-11-18,354199.0,370554.0
2019-11-19,350430.0,373896.0
2019-11-20,349267.0,365113.0
2019-11-21,348994.0,366391.0
2019-11-22,346870.0,366623.0
2019-11-25,346009.0,367946.0
2019-11-26,344023.0,372294.0
2019-11-27,339591.0,376102.0
2019-11-28,336128.0,377695.0
2019-11-29,327250.0,379286.0
2019-12-02,320687.0,382314.0
2019-12-03,309370.0,386083.0
2019-12-04,305599.0,389802.0
2019-12-05,299511.0,393069.0
2019-12-06,297212.0,395119.0
2019-12-09,293323.0,399280.0
2019-12-10,286322.0,403182.0
2019-12-11,265696.0,407941.0
2019-12-12,254898.0,413652.0
2019-12-13,248960.0,418588.0
2019-12-16,240697.0,420928.0
2019-12-17,421636.0,130743.0
2019-12-18,421582.0,130729.0
2019-12-19,419962.0,130509.0
2019-12-20,419922.0,130670.0
2019-12-23,419525.0,130926.0
2019-12-24,419364.0,130982.0
2019-12-26,419364.0,130982.0
2019-12-27,420156.0,131009.0
2019-12-30,418728.0,130933.0
2019-12-31,418098.0,130901.0
2020-01-02,418319.0,130987.0
2020-01-03,419185.0,131067.0
2020-01-06,418627.0,131464.0
2020-01-07,418699.0,131674.0
2020-01-08,418520.0,132188.0
2020-01-09,419326.0,132882.0
2020-01-10,419282.0,133520.0
2020-01-13,419757.0,133766.0
2020-01-14,421742.0,134155.0
2020-01-15,407550.0,134469.0
2020-01-16,408616.0,134424.0
2020-01-17,407521.0,135523.0
2020-01-20,406227.0,135870.0
2020-01-21,409117.0,136209.0
2020-01-22,414157.0,136432.0
2020-01-23,415550.0,137308.0
2020-01-24,415335.0,138672.0
2020-01-27,417903.0,139045.0
2020-01-28,417789.0,139794.0
2020-01-29,419413.0,140704.0
2020-01-30,418787.0,141788.0
2020-01-31,417120.0,142052.0
2020-02-03,416397.0,143025.0
2020-02-04,417409.0,143723.0
2020-02-05,417284.0,143708.0
2020-02-06,417494.0,143219.0
2020-02-07,417832.0,143492.0
2020-02-10,417674.0,144559.0
2020-02-11,420364.0,145132.0
2020-02-12,420454.0,145419.0
2020-02-13,420759.0,147357.0
2020-02-14,420105.0,148400.0
2020-02-17,420612.0,148656.0
2020-02-18,419797.0,149181.0
2020-02-19,419123.0,149210.0
2020-02-20,417393.0,149259.0
2020-02-21,413778.0,149936.0
2020-02-24,412499.0,151617.0
2020-02-25,410860.0,152485.0
2020-02-26,412080.0,153349.0
2020-02-27,410328.0,154814.0
2020-02-28,408988.0,155342.0
2020-03-02,411164.0,155909.0
2020-03-03,413259.0,156682.0
2020-03-04,416547.0,156967.0
2020-03-05,415791.0,157812.0
2020-03-06,414968.0,158852.0
2020-03-09,414968.0,158852.0
2020-03-10,423589.0,161278.0
2020-03-11,423982.0,160789.0
2020-03-12,426422.0,162335.0
2020-03-13,426572.0,163617.0
2020-03-16,423003.0,167091.0
2020-03-17,424366.0,173435.0
2020-03-18,422434.0,177148.0
2020-03-19,419426.0,182359.0
2020-03-20,416682.0,184488.0
2020-03-23,414738.0,187010.0
2020-03-24,416176.0,187391.0
2020-03-25,418388.0,189342.0
2020-03-26,418865.0,191153.0
2020-03-27,421081.0,192213.0
2020-03-30,426499.0,193086.0
2020-03-31,431294.0,194449.0
2020-04-01,429867.0,195571.0
2020-04-02,420169.0,197483.0
2020-04-03,416575.0,197463.0
2020-04-06,421798.0,200332.0
2020-04-07,421138.0,203082.0
2020-04-08,419231.0,206161.0
2020-04-09,417443.0,207799.0
2020-04-14,415532.0,209044.0
2020-04-15,415545.0,210757.0
2020-04-16,415684.0,212560.0
2020-04-17,416571.0,214720.0
2020-04-20,413904.0,217327.0
2020-04-21,410410.0,221989.0
2020-04-22,411018.0,224836.0
2020-04-23,409551.0,225780.0
2020-04-24,409890.0,226733.0
2020-04-27,409951.0,227473.0
2020-04-28,408317.0,228312.0
2020-04-29,408734.0,229389.0
2020-04-30,408402.0,231799.0
2020-05-01,409215.0,231938.0
2020-05-04,408675.0,233107.0
2020-05-05,408193.0,235037.0
2020-05-06,409769.0,236326.0
2020-05-07,411057.0,236821.0
2020-05-08,412012.0,237497.0
2020-05-11,414361.0,238315.0
2020-05-12,414543.0,239740.0
2020-05-13,414481.0,242127.0
2020-05-14,414438.0,242929.0
2020-05-15,415441.0,244051.0
2020-05-18,418018.0,245338.0
2020-05-19,417094.0,244886.0
2020-05-20,417235.0,245386.0
2020-05-21,416455.0,245756.0
2020-05-22,414902.0,246083.0
2020-05-25,415109.0,246705.0
2020-05-26,419606.0,247538.0
2020-05-27,417998.0,248109.0
2020-05-28,419213.0,248147.0
2020-05-29,418517.0,248519.0
2020-06-01,417289.0,248721.0
2020-06-02,416109.0,248774.0
2020-06-03,418234.0,249737.0
2020-06-04,418932.0,250174.0
2020-06-05,420588.0,250320.0
2020-06-08,424579.0,250473.0
2020-06-09,423178.0,250108.0
2020-06-10,426047.0,251326.0
2020-06-11,425864.0,252547.0
2020-06-12,426903.0,253310.0
2020-06-15,426524.0,254486.0
2020-06-16,428634.0,253386.0
2020-06-17,428911.0,254977.0
2020-06-18,432854.0,255594.0
2020-06-19,433476.0,257865.0
2020-06-22,435799.0,258647.0
2020-06-23,434048.0,259193.0
2020-06-24,430622.0,261057.0
2020-06-25,430087.0,261721.0
2020-06-26,430183.0,262790.0
2020-06-29,427780.0,264766.0
2020-06-30,423011.0,265642.0
2020-07-01,420009.0,264530.0
2020-07-02,419350.0,265813.0
2020-07-03,417798.0,267071.0
2020-07-06,418669.0,266981.0
2020-07-07,420355.0,270501.0
2020-07-08,415194.0,272563.0
2020-07-09,413786.0,273292.0
2020-07-10,412907.0,275498.0
2020-07-13,410703.0,277428.0
2020-07-14,412347.0,278248.0
2020-07-15,415884.0,279243.0
2020-07-16,416293.0,282970.0
2020-07-17,417289.0,285983.0
2020-07-20,418618.0,287367.0
2020-07-21,420591.0,287708.0
2020-07-22,419102.0,289375.0
2020-07-23,420132.0,290050.0
2020-07-24,418918.0,290978.0
2020-07-27,416970.0,290762.0
2020-07-28,416584.0,290967.0
2020-07-29,417230.0,291896.0
2020-07-30,418966.0,292080.0
2020-07-31,418737.0,291833.0
2020-08-03,418370.0,292142.0
2020-08-04,418789.0,292703.0
2020-08-05,419975.0,292716.0
2020-08-06,420002.0,293378.0
2020-08-07,420074.0,294001.0
2020-08-10,418235.0,295211.0
2020-08-11,418634.0,295423.0
2020-08-12,418768.0,296483.0
2020-08-13,415677.0,298602.0
2020-08-14,414745.0,299845.0
2020-08-17,412856.0,300682.0
2020-08-18,413410.0,301548.0
2020-08-19,412522.0,304428.0
2020-08-20,410900.0,307325.0
2020-08-21,410470.0,308214.0
2020-08-24,411255.0,310495.0
2020-08-25,408708.0,313059.0
2020-08-26,408749.0,313245.0
2020-08-27,407881.0,313276.0
2020-08-28,407363.0,313302.0
2020-08-31,408185.0,313465.0
2020-09-01,408318.0,315522.0
2020-09-02,407962.0,315802.0
2020-09-03,407080.0,316911.0
2020-09-04,407923.0,317364.0
2020-09-07,407291.0,317878.0
2020-09-08,407281.0,319301.0
2020-09-09,407739.0,321371.0
2020-09-10,409089.0,322912.0
2020-09-11,410500.0,323667.0
2020-09-14,408236.0,324763.0
2020-09-15,408061.0,328514.0
2020-09-16,409785.0,331878.0
2020-09-17,406337.0,334452.0
2020-09-18,404479.0,334862.0
2020-09-21,397009.0,337098.0
2020-09-22,396199.0,340020.0
2020-09-23,396532.0,342248.0
2020-09-24,397071.0,344285.0
2020-09-25,395485.0,346709.0
2020-09-28,393131.0,347824.0
2020-09-29,395189.0,347264.0
2020-09-30,392839.0,347815.0
2020-10-01,393298.0,349342.0
2020-10-02,394101.0,350404.0
2020-10-05,393744.0,351023.0
2020-10-06,393382.0,351386.0
2020-10-07,390731.0,351059.0
2020-10-08,387337.0,352369.0
2020-10-09,386023.0,352859.0
2020-10-12,385246.0,353912.0
2020-10-13,385205.0,353260.0
2020-10-14,386280.0,353092.0
2020-10-15,385672.0,355405.0
2020-10-16,384571.0,356299.0
2020-10-19,383892.0,357140.0
2020-10-20,382405.0,360866.0
2020-10-21,384270.0,366223.0
2020-10-22,379590.0,367485.0
2020-10-23,381556.0,371465.0
2020-10-26,382179.0,372977.0
2020-10-27,383100.0,373961.0
2020-10-28,384226.0,376700.0
2020-10-29,384726.0,378473.0
2020-10-30,385380.0,377918.0
2020-11-02,381389.0,378287.0
2020-11-03,380789.0,378620.0
2020-11-04,381753.0,379068.0
2020-11-05,380687.0,379599.0
2020-11-06,385167.0,384004.0
2020-11-09,386258.0,385437.0
2020-11-10,388655.0,386338.0
2020-11-11,392087.0,387243.0
2020-11-12,392493.0,391007.0
2020-11-13,396769.0,391470.0
2020-11-16,397888.0,393747.0
2020-11-17,398488.0,392369.0
2020-11-18,398193.0,396119.0
2020-11-19,399687.0,399444.0
2020-11-20,396767.0,402634.0
2020-11-23,386296.0,410147.0
2020-11-24,385124.0,413242.0
2020-11-25,378349.0,419676.0
2020-11-26,375287.0,423947.0
2020-11-27,368601.0,428734.0
2020-11-30,355405.0,435402.0
2020-12-01,339995.0,447249.0
2020-12-02,334056.0,455672.0
2020-12-03,321326.0,462025.0
2020-12-04,313531.0,467371.0
2020-12-07,307987.0,472683.0
2020-12-08,302006.0,477143.0
2020-12-09,287904.0,485418.0
2020-12-10,293609.0,495671.0
2020-12-11,285625.0,502006.0
2020-12-14,279967.0,502217.0
2020-12-15,499723.0,151018.0
2020-12-16,497948.0,151266.0
2020-12-17,496225.0,150955.0
2020-12-18,495058.0,151042.0
2020-12-21,493217.0,150767.0
2020-12-22,492224.0,150869.0
2020-12-23,492133.0,150859.0
2020-12-24,492359.0,150853.0
2020-12-28,492427.0,150827.0
2020-12-29,491700.0,150827.0
2020-12-30,491169.0,150540.0
2020-12-31,490690.0,150517.0
2021-01-04,492100.0,151225.0
2021-01-05,491970.0,152046.0
2021-01-06,493675.0,152099.0
2021-01-07,491577.0,152188.0
2021-01-08,491784.0,152702.0
2021-01-11,490793.0,153042.0
2021-01-12,489331.0,153527.0
2021-01-13,487314.0,154609.0
2021-01-14,485122.0,155667.0
2021-01-15,485787.0,156201.0
2021-01-18,484931.0,156344.0
2021-01-19,485243.0,156591.0
2021-01-20,485186.0,156870.0
2021-01-21,482995.0,157348.0
2021-01-22,482237.0,157521.0
2021-01-25,479990.0,158811.0
2021-01-26,476936.0,158757.0
2021-01-27,476667.0,158974.0
2021-01-28,474718.0,159438.0
2021-01-29,472526.0,160271.0
2021-02-01,469986.0,160687.0
2021-02-02,472661.0,161177.0
2021-02-03,472077.0,161875.0
2021-02-04,472964.0,162636.0
2021-02-05,474391.0,163418.0
2021-02-08,475208.0,164742.0
2021-02-09,465943.0,165330.0
2021-02-10,458274.0,166856.0
2021-02-11,445935.0,168269.0
2021-02-12,445991.0,171259.0
2021-02-15,447504.0,173845.0
2021-02-16,437154.0,176867.0
2021-02-17,430827.0,179457.0
2021-02-18,427323.0,179738.0
2021-02-19,427428.0,181992.0
2021-02-22,427941.0,182052.0
2021-02-23,428351.0,182218.0
2021-02-24,429716.0,182349.0
2021-02-25,430501.0,182509.0
2021-02-26,430536.0,184842.0
2021-03-01,431673.0,186306.0
2021-03-02,433510.0,188548.0
2021-03-03,435178.0,189601.0
2021-03-04,434570.0,190273.0
2021-03-05,435266.0,191222.0
2021-03-08,436053.0,192563.0
2021-03-09,437009.0,193697.0
2021-03-10,437583.0,189049.0
2021-03-11,437004.0,191863.0
2021-03-12,437639.0,192475.0
2021-03-15,443480.0,195789.0
2021-03-16,444928.0,203071.0
2021-03-17,449616.0,204128.0
2021-03-18,453331.0,205914.0
2021-03-19,455883.0,206937.0
2021-03-22,457890.0,207227.0
2021-03-23,446752.0,208276.0
2021-03-24,446752.0,208276.0
2021-03-25,444274.0,210185.0
2021-03-26,443436.0,211075.0
2021-03-29,445232.0,211680.0
2021-03-30,445839.0,213992.0
2021-03-31,446907.0,214237.0
2021-04-01,447921.0,214225.0
2021-04-06,451256.0,214987.0
2021-04-07,451532.0,215383.0
2021-04-08,442919.0,214763.0
2021-04-09,443565.0,215402.0
2021-04-12,443734.0,217223.0
2021-04-13,444513.0,216887.0
2021-04-14,444017.0,217087.0
2021-04-15,444192.0,217525.0
2021-04-16,446004.0,218409.0
2021-04-19,448441.0,220074.0
2021-04-20,448140.0,219876.0
2021-04-21,450505.0,220533.0
2021-04-22,452812.0,221669.0
2021-04-23,455240.0,222720.0
2021-04-26,456544.0,223456.0
2021-04-27,457761.0,223729.0
2021-04-28,453687.0,227512.0
2021-04-29,455277.0,228136.0
2021-04-30,461349.0,228033.0
2021-05-03,461123.0,228088.0
2021-05-04,462052.0,228782.0
2021-05-05,454938.0,227942.0
2021-05-06,456064.0,228453.0
2021-05-07,458690.0,229006.0
2021-05-10,459117.0,230631.0
2021-05-11,461026.0,230844.0
2021-05-12,463310.0,232116.0
2021-05-13,459061.0,234966.0
2021-05-14,456912.0,238633.0
2021-05-17,457037.0,242286.0
2021-05-18,457394.0,245143.0
2021-05-19,446875.0,253189.0
2021-05-20,446316.0,258013.0
2021-05-21,447318.0,260515.0
2021-05-24,447199.0,262444.0
2021-05-25,446658.0,264700.0
2021-05-26,448186.0,267808.0
2021-05-27,448824.0,269374.0
2021-05-28,448986.0,271367.0
2021-05-31,448201.0,271540.0
2021-06-01,449115.0,272447.0
2021-06-02,448469.0,275093.0
2021-06-03,445705.0,276455.0
2021-06-04,446595.0,277434.0
2021-06-07,447304.0,277856.0
2021-06-08,447295.0,277352.0
2021-06-09,451207.0,277625.0
2021-06-10,449486.0,277524.0
2021-06-11,449985.0,277495.0
2021-06-14,451486.0,277617.0
2021-06-15,450706.0,277916.0
2021-06-16,449185.0,278311.0
2021-06-17,449493.0,278728.0
2021-06-18,449389.0,279529.0
2021-06-21,449101.0,279802.0
2021-06-22,450149.0,281077.0
2021-06-23,448386.0,285273.0
2021-06-24,450029.0,289573.0
2021-06-25,454896.0,290697.0
2021-06-28,457533.0,292142.0
2021-06-29,460225.0,291999.0
2021-06-30,461956.0,294289.0
2021-07-01,465310.0,294611.0
2021-07-02,466769.0,294618.0
2021-07-05,468165.0,294949.0
2021-07-06,469832.0,296438.0
2021-07-07,468939.0,296684.0
2021-07-08,467151.0,298780.0
2021-07-09,468009.0,300191.0
2021-07-12,466403.0,300731.0
2021-07-13,465493.0,300864.0
2021-07-14,466622.0,300880.0
2021-07-15,467062.0,302518.0
2021-07-16,467555.0,301164.0
2021-07-19,468406.0,301140.0
2021-07-20,466126.0,302625.0
2021-07-21,465710.0,303011.0
2021-07-22,464827.0,304518.0
2021-07-23,462115.0,305279.0
2021-07-26,460566.0,305483.0
2021-07-27,462065.0,304984.0
2021-07-28,459504.0,305082.0
2021-07-29,457695.0,305078.0
2021-07-30,450377.0,305092.0
2021-08-02,448954.0,305306.0
2021-08-03,447000.0,305014.0
2021-08-04,445759.0,305391.0
2021-08-05,444969.0,305400.0
2021-08-06,445882.0,305449.0
2021-08-09,445353.0,306149.0
2021-08-10,445531.0,306517.0
2021-08-11,445531.0,306517.0
2021-08-12,446139.0,306229.0
2021-08-13,446337.0,307036.0
2021-08-16,448697.0,307643.0
2021-08-17,448883.0,307670.0
2021-08-18,448603.0,309205.0
2021-08-19,449574.0,310261.0
2021-08-20,446355.0,310860.0
2021-08-23,443881.0,311491.0
2021-08-24,444152.0,311480.0
2021-08-25,443952.0,312087.0
2021-08-26,443858.0,313362.0
2021-08-27,443021.0,313533.0
2021-08-30,441888.0,314147.0
2021-08-31,441803.0,313589.0
2021-09-01,441194.0,314729.0
2021-09-02,441736.0,315565.0
2021-09-03,441297.0,316721.0
2021-09-06,441707.0,314343.0
2021-09-07,442550.0,314068.0
2021-09-08,443737.0,314125.0
2021-09-09,442250.0,315608.0
2021-09-10,441337.0,315765.0
2021-09-13,442880.0,317447.0
2021-09-14,443346.0,319269.0
2021-09-15,442571.0,321994.0
2021-09-16,440679.0,321898.0
2021-09-17,439635.0,323779.0
2021-09-20,440731.0,327693.0
2021-09-21,442399.0,330252.0
2021-09-22,441356.0,331282.0
2021-09-23,434764.0,331152.0
2021-09-24,432153.0,332592.0
2021-09-27,434227.0,334440.0
2021-09-28,434511.0,335627.0
2021-09-29,434246.0,338133.0
2021-09-30,436453.0,341744.0
2021-10-01,434750.0,343301.0
2021-10-04,434501.0,343926.0
2021-10-05,439287.0,344322.0
2021-10-06,444791.0,349071.0
2021-10-07,442488.0,353189.0
2021-10-08,441453.0,356835.0
2021-10-11,441847.0,359290.0
2021-10-12,440855.0,359989.0
2021-10-13,439348.0,360307.0
2021-10-14,433738.0,361811.0
2021-10-15,428067.0,362413.0
2021-10-18,428219.0,363017.0
2021-10-19,426253.0,363014.0
2021-10-20,426986.0,364927.0
2021-10-21,428871.0,366915.0
2021-10-22,426294.0,370223.0
2021-10-25,426364.0,371124.0
2021-10-26,425980.0,373156.0
2021-10-27,426710.0,373409.0
2021-10-28,428538.0,374571.0
2021-10-29,428187.0,374891.0
2021-11-01,430396.0,372429.0
2021-11-02,431588.0,371636.0
2021-11-03,428525.0,367774.0
2021-11-04,425999.0,369667.0
2021-11-05,411777.0,372390.0
2021-11-08,407599.0,376190.0
2021-11-09,407437.0,378503.0
2021-11-10,402346.0,379485.0
2021-11-11,401417.0,381422.0
2021-11-12,397940.0,380606.0
2021-11-15,396807.0,381572.0
2021-11-16,391853.0,385017.0
2021-11-17,388675.0,387449.0
2021-11-18,387271.0,392469.0
2021-11-19,388023.0,395703.0
2021-11-22,387749.0,395499.0
2021-11-23,386900.0,398566.0
2021-11-24,392046.0,399908.0
2021-11-25,387940.0,400305.0
2021-11-26,385992.0,400716.0
2021-11-29,380252.0,400679.0
2021-11-30,374959.0,402960.0
2021-12-01,368036.0,406633.0
2021-12-02,358740.0,408914.0
2021-12-03,356677.0,408260.0
2021-12-06,354871.0,408422.0
2021-12-07,349705.0,410177.0
2021-12-08,338411.0,406076.0
2021-12-09,337725.0,406008.0
2021-12-10,325742.0,413089.0
2021-12-13,318620.0,417502.0
2021-12-14,317924.0,421072.0
2021-12-15,303875.0,428069.0
2021-12-16,254394.0,435579.0
2021-12-17,232062.0,451003.0
2021-12-20,229669.0,453193.0
2021-12-21,454467.0,117842.0
2021-12-22,454406.0,118109.0
2021-12-23,450019.0,117033.0
2021-12-24,444848.0,117144.0
2021-12-27,444691.0,117161.0
2021-12-28,445233.0,117208.0
2021-12-29,445557.0,117286.0
2021-12-30,442876.0,117260.0
2021-12-31,445890.0,117345.0
2022-01-03,445805.0,117285.0
2022-01-04,446061.0,117456.0
2022-01-05,446191.0,117640.0
2022-01-06,447145.0,117653.0
2022-01-07,446694.0,117385.0
2022-01-10,446946.0,117918.0
2022-01-11,446606.0,118383.0
2022-01-12,445989.0,119167.0
2022-01-13,446777.0,119361.0
2022-01-14,445280.0,119699.0
2022-01-17,446199.0,119642.0
2022-01-18,446745.0,119885.0
2022-01-19,436081.0,119854.0
2022-01-20,424064.0,120061.0
2022-01-21,425997.0,120395.0
2022-01-24,425828.0,120551.0
2022-01-25,427051.0,121619.0
2022-01-26,428910.0,122305.0
2022-01-27,429841.0,121752.0
2022-01-28,432005.0,122154.0
2022-01-31,432330.0,122295.0
2022-02-01,432593.0,122500.0
2022-02-02,432151.0,122483.0
2022-02-03,433223.0,121197.0
2022-02-04,434287.0,121364.0
2022-02-07,434582.0,121185.0
2022-02-08,433363.0,121238.0
2022-02-09,436729.0,120818.0
2022-02-10,437815.0,119162.0
2022-02-11,437756.0,117330.0
2022-02-14,436900.0,115840.0
2022-02-15,438070.0,116599.0
2022-02-16,437571.0,116316.0
2022-02-17,436913.0,117506.0
2022-02-18,438767.0,117830.0
2022-02-21,437385.0,117974.0
2022-02-22,438258.0,119402.0
2022-02-23,438361.0,122735.0
2022-02-24,439379.0,123001.0
2022-02-25,439405.0,124465.0
2022-02-28,439664.0,123951.0
2022-03-01,440812.0,124234.0
2022-03-02,433635.0,125540.0
2022-03-03,423198.0,123036.0
2022-03-04,419896.0,124436.0
2022-03-07,419043.0,125872.0
2022-03-08,415227.0,127064.0
2022-03-09,410568.0,126140.0
2022-03-10,409447.0,125586.0
2022-03-11,406229.0,126547.0
2022-03-14,407619.0,126794.0
2022-03-15,408184.0,126674.0
2022-03-16,409959.0,127286.0
2022-03-17,402419.0,127226.0
2022-03-18,404264.0,128798.0
2022-03-21,406235.0,128864.0
2022-03-22,406517.0,129176.0
2022-03-23,407696.0,129805.0
2022-03-24,404548.0,129833.0
2022-03-25,404154.0,129902.0
2022-03-28,397995.0,129819.0
2022-03-29,394850.0,130403.0
2022-03-30,395491.0,130662.0
2022-03-31,394496.0,130773.0
2022-04-01,392901.0,130988.0
2022-04-04,393481.0,131328.0
2022-04-05,394078.0,131262.0
2022-04-06,393249.0,126195.0
2022-04-07,390565.0,126461.0
2022-04-08,392640.0,127258.0
2022-04-11,391997.0,127248.0
2022-04-12,391603.0,126836.0
2022-04-13,392375.0,127635.0
2022-04-14,391807.0,127940.0
2022-04-19,392123.0,127470.0
2022-04-20,394827.0,127230.0
2022-04-21,395269.0,127490.0
2022-04-22,395473.0,128077.0
2022-04-25,397717.0,127699.0
2022-04-26,398069.0,127712.0
2022-04-27,396815.0,127716.0
2022-04-28,397810.0,128242.0
2022-04-29,399178.0,128791.0
2022-05-02,399864.0,129531.0
2022-05-03,400641.0,130531.0
2022-05-04,401521.0,132326.0
2022-05-05,399770.0,138015.0
2022-05-06,401809.0,139712.0
2022-05-09,397205.0,140773.0
2022-05-10,391324.0,144660.0
2022-05-11,389905.0,147177.0
2022-05-12,388499.0,149877.0
2022-05-13,387115.0,152326.0
2022-05-16,387018.0,153131.0
2022-05-17,385583.0,153502.0
2022-05-18,382953.0,154337.0
2022-05-19,383216.0,155148.0
2022-05-20,380822.0,158842.0
2022-05-23,380209.0,161034.0
2022-05-24,380043.0,162333.0
2022-05-25,380374.0,163364.0
2022-05-26,378199.0,164972.0
2022-05-27,365343.0,165231.0
2022-05-30,364523.0,165877.0
2022-05-31,364583.0,166712.0
2022-06-01,363136.0,168279.0
2022-06-02,360951.0,170241.0
2022-06-03,359874.0,171760.0
2022-06-06,359751.0,172357.0
2022-06-07,361640.0,173196.0
2022-06-08,359739.0,174466.0
2022-06-09,356932.0,176667.0
2022-06-10,354735.0,178053.0
2022-06-13,353310.0,179050.0
2022-06-14,354398.0,179732.0
2022-06-15,354195.0,180719.0
2022-06-16,353528.0,181336.0
2022-06-17,354335.0,181862.0
2022-06-20,354889.0,182360.0
2022-06-21,354684.0,182772.0
2022-06-22,354426.0,183614.0
2022-06-23,358009.0,185186.0
2022-06-24,356368.0,186422.0
2022-06-27,354816.0,187610.0
2022-06-28,356429.0,182932.0
2022-06-29,356461.0,184832.0
2022-06-30,359744.0,186455.0
2022-07-01,355570.0,186803.0
2022-07-04,355006.0,187806.0
2022-07-05,356246.0,188546.0
2022-07-06,357749.0,188582.0
2022-07-07,358135.0,189959.0
2022-07-08,357371.0,189675.0
2022-07-11,358732.0,190650.0
2022-07-12,358527.0,191308.0
2022-07-13,359070.0,192287.0
2022-07-14,358992.0,193011.0
2022-07-15,358309.0,194134.0
2022-07-18,358139.0,195049.0
2022-07-19,356839.0,195834.0
2022-07-20,354389.0,197697.0
2022-07-21,351259.0,199175.0
2022-07-22,345728.0,201515.0
2022-07-25,341442.0,203850.0
2022-07-26,339645.0,202516.0
2022-07-27,339879.0,202827.0
2022-07-28,338516.0,203216.0
2022-07-29,338010.0,203939.0
2022-08-01,336994.0,203736.0
2022-08-02,337771.0,204211.0
2022-08-03,334972.0,204148.0
2022-08-04,336611.0,204776.0
2022-08-05,333895.0,206243.0
2022-08-08,334527.0,207423.0
2022-08-09,335556.0,208354.0
2022-08-10,337126.0,209017.0
2022-08-11,337158.0,209639.0
2022-08-12,337895.0,208329.0
2022-08-15,338250.0,208738.0
2022-08-16,339182.0,208901.0
2022-08-17,339942.0,208897.0
2022-08-18,342511.0,208507.0
2022-08-19,344597.0,208810.0
2022-08-22,344306.0,208772.0
2022-08-23,344491.0,208560.0
2022-08-24,345501.0,209327.0
2022-08-25,346140.0,209792.0
2022-08-26,344699.0,210135.0
2022-08-29,344057.0,210817.0
2022-08-30,344396.0,211002.0
2022-08-31,344676.0,211506.0
2022-09-01,342649.0,212811.0
2022-09-02,344360.0,212974.0
2022-09-05,344722.0,213459.0
2022-09-06,343507.0,214607.0
2022-09-07,344755.0,217283.0
2022-09-08,343012.0,219491.0
2022-09-09,343950.0,218356.0
2022-09-12,345348.0,218617.0
2022-09-13,345458.0,219024.0
2022-09-14,350841.0,219886.0
2022-09-15,351846.0,219989.0
2022-09-16,363968.0,219374.0
2022-09-19,363968.0,219374.0
2022-09-20,370876.0,218796.0
2022-09-21,371595.0,218668.0
2022-09-22,374064.0,218804.0
2022-09-23,374431.0,219376.0
2022-09-26,377004.0,219755.0
2022-09-27,377489.0,219349.0
2022-09-28,378479.0,220055.0
2022-09-29,382653.0,220203.0
2022-09-30,382634.0,222126.0
2022-10-03,383191.0,222384.0
2022-10-04,384074.0,223958.0
2022-10-05,386450.0,223598.0
2022-10-06,386111.0,224042.0
2022-10-07,386201.0,224731.0
2022-10-10,387900.0,225314.0
2022-10-11,388903.0,224378.0
2022-10-12,388546.0,223819.0
2022-10-13,389406.0,223457.0
2022-10-14,386805.0,225246.0
2022-10-17,387888.0,225763.0
2022-10-18,389577.0,226007.0
2022-10-19,389934.0,227823.0
2022-10-20,388200.0,228307.0
2022-10-21,389120.0,230098.0
2022-10-24,389204.0,230509.0
2022-10-25,391180.0,229875.0
2022-10-26,388930.0,229219.0
2022-10-27,390119.0,229341.0
