Date,Volume
2013-01-02,5848.0
2013-01-03,16992.0
2013-01-04,6251.0
2013-01-07,10879.0
2013-01-08,15954.0
2013-01-09,18231.0
2013-01-10,13133.0
2013-01-11,17091.0
2013-01-14,13707.0
2013-01-15,14595.0
2013-01-16,20203.0
2013-01-17,19069.0
2013-01-18,24189.0
2013-01-21,22492.0
2013-01-22,28410.0
2013-01-23,26426.0
2013-01-24,35274.0
2013-01-25,31554.0
2013-01-28,14261.0
2013-01-29,20899.0
2013-01-30,20574.0
2013-01-31,22492.0
2013-02-01,35982.0
2013-02-04,30797.0
2013-02-05,29549.0
2013-02-06,34774.0
2013-02-07,34032.0
2013-02-08,30135.0
2013-02-11,21046.0
2013-02-12,22170.0
2013-02-13,43579.0
2013-02-14,23960.0
2013-02-15,18068.0
2013-02-18,30092.0
2013-02-19,55730.0
2013-02-20,24664.0
2013-02-21,33766.0
2013-02-22,27840.0
2013-02-25,23843.0
2013-02-26,21924.0
2013-02-27,15056.0
2013-02-28,20199.0
2013-03-01,23875.0
2013-03-04,10884.0
2013-03-05,19569.0
2013-03-06,19597.0
2013-03-07,13722.0
2013-03-08,12389.0
2013-03-11,21551.0
2013-03-12,39057.0
2013-03-13,24934.0
2013-03-14,33113.0
2013-03-15,24915.0
2013-03-18,20336.0
2013-03-19,15056.0
2013-03-20,26846.0
2013-03-21,33467.0
2013-03-22,17761.0
2013-03-25,15947.0
2013-03-26,22046.0
2013-03-27,25168.0
2013-03-28,22911.0
2013-04-02,14142.0
2013-04-03,17314.0
2013-04-04,14959.0
2013-04-05,17020.0
2013-04-08,12655.0
2013-04-09,29261.0
2013-04-10,31311.0
2013-04-11,17741.0
2013-04-12,18985.0
2013-04-15,15390.0
2013-04-16,82526.0
2013-04-17,47769.0
2013-04-18,30293.0
2013-04-19,18140.0
2013-04-22,15250.0
2013-04-23,26033.0
2013-04-24,15104.0
2013-04-25,24975.0
2013-04-26,13581.0
2013-04-29,10530.0
2013-04-30,21840.0
2013-05-01,10112.0
2013-05-02,13035.0
2013-05-03,27012.0
2013-05-06,7712.0
2013-05-07,19470.0
2013-05-08,16535.0
2013-05-09,9771.0
2013-05-10,12827.0
2013-05-13,15361.0
2013-05-14,12900.0
2013-05-15,13898.0
2013-05-16,14263.0
2013-05-17,12505.0
2013-05-20,5716.0
2013-05-21,12815.0
2013-05-22,20405.0
2013-05-23,14962.0
2013-05-24,21245.0
2013-05-27,6035.0
2013-05-28,9096.0
2013-05-29,13791.0
2013-05-30,8779.0
2013-05-31,23652.0
2013-06-03,14243.0
2013-06-04,19052.0
2013-06-05,14942.0
2013-06-06,19061.0
2013-06-07,21524.0
2013-06-10,21544.0
2013-06-11,22430.0
2013-06-12,21935.0
2013-06-13,39787.0
2013-06-14,26190.0
2013-06-17,15584.0
2013-06-18,29159.0
2013-06-19,29500.0
2013-06-20,23420.0
2013-06-21,15687.0
2013-06-24,20297.0
2013-06-25,26818.0
2013-06-26,10493.0
2013-06-27,11912.0
2013-06-28,13086.0
2013-07-01,9501.0
2013-07-02,15040.0
2013-07-03,56013.0
2013-07-04,9823.0
2013-07-05,11459.0
2013-07-08,14192.0
2013-07-09,16092.0
2013-07-10,12786.0
2013-07-11,11204.0
2013-07-12,10122.0
2013-07-15,8857.0
2013-07-16,13849.0
2013-07-17,8177.0
2013-07-18,8101.0
2013-07-19,11867.0
2013-07-22,9378.0
2013-07-23,10394.0
2013-07-24,23270.0
2013-07-25,9899.0
2013-07-26,8885.0
2013-07-29,10965.0
2013-07-30,12006.0
2013-07-31,14577.0
2013-08-01,10457.0
2013-08-02,7920.0
2013-08-05,4804.0
2013-08-06,6752.0
2013-08-07,11029.0
2013-08-08,7579.0
2013-08-09,8955.0
2013-08-12,11146.0
2013-08-13,10511.0
2013-08-14,4861.0
2013-08-15,12103.0
2013-08-16,5831.0
2013-08-19,5284.0
2013-08-20,7846.0
2013-08-21,10670.0
2013-08-22,12300.0
2013-08-23,6152.0
2013-08-26,2874.0
2013-08-27,9145.0
2013-08-28,11121.0
2013-08-29,7491.0
2013-08-30,5794.0
2013-09-02,9812.0
2013-09-03,13948.0
2013-09-04,13535.0
2013-09-05,22723.0
2013-09-06,26948.0
2013-09-09,20223.0
2013-09-10,13529.0
2013-09-11,16256.0
2013-09-12,29440.0
2013-09-13,22112.0
2013-09-16,16535.0
2013-09-17,18805.0
2013-09-18,22404.0
2013-09-19,16497.0
2013-09-20,14833.0
2013-09-23,17327.0
2013-09-24,10845.0
2013-09-25,16321.0
2013-09-26,9995.0
2013-09-27,22975.0
2013-09-30,27423.0
2013-10-01,13229.0
2013-10-02,11727.0
2013-10-03,7934.0
2013-10-04,11250.0
2013-10-07,22892.0
2013-10-08,20851.0
2013-10-09,16580.0
2013-10-10,17275.0
2013-10-11,12932.0
2013-10-14,11652.0
2013-10-15,22230.0
2013-10-16,33815.0
2013-10-17,15087.0
2013-10-18,14714.0
2013-10-21,28212.0
2013-10-22,15269.0
2013-10-23,10933.0
2013-10-24,17354.0
2013-10-25,33591.0
2013-10-28,10128.0
2013-10-29,20331.0
2013-10-30,13357.0
2013-10-31,13617.0
2013-11-01,12104.0
2013-11-04,22683.0
2013-11-05,16141.0
2013-11-06,12198.0
2013-11-07,15478.0
2013-11-08,23079.0
2013-11-11,17322.0
2013-11-12,15247.0
2013-11-13,13831.0
2013-11-14,14645.0
2013-11-15,10258.0
2013-11-18,20803.0
2013-11-19,26652.0
2013-11-20,11377.0
2013-11-21,12329.0
2013-11-22,32165.0
2013-11-25,21583.0
2013-11-26,21065.0
2013-11-27,37481.0
2013-11-28,36119.0
2013-11-29,20303.0
2013-12-02,26197.0
2013-12-03,15317.0
2013-12-04,10117.0
2013-12-05,22333.0
2013-12-06,16468.0
2013-12-09,29962.0
2013-12-10,28735.0
2013-12-11,22322.0
2013-12-12,18264.0
2013-12-13,13044.0
2013-12-16,17267.0
2013-12-17,9736.0
2013-12-18,13601.0
2013-12-19,9714.0
2013-12-20,15066.0
2013-12-23,2238.0
2013-12-24,2271.0
2013-12-27,2516.0
2013-12-30,2271.0
2013-12-31,1460.0
2014-01-02,4150.0
2014-01-03,6576.0
2014-01-06,7032.0
2014-01-07,14757.0
2014-01-08,25643.0
2014-01-09,16486.0
2014-01-10,14780.0
2014-01-13,17109.0
2014-01-14,27542.0
2014-01-15,27036.0
2014-01-16,34971.0
2014-01-17,21056.0
2014-01-20,25436.0
2014-01-21,12091.0
2014-01-22,17385.0
2014-01-23,23103.0
2014-01-24,18296.0
2014-01-27,32527.0
2014-01-28,20445.0
2014-01-29,25103.0
2014-01-30,36112.0
2014-01-31,22702.0
2014-02-03,32095.0
2014-02-04,31731.0
2014-02-05,32240.0
2014-02-06,49719.0
2014-02-07,22394.0
2014-02-10,12413.0
2014-02-11,22133.0
2014-02-12,15575.0
2014-02-13,31796.0
2014-02-14,21665.0
2014-02-17,21302.0
2014-02-18,11258.0
2014-02-19,33663.0
2014-02-20,20556.0
2014-02-21,14365.0
2014-02-24,18263.0
2014-02-25,45885.0
2014-02-26,34034.0
2014-02-27,23986.0
2014-02-28,32321.0
2014-03-03,26641.0
2014-03-04,38907.0
2014-03-05,19126.0
2014-03-06,14189.0
2014-03-07,23049.0
2014-03-10,14150.0
2014-03-11,23663.0
2014-03-12,31927.0
2014-03-13,24643.0
2014-03-14,20653.0
2014-03-17,35087.0
2014-03-18,23857.0
2014-03-19,24196.0
2014-03-20,18604.0
2014-03-21,13448.0
2014-03-24,32186.0
2014-03-25,32313.0
2014-03-26,20252.0
2014-03-27,76021.0
2014-03-28,84346.0
2014-03-31,43421.0
2014-04-01,34487.0
2014-04-02,23593.0
2014-04-03,19167.0
2014-04-04,13273.0
2014-04-07,31494.0
2014-04-08,23790.0
2014-04-09,17039.0
2014-04-10,15285.0
2014-04-11,20261.0
2014-04-14,14542.0
2014-04-15,24415.0
2014-04-16,15547.0
2014-04-17,20563.0
2014-04-22,10715.0
2014-04-23,11294.0
2014-04-24,15983.0
2014-04-25,41832.0
2014-04-28,31731.0
2014-04-29,19589.0
2014-04-30,12390.0
2014-05-01,2989.0
2014-05-02,12433.0
2014-05-05,7779.0
2014-05-06,11888.0
2014-05-07,14136.0
2014-05-08,13134.0
2014-05-09,8695.0
2014-05-12,9420.0
2014-05-13,10113.0
2014-05-14,22863.0
2014-05-15,33901.0
2014-05-16,13435.0
2014-05-19,25120.0
2014-05-20,23406.0
2014-05-21,20946.0
2014-05-22,24890.0
2014-05-23,15779.0
2014-05-26,3759.0
2014-05-27,7567.0
2014-05-28,9761.0
2014-05-29,9615.0
2014-05-30,9539.0
2014-06-02,17964.0
2014-06-03,17312.0
2014-06-04,17715.0
2014-06-05,15516.0
2014-06-06,14369.0
2014-06-09,3811.0
2014-06-10,8008.0
2014-06-11,22955.0
2014-06-12,13605.0
2014-06-13,14543.0
2014-06-16,9654.0
2014-06-17,11320.0
2014-06-18,9678.0
2014-06-19,9945.0
2014-06-20,7206.0
2014-06-23,9835.0
2014-06-24,19125.0
2014-06-25,11191.0
2014-06-26,13633.0
2014-06-27,7112.0
2014-06-30,12548.0
2014-07-01,17588.0
2014-07-02,15123.0
2014-07-03,13198.0
2014-07-04,22634.0
2014-07-07,17192.0
2014-07-08,8747.0
2014-07-09,7557.0
2014-07-10,10574.0
2014-07-11,8037.0
2014-07-14,10103.0
2014-07-15,10225.0
2014-07-16,16792.0
2014-07-17,22958.0
2014-07-18,12522.0
2014-07-21,15793.0
2014-07-22,23796.0
2014-07-23,12136.0
2014-07-24,18687.0
2014-07-25,13961.0
2014-07-28,13896.0
2014-07-29,20263.0
2014-07-30,12837.0
2014-07-31,11760.0
2014-08-01,14141.0
2014-08-04,9407.0
2014-08-05,8649.0
2014-08-06,8358.0
2014-08-07,20419.0
2014-08-08,23388.0
2014-08-11,10291.0
2014-08-12,11269.0
2014-08-13,8356.0
2014-08-14,6223.0
2014-08-15,11614.0
2014-08-18,9276.0
2014-08-19,14434.0
2014-08-20,13428.0
2014-08-21,8933.0
2014-08-22,3430.0
2014-08-25,2442.0
2014-08-26,4893.0
2014-08-27,8321.0
2014-08-28,8074.0
2014-08-29,5193.0
2014-09-01,9726.0
2014-09-02,6643.0
2014-09-03,9355.0
2014-09-04,24836.0
2014-09-05,13822.0
2014-09-08,24823.0
2014-09-09,17251.0
2014-09-10,10779.0
2014-09-11,8067.0
2014-09-12,9932.0
2014-09-15,10880.0
2014-09-16,21251.0
2014-09-17,16224.0
2014-09-18,15203.0
2014-09-19,11562.0
2014-09-22,8056.0
2014-09-23,26053.0
2014-09-24,12090.0
2014-09-25,10629.0
2014-09-26,11033.0
2014-09-29,19196.0
2014-09-30,18267.0
2014-10-01,8324.0
2014-10-02,11399.0
2014-10-03,19038.0
2014-10-06,11539.0
2014-10-07,10146.0
2014-10-08,27201.0
2014-10-09,13714.0
2014-10-10,13189.0
2014-10-13,8922.0
2014-10-14,10799.0
2014-10-15,13627.0
2014-10-16,13651.0
2014-10-17,11428.0
2014-10-20,10199.0
2014-10-21,9608.0
2014-10-22,11713.0
2014-10-23,16167.0
2014-10-24,14608.0
2014-10-27,6153.0
2014-10-28,14280.0
2014-10-29,15194.0
2014-10-30,12234.0
2014-10-31,8711.0
2014-11-03,20561.0
2014-11-04,20218.0
2014-11-05,14500.0
2014-11-06,11992.0
2014-11-07,16435.0
2014-11-10,9132.0
2014-11-11,11993.0
2014-11-12,17848.0
2014-11-13,16911.0
2014-11-14,18412.0
2014-11-17,16250.0
2014-11-18,25712.0
2014-11-19,15383.0
2014-11-20,10105.0
2014-11-21,14064.0
2014-11-24,15986.0
2014-11-25,31209.0
2014-11-26,13876.0
2014-11-27,16728.0
2014-11-28,11361.0
2014-12-01,22821.0
2014-12-02,27570.0
2014-12-03,19839.0
2014-12-04,23326.0
2014-12-05,25901.0
2014-12-08,11458.0
2014-12-09,17450.0
2014-12-10,53152.0
2014-12-11,22022.0
2014-12-12,22469.0
2014-12-15,16826.0
2014-12-16,9457.0
2014-12-17,10371.0
2014-12-18,6131.0
2014-12-19,6413.0
2014-12-22,2366.0
2014-12-23,4603.0
2014-12-24,3048.0
2014-12-29,3490.0
2014-12-30,2662.0
2014-12-31,2274.0
2015-01-02,6426.0
2015-01-05,10661.0
2015-01-06,15512.0
2015-01-07,13614.0
2015-01-08,14640.0
2015-01-09,11834.0
2015-01-12,13878.0
2015-01-13,33242.0
2015-01-14,15687.0
2015-01-15,20090.0
2015-01-16,11621.0
2015-01-19,15547.0
2015-01-20,19139.0
2015-01-21,27284.0
2015-01-22,46027.0
2015-01-23,14839.0
2015-01-26,11638.0
2015-01-27,10814.0
2015-01-28,15251.0
2015-01-29,16560.0
2015-01-30,12373.0
2015-02-02,10396.0
2015-02-03,9253.0
2015-02-04,14509.0
2015-02-05,17199.0
2015-02-06,11562.0
2015-02-09,9374.0
2015-02-10,19909.0
2015-02-11,20431.0
2015-02-12,25418.0
2015-02-13,28133.0
2015-02-16,18924.0
2015-02-17,20061.0
2015-02-18,18631.0
2015-02-19,13019.0
2015-02-20,11388.0
2015-02-23,24533.0
2015-02-24,22200.0
2015-02-25,34093.0
2015-02-26,28413.0
2015-02-27,19780.0
2015-03-02,12590.0
2015-03-03,20049.0
2015-03-04,24433.0
2015-03-05,18263.0
2015-03-06,21771.0
2015-03-09,10752.0
2015-03-10,17872.0
2015-03-11,9869.0
2015-03-12,23197.0
2015-03-13,24026.0
2015-03-16,13474.0
2015-03-17,18470.0
2015-03-18,16432.0
2015-03-19,12626.0
2015-03-20,21473.0
2015-03-23,19071.0
2015-03-24,18595.0
2015-03-25,36072.0
2015-03-26,29900.0
2015-03-27,15271.0
2015-03-30,6815.0
2015-03-31,15788.0
2015-04-01,23320.0
2015-04-02,10066.0
2015-04-07,6732.0
2015-04-08,7255.0
2015-04-09,9180.0
2015-04-10,17373.0
2015-04-13,18406.0
2015-04-14,12343.0
2015-04-15,5801.0
2015-04-16,6392.0
2015-04-17,7925.0
2015-04-20,14361.0
2015-04-21,11372.0
2015-04-22,9777.0
2015-04-23,22033.0
2015-04-24,14102.0
2015-04-27,13044.0
2015-04-28,13580.0
2015-04-29,27438.0
2015-04-30,17644.0
2015-05-01,4592.0
2015-05-04,6399.0
2015-05-05,10573.0
2015-05-06,15396.0
2015-05-07,12590.0
2015-05-08,8860.0
2015-05-11,11168.0
2015-05-12,11010.0
2015-05-13,13520.0
2015-05-14,2357.0
2015-05-15,9865.0
2015-05-18,7103.0
2015-05-19,15406.0
2015-05-20,13193.0
2015-05-21,9593.0
2015-05-22,9813.0
2015-05-25,752.0
2015-05-26,8244.0
2015-05-27,7911.0
2015-05-28,11582.0
2015-05-29,10936.0
2015-06-01,6410.0
2015-06-02,16403.0
2015-06-03,11137.0
2015-06-04,8076.0
2015-06-05,9796.0
2015-06-08,6537.0
2015-06-09,15842.0
2015-06-10,7336.0
2015-06-11,13777.0
2015-06-12,8667.0
2015-06-15,6709.0
2015-06-16,11566.0
2015-06-17,7715.0
2015-06-18,4352.0
2015-06-19,14977.0
2015-06-22,8164.0
2015-06-23,7879.0
2015-06-24,10024.0
2015-06-25,8602.0
2015-06-26,8925.0
2015-06-29,16262.0
2015-06-30,9026.0
2015-07-01,11716.0
2015-07-02,8139.0
2015-07-03,11728.0
2015-07-06,6078.0
2015-07-07,13753.0
2015-07-08,16641.0
2015-07-09,6038.0
2015-07-10,8182.0
2015-07-13,15139.0
2015-07-14,14790.0
2015-07-15,7084.0
2015-07-16,9591.0
2015-07-17,10302.0
2015-07-20,19657.0
2015-07-21,12333.0
2015-07-22,15698.0
2015-07-23,24105.0
2015-07-24,8824.0
2015-07-27,6616.0
2015-07-28,13072.0
2015-07-29,8001.0
2015-07-30,13982.0
2015-07-31,6996.0
2015-08-03,6211.0
2015-08-04,6077.0
2015-08-05,6805.0
2015-08-06,3368.0
2015-08-07,5255.0
2015-08-10,7151.0
2015-08-11,10039.0
2015-08-12,11709.0
2015-08-13,10524.0
2015-08-14,8499.0
2015-08-17,4791.0
2015-08-18,5712.0
2015-08-19,8936.0
2015-08-20,12057.0
2015-08-21,10914.0
2015-08-24,12642.0
2015-08-25,7410.0
2015-08-26,11585.0
2015-08-27,10676.0
2015-08-28,7431.0
2015-08-31,2800.0
2015-09-01,17332.0
2015-09-02,15691.0
2015-09-03,9813.0
2015-09-04,5797.0
2015-09-07,7324.0
2015-09-08,9700.0
2015-09-09,13393.0
2015-09-10,16919.0
2015-09-11,6998.0
2015-09-14,3767.0
2015-09-15,16521.0
2015-09-16,9876.0
2015-09-17,4972.0
2015-09-18,7738.0
2015-09-21,11183.0
2015-09-22,6574.0
2015-09-23,11283.0
2015-09-24,16080.0
2015-09-25,23841.0
2015-09-28,24462.0
2015-09-29,9716.0
2015-09-30,36240.0
2015-10-01,11088.0
2015-10-02,10217.0
2015-10-05,8309.0
2015-10-06,7920.0
2015-10-07,11511.0
2015-10-08,7180.0
2015-10-09,15175.0
2015-10-12,10914.0
2015-10-13,7699.0
2015-10-14,12664.0
2015-10-15,11989.0
2015-10-16,9337.0
2015-10-19,7346.0
2015-10-20,43833.0
2015-10-21,8598.0
2015-10-22,16659.0
2015-10-23,13869.0
2015-10-26,7487.0
2015-10-27,10688.0
2015-10-28,16994.0
2015-10-29,8546.0
2015-10-30,6041.0
2015-11-02,9456.0
2015-11-03,18927.0
2015-11-04,20347.0
2015-11-05,8576.0
2015-11-06,10919.0
2015-11-09,9684.0
2015-11-10,15956.0
2015-11-11,11961.0
2015-11-12,14327.0
2015-11-13,7598.0
2015-11-16,12837.0
2015-11-17,13694.0
2015-11-18,11780.0
2015-11-19,9441.0
2015-11-20,10984.0
2015-11-23,15138.0
2015-11-24,16290.0
2015-11-25,10373.0
2015-11-26,10986.0
2015-11-27,7459.0
2015-11-30,15670.0
2015-12-01,11407.0
2015-12-02,20933.0
2015-12-03,22650.0
2015-12-04,36044.0
2015-12-07,28898.0
2015-12-08,25715.0
2015-12-09,17266.0
2015-12-10,35114.0
2015-12-11,24792.0
2015-12-14,23522.0
2015-12-15,11557.0
2015-12-16,10812.0
2015-12-17,13669.0
2015-12-18,8225.0
2015-12-21,5773.0
2015-12-22,6057.0
2015-12-23,3914.0
2015-12-24,1959.0
2015-12-28,1385.0
2015-12-29,3116.0
2015-12-30,2750.0
2015-12-31,630.0
2016-01-04,6712.0
2016-01-05,6485.0
2016-01-06,17402.0
2016-01-07,26432.0
2016-01-08,16650.0
2016-01-11,20534.0
2016-01-12,27073.0
2016-01-13,22763.0
2016-01-14,18814.0
2016-01-15,25932.0
2016-01-18,17152.0
2016-01-19,17647.0
2016-01-20,30168.0
2016-01-21,38312.0
2016-01-22,19654.0
2016-01-25,29348.0
2016-01-26,22129.0
2016-01-27,19880.0
2016-01-28,26886.0
2016-01-29,23182.0
2016-02-01,16902.0
2016-02-02,23150.0
2016-02-03,16180.0
2016-02-04,14933.0
2016-02-05,12302.0
2016-02-08,19683.0
2016-02-09,28095.0
2016-02-10,29197.0
2016-02-11,20380.0
2016-02-12,21964.0
2016-02-15,11577.0
2016-02-16,18422.0
2016-02-17,24135.0
2016-02-18,26916.0
2016-02-19,16797.0
2016-02-22,23601.0
2016-02-23,25528.0
2016-02-24,17889.0
2016-02-25,15271.0
2016-02-26,13641.0
2016-02-29,8653.0
2016-03-01,13087.0
2016-03-02,17413.0
2016-03-03,12497.0
2016-03-04,13113.0
2016-03-07,15659.0
2016-03-08,29907.0
2016-03-09,13047.0
2016-03-10,20833.0
2016-03-11,8880.0
2016-03-14,7825.0
2016-03-15,11312.0
2016-03-16,8265.0
2016-03-17,14726.0
2016-03-18,9718.0
2016-03-21,8225.0
2016-03-22,12576.0
2016-03-23,10478.0
2016-03-24,9350.0
2016-03-29,6184.0
2016-03-30,10174.0
2016-03-31,11113.0
2016-04-01,17098.0
2016-04-04,11646.0
2016-04-05,14596.0
2016-04-06,10826.0
2016-04-07,8388.0
2016-04-08,9455.0
2016-04-11,17070.0
2016-04-12,12075.0
2016-04-13,8741.0
2016-04-14,13093.0
2016-04-15,11869.0
2016-04-18,9704.0
2016-04-19,12174.0
2016-04-20,11150.0
2016-04-21,17716.0
2016-04-22,22072.0
2016-04-25,15186.0
2016-04-26,43705.0
2016-04-27,33828.0
2016-04-28,30507.0
2016-04-29,38840.0
2016-05-02,5936.0
2016-05-03,22368.0
2016-05-04,20317.0
2016-05-05,17180.0
2016-05-06,18423.0
2016-05-09,16442.0
2016-05-10,12639.0
2016-05-11,11860.0
2016-05-12,15663.0
2016-05-13,11495.0
2016-05-16,7626.0
2016-05-17,15397.0
2016-05-18,15069.0
2016-05-19,13430.0
2016-05-20,10051.0
2016-05-23,11843.0
2016-05-24,8796.0
2016-05-25,13474.0
2016-05-26,9770.0
2016-05-27,10184.0
2016-05-30,1863.0
2016-05-31,11268.0
2016-06-01,10802.0
2016-06-02,9391.0
2016-06-03,8322.0
2016-06-06,15011.0
2016-06-07,15555.0
2016-06-08,13548.0
2016-06-09,12406.0
2016-06-10,13018.0
2016-06-13,8211.0
2016-06-14,12518.0
2016-06-15,11712.0
2016-06-16,13862.0
2016-06-17,16705.0
2016-06-20,13611.0
2016-06-21,17997.0
2016-06-22,13811.0
2016-06-23,9133.0
2016-06-24,30159.0
2016-06-27,17512.0
2016-06-28,14234.0
2016-06-29,22577.0
2016-06-30,11310.0
2016-07-01,19628.0
2016-07-04,16250.0
2016-07-05,14212.0
2016-07-06,12904.0
2016-07-07,15098.0
2016-07-08,11547.0
2016-07-11,14611.0
2016-07-12,16027.0
2016-07-13,16026.0
2016-07-14,11385.0
2016-07-15,13086.0
2016-07-18,12582.0
2016-07-19,9217.0
2016-07-20,11768.0
2016-07-21,7229.0
2016-07-22,10502.0
2016-07-25,6194.0
2016-07-26,10715.0
2016-07-27,10881.0
2016-07-28,14628.0
2016-07-29,10498.0
2016-08-01,4810.0
2016-08-02,6709.0
2016-08-03,8677.0
2016-08-04,10904.0
2016-08-05,11343.0
2016-08-08,7990.0
2016-08-09,10980.0
2016-08-10,10470.0
2016-08-11,7266.0
2016-08-12,4453.0
2016-08-15,6004.0
2016-08-16,6412.0
2016-08-17,8790.0
2016-08-18,8185.0
2016-08-19,8397.0
2016-08-22,5390.0
2016-08-23,9038.0
2016-08-24,7477.0
2016-08-25,3350.0
2016-08-26,3072.0
2016-08-29,1069.0
2016-08-30,7417.0
2016-08-31,11799.0
2016-09-01,6598.0
2016-09-02,18039.0
2016-09-05,11215.0
2016-09-06,9197.0
2016-09-07,9284.0
2016-09-08,8761.0
2016-09-09,6477.0
2016-09-12,6908.0
2016-09-13,6022.0
2016-09-14,6929.0
2016-09-15,8070.0
2016-09-16,14014.0
2016-09-19,12878.0
2016-09-20,11470.0
2016-09-21,8406.0
2016-09-22,13783.0
2016-09-23,13886.0
2016-09-26,9905.0
2016-09-27,12295.0
2016-09-28,26242.0
2016-09-29,21638.0
2016-09-30,14555.0
2016-10-03,15142.0
2016-10-04,11727.0
2016-10-05,16396.0
2016-10-06,28071.0
2016-10-07,16061.0
2016-10-10,11694.0
2016-10-11,11204.0
2016-10-12,10280.0
2016-10-13,10026.0
2016-10-14,9972.0
2016-10-17,9987.0
2016-10-18,13428.0
2016-10-19,16027.0
2016-10-20,10695.0
2016-10-21,9944.0
2016-10-24,7817.0
2016-10-25,10315.0
2016-10-26,12299.0
2016-10-27,12619.0
2016-10-28,7197.0
2016-10-31,12806.0
2016-11-01,12634.0
2016-11-02,17214.0
2016-11-03,19585.0
2016-11-04,10084.0
2016-11-07,12740.0
2016-11-08,14380.0
2016-11-09,12134.0
2016-11-10,9601.0
2016-11-11,15169.0
2016-11-14,14932.0
2016-11-15,12568.0
2016-11-16,12201.0
2016-11-17,20063.0
2016-11-18,11801.0
2016-11-21,11085.0
2016-11-22,18325.0
2016-11-23,11257.0
2016-11-24,11285.0
2016-11-25,23778.0
2016-11-28,17187.0
2016-11-29,21128.0
2016-11-30,16816.0
2016-12-01,15000.0
2016-12-02,23234.0
2016-12-05,23625.0
2016-12-06,20978.0
2016-12-07,19141.0
2016-12-08,16365.0
2016-12-09,16739.0
2016-12-12,20871.0
2016-12-13,23633.0
2016-12-14,25669.0
2016-12-15,20358.0
2016-12-16,22511.0
2016-12-19,16004.0
2016-12-20,6315.0
2016-12-21,11068.0
2016-12-22,11419.0
2016-12-23,4469.0
2016-12-27,2297.0
2016-12-28,4361.0
2016-12-29,5979.0
2016-12-30,4424.0
2017-01-02,3395.0
2017-01-03,16546.0
2017-01-04,16646.0
2017-01-05,13598.0
2017-01-06,15248.0
2017-01-09,15901.0
2017-01-10,21823.0
2017-01-11,15423.0
2017-01-12,19785.0
2017-01-13,14649.0
2017-01-16,14490.0
2017-01-17,10993.0
2017-01-18,11450.0
2017-01-19,13202.0
2017-01-20,13486.0
2017-01-23,13399.0
2017-01-24,12147.0
2017-01-25,13530.0
2017-01-26,12033.0
2017-01-27,9370.0
2017-01-30,10365.0
2017-01-31,10728.0
2017-02-01,9280.0
2017-02-02,8644.0
2017-02-03,7556.0
2017-02-06,7532.0
2017-02-07,10792.0
2017-02-08,9425.0
2017-02-09,12411.0
2017-02-10,10979.0
2017-02-13,10558.0
2017-02-14,8575.0
2017-02-15,11952.0
2017-02-16,9376.0
2017-02-17,11108.0
2017-02-20,9117.0
2017-02-21,8673.0
2017-02-22,9995.0
2017-02-23,14451.0
2017-02-24,12774.0
2017-02-27,13830.0
2017-02-28,10380.0
2017-03-01,30679.0
2017-03-02,25526.0
2017-03-03,14252.0
2017-03-06,8973.0
2017-03-07,11541.0
2017-03-08,14928.0
2017-03-09,10839.0
2017-03-10,8324.0
2017-03-13,8234.0
2017-03-14,10216.0
2017-03-15,8175.0
2017-03-16,10764.0
2017-03-17,5858.0
2017-03-20,12424.0
2017-03-21,10228.0
2017-03-22,20582.0
2017-03-23,9858.0
2017-03-24,13268.0
2017-03-27,13782.0
2017-03-28,10343.0
2017-03-29,14013.0
2017-03-30,12974.0
2017-03-31,8732.0
2017-04-03,15248.0
2017-04-04,12063.0
2017-04-05,15083.0
2017-04-06,13880.0
2017-04-07,11429.0
2017-04-10,9489.0
2017-04-11,11469.0
2017-04-12,10574.0
2017-04-13,8361.0
2017-04-18,7631.0
2017-04-19,13062.0
2017-04-20,10346.0
2017-04-21,12784.0
2017-04-24,11228.0
2017-04-25,18764.0
2017-04-26,12573.0
2017-04-27,8695.0
2017-04-28,27235.0
2017-05-02,12622.0
2017-05-03,9658.0
2017-05-04,12343.0
2017-05-05,16551.0
2017-05-08,9462.0
2017-05-09,9499.0
2017-05-10,12131.0
2017-05-11,15064.0
2017-05-12,9548.0
2017-05-15,7953.0
2017-05-16,12574.0
2017-05-17,14761.0
2017-05-18,13709.0
2017-05-19,10298.0
2017-05-22,11141.0
2017-05-23,18337.0
2017-05-24,12491.0
2017-05-25,5571.0
2017-05-26,11796.0
2017-05-29,3835.0
2017-05-30,11436.0
2017-05-31,12389.0
2017-06-01,10919.0
2017-06-02,9274.0
2017-06-05,5273.0
2017-06-06,12045.0
2017-06-07,10924.0
2017-06-08,11355.0
2017-06-09,6391.0
2017-06-12,10625.0
2017-06-13,6926.0
2017-06-14,8787.0
2017-06-15,6139.0
2017-06-16,8167.0
2017-06-19,10167.0
2017-06-20,9278.0
2017-06-21,11748.0
2017-06-22,7151.0
2017-06-23,5158.0
2017-06-26,8577.0
2017-06-27,6852.0
2017-06-28,7742.0
2017-06-29,15058.0
2017-06-30,10912.0
2017-07-03,7706.0
2017-07-04,7956.0
2017-07-05,14155.0
2017-07-06,12647.0
2017-07-07,15495.0
2017-07-10,14195.0
2017-07-11,11829.0
2017-07-12,10034.0
2017-07-13,18485.0
2017-07-14,9529.0
2017-07-17,7649.0
2017-07-18,9602.0
2017-07-19,11634.0
2017-07-20,11032.0
2017-07-21,13244.0
2017-07-24,7839.0
2017-07-25,14238.0
2017-07-26,7725.0
2017-07-27,9601.0
2017-07-28,10829.0
2017-07-31,5677.0
2017-08-01,7145.0
2017-08-02,13293.0
2017-08-03,6298.0
2017-08-04,6331.0
2017-08-07,3737.0
2017-08-08,6916.0
2017-08-09,8834.0
2017-08-10,7194.0
2017-08-11,5945.0
2017-08-14,10214.0
2017-08-15,11043.0
2017-08-16,21800.0
2017-08-17,12262.0
2017-08-18,8807.0
2017-08-21,5416.0
2017-08-22,7435.0
2017-08-23,31895.0
2017-08-24,11776.0
2017-08-25,6754.0
2017-08-28,2540.0
2017-08-29,8449.0
2017-08-30,10619.0
2017-08-31,8012.0
2017-09-01,13622.0
2017-09-04,7049.0
2017-09-05,18862.0
2017-09-06,29290.0
2017-09-07,15684.0
2017-09-08,16070.0
2017-09-11,20434.0
2017-09-12,14538.0
2017-09-13,14190.0
2017-09-14,29645.0
2017-09-15,21385.0
2017-09-18,11853.0
2017-09-19,34279.0
2017-09-20,11276.0
2017-09-21,19539.0
2017-09-22,11634.0
2017-09-25,37919.0
2017-09-26,30624.0
2017-09-27,16235.0
2017-09-28,26580.0
2017-09-29,12703.0
2017-10-02,14233.0
2017-10-03,7722.0
2017-10-04,13852.0
2017-10-05,10730.0
2017-10-06,13151.0
2017-10-09,9773.0
2017-10-10,18895.0
2017-10-11,17270.0
2017-10-12,14723.0
2017-10-13,15999.0
2017-10-16,8078.0
2017-10-17,11611.0
2017-10-18,19011.0
2017-10-19,17820.0
2017-10-20,14137.0
2017-10-23,8612.0
2017-10-24,14802.0
2017-10-25,17711.0
2017-10-26,15826.0
2017-10-27,24094.0
2017-10-30,16414.0
2017-10-31,13296.0
2017-11-01,13723.0
2017-11-02,12867.0
2017-11-03,12052.0
2017-11-06,10389.0
2017-11-07,14009.0
2017-11-08,11045.0
2017-11-09,23609.0
2017-11-10,17856.0
2017-11-13,9146.0
2017-11-14,15799.0
2017-11-15,13159.0
2017-11-16,13527.0
2017-11-17,10050.0
2017-11-20,13728.0
2017-11-21,9105.0
2017-11-22,21479.0
2017-11-23,23003.0
2017-11-24,13917.0
2017-11-27,11529.0
2017-11-28,14588.0
2017-11-29,20674.0
2017-11-30,11551.0
2017-12-01,16013.0
2017-12-04,17606.0
2017-12-05,12933.0
2017-12-06,17026.0
2017-12-07,12374.0
2017-12-08,15526.0
2017-12-11,22329.0
2017-12-12,32793.0
2017-12-13,42024.0
2017-12-14,40990.0
2017-12-15,33620.0
2017-12-18,13043.0
2017-12-19,11012.0
2017-12-20,14033.0
2017-12-21,12565.0
2017-12-22,7686.0
2017-12-27,2919.0
2017-12-28,2554.0
2017-12-29,5510.0
2018-01-02,9626.0
2018-01-03,7957.0
2018-01-04,10379.0
2018-01-05,5560.0
2018-01-08,14246.0
2018-01-09,8966.0
2018-01-10,9214.0
2018-01-11,17686.0
2018-01-12,8316.0
2018-01-15,8769.0
2018-01-16,16506.0
2018-01-17,12749.0
2018-01-18,17727.0
2018-01-19,17882.0
2018-01-22,15819.0
2018-01-23,19816.0
2018-01-24,27566.0
2018-01-25,24308.0
2018-01-26,20425.0
2018-01-29,10640.0
2018-01-30,13103.0
2018-01-31,17389.0
2018-02-01,17165.0
2018-02-02,12455.0
2018-02-05,14679.0
2018-02-06,15390.0
2018-02-07,14968.0
2018-02-08,16769.0
2018-02-09,13275.0
2018-02-12,12290.0
2018-02-13,30671.0
2018-02-14,20558.0
2018-02-15,11338.0
2018-02-16,16673.0
2018-02-19,12847.0
2018-02-20,18261.0
2018-02-21,10682.0
2018-02-22,16639.0
2018-02-23,23697.0
2018-02-26,8140.0
2018-02-27,23499.0
2018-02-28,16084.0
2018-03-01,13301.0
2018-03-02,11157.0
2018-03-05,13565.0
2018-03-06,12216.0
2018-03-07,14216.0
2018-03-08,21729.0
2018-03-09,16166.0
2018-03-12,22208.0
2018-03-13,17550.0
2018-03-14,24588.0
2018-03-15,19958.0
2018-03-16,14003.0
2018-03-19,16397.0
2018-03-20,26824.0
2018-03-21,43495.0
2018-03-22,34457.0
2018-03-23,24105.0
2018-03-26,30906.0
2018-03-27,29349.0
2018-03-28,41613.0
2018-03-29,26019.0
2018-04-03,18796.0
2018-04-04,17632.0
2018-04-05,26562.0
2018-04-06,20771.0
2018-04-09,17917.0
2018-04-10,19372.0
2018-04-11,34412.0
2018-04-12,17555.0
2018-04-13,29321.0
2018-04-16,20358.0
2018-04-17,14537.0
2018-04-18,20319.0
2018-04-19,55738.0
2018-04-20,26963.0
2018-04-23,16861.0
2018-04-24,18555.0
2018-04-25,23369.0
2018-04-26,29967.0
2018-04-27,14131.0
2018-04-30,12374.0
2018-05-01,9971.0
2018-05-02,22728.0
2018-05-03,14227.0
2018-05-04,10414.0
2018-05-07,18940.0
2018-05-08,12142.0
2018-05-09,21150.0
2018-05-10,22106.0
2018-05-11,14017.0
2018-05-14,18455.0
2018-05-15,24468.0
2018-05-16,30083.0
2018-05-17,27843.0
2018-05-18,13345.0
2018-05-21,9145.0
2018-05-22,24515.0
2018-05-23,20340.0
2018-05-24,30098.0
2018-05-25,16797.0
2018-05-28,8557.0
2018-05-29,24195.0
2018-05-30,32985.0
2018-05-31,26982.0
2018-06-01,20480.0
2018-06-04,23474.0
2018-06-05,28755.0
2018-06-06,20757.0
2018-06-07,25250.0
2018-06-08,13356.0
2018-06-11,19248.0
2018-06-12,20392.0
2018-06-13,19678.0
2018-06-14,21534.0
2018-06-15,23171.0
2018-06-18,17342.0
2018-06-19,22150.0
2018-06-20,27774.0
2018-06-21,26034.0
2018-06-22,17159.0
2018-06-25,16901.0
2018-06-26,12913.0
2018-06-27,20605.0
2018-06-28,15912.0
2018-06-29,10329.0
2018-07-02,14296.0
2018-07-03,10765.0
2018-07-04,13299.0
2018-07-05,13447.0
2018-07-06,19594.0
2018-07-09,20748.0
2018-07-10,15390.0
2018-07-11,16823.0
2018-07-12,14265.0
2018-07-13,7370.0
2018-07-16,9711.0
2018-07-17,10475.0
2018-07-18,13773.0
2018-07-19,19023.0
2018-07-20,11293.0
2018-07-23,15917.0
2018-07-24,17823.0
2018-07-25,19175.0
2018-07-26,13637.0
2018-07-27,13533.0
2018-07-30,9045.0
2018-07-31,19570.0
2018-08-01,13460.0
2018-08-02,7123.0
2018-08-03,10411.0
2018-08-06,7695.0
2018-08-07,14040.0
2018-08-08,17456.0
2018-08-09,9494.0
2018-08-10,11181.0
2018-08-13,8713.0
2018-08-14,12084.0
2018-08-15,9632.0
2018-08-16,14066.0
2018-08-17,15267.0
2018-08-20,20376.0
2018-08-21,29024.0
2018-08-22,20735.0
2018-08-23,34736.0
2018-08-24,22491.0
2018-08-27,10692.0
2018-08-28,21828.0
2018-08-29,20879.0
2018-08-30,17829.0
2018-08-31,14521.0
2018-09-03,19883.0
2018-09-04,30328.0
2018-09-05,21043.0
2018-09-06,21796.0
2018-09-07,33414.0
2018-09-10,45391.0
2018-09-11,36057.0
2018-09-12,33626.0
2018-09-13,61468.0
2018-09-14,48544.0
2018-09-17,26712.0
2018-09-18,30784.0
2018-09-19,31986.0
2018-09-20,33004.0
2018-09-21,34088.0
2018-09-24,24166.0
2018-09-25,43646.0
2018-09-26,53890.0
2018-09-27,40507.0
2018-09-28,32379.0
2018-10-01,26889.0
2018-10-02,25410.0
2018-10-03,31023.0
2018-10-04,23448.0
2018-10-05,23409.0
2018-10-08,27167.0
2018-10-09,35135.0
2018-10-10,56202.0
2018-10-11,47115.0
2018-10-12,38823.0
2018-10-15,36348.0
2018-10-16,43632.0
2018-10-17,36723.0
2018-10-18,39411.0
2018-10-19,22439.0
2018-10-22,24825.0
2018-10-23,26024.0
2018-10-24,24866.0
2018-10-25,27781.0
2018-10-26,24653.0
2018-10-29,40672.0
2018-10-30,50043.0
2018-10-31,34144.0
2018-11-01,28389.0
2018-11-02,26435.0
2018-11-05,19034.0
2018-11-06,25763.0
2018-11-07,32256.0
2018-11-08,42269.0
2018-11-09,29569.0
2018-11-12,28035.0
2018-11-13,38135.0
2018-11-14,24703.0
2018-11-15,36165.0
2018-11-16,22803.0
2018-11-19,21400.0
2018-11-20,29511.0
2018-11-21,24019.0
2018-11-22,26532.0
2018-11-23,48826.0
2018-11-26,21754.0
2018-11-27,16237.0
2018-11-28,24599.0
2018-11-29,24467.0
2018-11-30,13450.0
2018-12-03,20570.0
2018-12-04,20024.0
2018-12-05,29380.0
2018-12-06,45439.0
2018-12-07,17422.0
2018-12-10,28934.0
2018-12-11,32496.0
2018-12-12,36735.0
2018-12-13,46757.0
2018-12-14,24187.0
2018-12-17,9930.0
2018-12-18,26100.0
2018-12-19,17738.0
2018-12-20,18116.0
2018-12-21,9237.0
2018-12-24,4520.0
2018-12-27,8340.0
2018-12-28,7719.0
2018-12-31,3965.0
2019-01-02,20184.0
2019-01-03,27065.0
2019-01-04,23499.0
2019-01-07,32419.0
2019-01-08,17290.0
2019-01-09,31182.0
2019-01-10,24974.0
2019-01-11,14780.0
2019-01-14,17946.0
2019-01-15,21989.0
2019-01-16,35099.0
2019-01-17,31916.0
2019-01-18,28049.0
2019-01-21,16617.0
2019-01-22,20102.0
2019-01-23,23001.0
2019-01-24,19738.0
2019-01-25,18744.0
2019-01-28,31816.0
2019-01-29,26341.0
2019-01-30,24321.0
2019-01-31,24360.0
2019-02-01,23000.0
2019-02-04,24866.0
2019-02-05,22142.0
2019-02-06,26602.0
2019-02-07,20147.0
2019-02-08,27991.0
2019-02-11,31434.0
2019-02-12,36340.0
2019-02-13,54173.0
2019-02-14,38197.0
2019-02-15,27344.0
2019-02-18,20586.0
2019-02-19,20244.0
2019-02-20,18801.0
2019-02-21,41533.0
2019-02-22,27584.0
2019-02-25,29860.0
2019-02-26,28428.0
2019-02-27,35664.0
2019-02-28,30455.0
2019-03-01,24982.0
2019-03-04,23270.0
2019-03-05,18420.0
2019-03-06,23995.0
2019-03-07,24139.0
2019-03-08,21481.0
2019-03-11,19782.0
2019-03-12,26542.0
2019-03-13,19787.0
2019-03-14,20387.0
2019-03-15,19269.0
2019-03-18,22463.0
2019-03-19,20527.0
2019-03-20,54912.0
2019-03-21,30748.0
2019-03-22,26255.0
2019-03-25,30243.0
2019-03-26,31941.0
2019-03-27,29099.0
2019-03-28,19856.0
2019-03-29,18681.0
2019-04-01,17293.0
2019-04-02,18318.0
2019-04-03,22762.0
2019-04-04,30788.0
2019-04-05,33376.0
2019-04-08,24898.0
2019-04-09,31085.0
2019-04-10,48334.0
2019-04-11,34208.0
2019-04-12,23189.0
2019-04-15,19611.0
2019-04-16,21855.0
2019-04-17,18513.0
2019-04-18,15148.0
2019-04-23,21108.0
2019-04-24,23753.0
2019-04-25,22926.0
2019-04-26,26523.0
2019-04-29,15423.0
2019-04-30,13712.0
2019-05-01,7437.0
2019-05-02,28050.0
2019-05-03,17315.0
2019-05-06,5767.0
2019-05-07,19293.0
2019-05-08,20831.0
2019-05-09,19339.0
2019-05-10,25616.0
2019-05-13,20211.0
2019-05-14,18225.0
2019-05-15,18252.0
2019-05-16,19269.0
2019-05-17,21887.0
2019-05-20,15662.0
2019-05-21,17489.0
2019-05-22,23522.0
2019-05-23,22608.0
2019-05-24,20458.0
2019-05-27,4007.0
2019-05-28,19135.0
2019-05-29,13203.0
2019-05-30,11713.0
2019-05-31,20242.0
2019-06-03,22319.0
2019-06-04,23632.0
2019-06-05,22400.0
2019-06-06,22995.0
2019-06-07,18204.0
2019-06-10,11003.0
2019-06-11,19678.0
2019-06-12,13989.0
2019-06-13,18676.0
2019-06-14,14133.0
2019-06-17,11678.0
2019-06-18,17870.0
2019-06-19,22701.0
2019-06-20,15735.0
2019-06-21,15332.0
2019-06-24,29516.0
2019-06-25,33339.0
2019-06-26,22347.0
2019-06-27,21770.0
2019-06-28,20812.0
2019-07-01,18697.0
2019-07-02,21068.0
2019-07-03,17477.0
2019-07-04,16588.0
2019-07-05,16259.0
2019-07-08,15685.0
2019-07-09,14949.0
2019-07-10,36866.0
2019-07-11,27091.0
2019-07-12,20720.0
2019-07-15,25554.0
2019-07-16,22383.0
2019-07-17,20470.0
2019-07-18,20777.0
2019-07-19,21445.0
2019-07-22,22503.0
2019-07-23,22317.0
2019-07-24,16640.0
2019-07-25,21773.0
2019-07-26,19547.0
2019-07-29,19079.0
2019-07-30,22808.0
2019-07-31,20795.0
2019-08-01,17804.0
2019-08-02,15342.0
2019-08-05,13311.0
2019-08-06,14653.0
2019-08-07,18486.0
2019-08-08,17925.0
2019-08-09,16421.0
2019-08-12,26946.0
2019-08-13,22549.0
2019-08-14,23126.0
2019-08-15,27944.0
2019-08-16,18538.0
2019-08-19,17105.0
2019-08-20,16622.0
2019-08-21,18212.0
2019-08-22,25125.0
2019-08-23,23774.0
2019-08-26,10363.0
2019-08-27,16180.0
2019-08-28,26134.0
2019-08-29,39435.0
2019-08-30,21097.0
2019-09-02,26276.0
2019-09-03,32718.0
2019-09-04,24754.0
2019-09-05,25338.0
2019-09-06,22838.0
2019-09-09,24159.0
2019-09-10,44946.0
2019-09-11,41087.0
2019-09-12,23730.0
2019-09-13,22876.0
2019-09-16,17550.0
2019-09-17,21747.0
2019-09-18,23945.0
2019-09-19,21820.0
2019-09-20,24222.0
2019-09-23,17532.0
2019-09-24,17960.0
2019-09-25,22360.0
2019-09-26,17176.0
2019-09-27,16800.0
2019-09-30,19066.0
2019-10-01,23723.0
2019-10-02,20121.0
2019-10-03,41373.0
2019-10-04,21851.0
2019-10-07,20056.0
2019-10-08,25764.0
2019-10-09,30125.0
2019-10-10,25627.0
2019-10-11,32416.0
2019-10-14,15874.0
2019-10-15,26589.0
2019-10-16,28567.0
2019-10-17,29377.0
2019-10-18,15519.0
2019-10-21,12661.0
2019-10-22,16468.0
2019-10-23,22863.0
2019-10-24,17748.0
2019-10-25,17008.0
2019-10-28,14248.0
2019-10-29,23710.0
2019-10-30,19644.0
2019-10-31,16789.0
2019-11-01,16317.0
2019-11-04,17787.0
2019-11-05,16967.0
2019-11-06,20199.0
2019-11-07,14741.0
2019-11-08,17924.0
2019-11-11,15801.0
2019-11-12,31881.0
2019-11-13,19385.0
2019-11-14,29040.0
2019-11-15,20348.0
2019-11-18,19375.0
2019-11-19,25726.0
2019-11-20,21057.0
2019-11-21,15662.0
2019-11-22,17328.0
2019-11-25,14282.0
2019-11-26,17041.0
2019-11-27,21494.0
2019-11-28,15953.0
2019-11-29,24136.0
2019-12-02,27547.0
2019-12-03,28670.0
2019-12-04,29759.0
2019-12-05,31917.0
2019-12-06,24732.0
2019-12-09,21540.0
2019-12-10,27588.0
2019-12-11,24792.0
2019-12-12,31531.0
2019-12-13,16882.0
2019-12-16,10466.0
2019-12-17,19701.0
2019-12-18,16153.0
2019-12-19,11949.0
2019-12-20,17669.0
2019-12-23,11498.0
2019-12-24,5945.0
2019-12-26,0.0
2019-12-27,7256.0
2019-12-30,13573.0
2019-12-31,7799.0
2020-01-02,14422.0
2020-01-03,11731.0
2020-01-06,18443.0
2020-01-07,19935.0
2020-01-08,20577.0
2020-01-09,25646.0
2020-01-10,22269.0
2020-01-13,19901.0
2020-01-14,24745.0
2020-01-15,45475.0
2020-01-16,29191.0
2020-01-17,27719.0
2020-01-20,22481.0
2020-01-21,22009.0
2020-01-22,25504.0
2020-01-23,23603.0
2020-01-24,21317.0
2020-01-27,17440.0
2020-01-28,22275.0
2020-01-29,33704.0
2020-01-30,32245.0
2020-01-31,20493.0
2020-02-03,28844.0
2020-02-04,31507.0
2020-02-05,25347.0
2020-02-06,27191.0
2020-02-07,19114.0
2020-02-10,17563.0
2020-02-11,22198.0
2020-02-12,28206.0
2020-02-13,26448.0
2020-02-14,22566.0
2020-02-17,22219.0
2020-02-18,27108.0
2020-02-19,24856.0
2020-02-20,26425.0
2020-02-21,27225.0
2020-02-24,26883.0
2020-02-25,20735.0
2020-02-26,32630.0
2020-02-27,27468.0
2020-02-28,21195.0
2020-03-02,25511.0
2020-03-03,25851.0
2020-03-04,32136.0
2020-03-05,20755.0
2020-03-06,20696.0
2020-03-09,39351.0
2020-03-10,37649.0
2020-03-11,30987.0
2020-03-12,44387.0
2020-03-13,33927.0
2020-03-16,61821.0
2020-03-17,84216.0
2020-03-18,89862.0
2020-03-19,54831.0
2020-03-20,39023.0
2020-03-23,49495.0
2020-03-24,39061.0
2020-03-25,39315.0
2020-03-26,30517.0
2020-03-27,29329.0
2020-03-30,27121.0
2020-03-31,28851.0
2020-04-01,23011.0
2020-04-02,41324.0
2020-04-03,20987.0
2020-04-06,34096.0
2020-04-07,38879.0
2020-04-08,30912.0
2020-04-09,20870.0
2020-04-14,21815.0
2020-04-15,33235.0
2020-04-16,40292.0
2020-04-17,33798.0
2020-04-20,22745.0
2020-04-21,34588.0
2020-04-22,43547.0
2020-04-23,23899.0
2020-04-24,23220.0
2020-04-27,20736.0
2020-04-28,25401.0
2020-04-29,23539.0
2020-04-30,28066.0
2020-05-01,10422.0
2020-05-04,15949.0
2020-05-05,20472.0
2020-05-06,25592.0
2020-05-07,18947.0
2020-05-08,13022.0
2020-05-11,19838.0
2020-05-12,27077.0
2020-05-13,23019.0
2020-05-14,19525.0
2020-05-15,19817.0
2020-05-18,25444.0
2020-05-19,20304.0
2020-05-20,30896.0
2020-05-21,13425.0
2020-05-22,22006.0
2020-05-25,8170.0
2020-05-26,29092.0
2020-05-27,23147.0
2020-05-28,21963.0
2020-05-29,16518.0
2020-06-01,10854.0
2020-06-02,26655.0
2020-06-03,24343.0
2020-06-04,19679.0
2020-06-05,26774.0
2020-06-08,27885.0
2020-06-09,18711.0
2020-06-10,24665.0
2020-06-11,20078.0
2020-06-12,23833.0
2020-06-15,17565.0
2020-06-16,31651.0
2020-06-17,27594.0
2020-06-18,42004.0
2020-06-19,24732.0
2020-06-22,23339.0
2020-06-23,26009.0
2020-06-24,34271.0
2020-06-25,24723.0
2020-06-26,21950.0
2020-06-29,29442.0
2020-06-30,33447.0
2020-07-01,40808.0
2020-07-02,29873.0
2020-07-03,26162.0
2020-07-06,32849.0
2020-07-07,27511.0
2020-07-08,35745.0
2020-07-09,19514.0
2020-07-10,26782.0
2020-07-13,34314.0
2020-07-14,25484.0
2020-07-15,33905.0
2020-07-16,55800.0
2020-07-17,28007.0
2020-07-20,25069.0
2020-07-21,29361.0
2020-07-22,30157.0
2020-07-23,22547.0
2020-07-24,19856.0
2020-07-27,26346.0
2020-07-28,21989.0
2020-07-29,21813.0
2020-07-30,21236.0
2020-07-31,19339.0
2020-08-03,13782.0
2020-08-04,14916.0
2020-08-05,14073.0
2020-08-06,19548.0
2020-08-07,13518.0
2020-08-10,16855.0
2020-08-11,14891.0
2020-08-12,16164.0
2020-08-13,22285.0
2020-08-14,14615.0
2020-08-17,21701.0
2020-08-18,17472.0
2020-08-19,15499.0
2020-08-20,15251.0
2020-08-21,11897.0
2020-08-24,19529.0
2020-08-25,22839.0
2020-08-26,18770.0
2020-08-27,22860.0
2020-08-28,26639.0
2020-08-31,15340.0
2020-09-01,25516.0
2020-09-02,25482.0
2020-09-03,20117.0
2020-09-04,24229.0
2020-09-07,22806.0
2020-09-08,28212.0
2020-09-09,30267.0
2020-09-10,28979.0
2020-09-11,17931.0
2020-09-14,38604.0
2020-09-15,39469.0
2020-09-16,31999.0
2020-09-17,28649.0
2020-09-18,22415.0
2020-09-21,41186.0
2020-09-22,39871.0
2020-09-23,35353.0
2020-09-24,27060.0
2020-09-25,19056.0
2020-09-28,26729.0
2020-09-29,21015.0
2020-09-30,24770.0
2020-10-01,22669.0
2020-10-02,28573.0
2020-10-05,19033.0
2020-10-06,20486.0
2020-10-07,29278.0
2020-10-08,30062.0
2020-10-09,25416.0
2020-10-12,20898.0
2020-10-13,23138.0
2020-10-14,23850.0
2020-10-15,33610.0
2020-10-16,21932.0
2020-10-19,22965.0
2020-10-20,28525.0
2020-10-21,39376.0
2020-10-22,28138.0
2020-10-23,31137.0
2020-10-26,23910.0
2020-10-27,25527.0
2020-10-28,35922.0
2020-10-29,29854.0
2020-10-30,23226.0
2020-11-02,28628.0
2020-11-03,29129.0
2020-11-04,31108.0
2020-11-05,28677.0
2020-11-06,31548.0
2020-11-09,36883.0
2020-11-10,25296.0
2020-11-11,30183.0
2020-11-12,24806.0
2020-11-13,19870.0
2020-11-16,28218.0
2020-11-17,25238.0
2020-11-18,33451.0
2020-11-19,31609.0
2020-11-20,25862.0
2020-11-23,31902.0
2020-11-24,26473.0
2020-11-25,34849.0
2020-11-26,30300.0
2020-11-27,31247.0
2020-11-30,41220.0
2020-12-01,51666.0
2020-12-02,46194.0
2020-12-03,40029.0
2020-12-04,35347.0
2020-12-07,25359.0
2020-12-08,49595.0
2020-12-09,38578.0
2020-12-10,41905.0
2020-12-11,22111.0
2020-12-14,10399.0
2020-12-15,23868.0
2020-12-16,24029.0
2020-12-17,24613.0
2020-12-18,14846.0
2020-12-21,22094.0
2020-12-22,11711.0
2020-12-23,8541.0
2020-12-24,3407.0
2020-12-28,8046.0
2020-12-29,9514.0
2020-12-30,10507.0
2020-12-31,5308.0
2021-01-04,19305.0
2021-01-05,19369.0
2021-01-06,17364.0
2021-01-07,22691.0
2021-01-08,20905.0
2021-01-11,15235.0
2021-01-12,25730.0
2021-01-13,27135.0
2021-01-14,22866.0
2021-01-15,32229.0
2021-01-18,22728.0
2021-01-19,25218.0
2021-01-20,19674.0
2021-01-21,21925.0
2021-01-22,16725.0
2021-01-25,22721.0
2021-01-26,21859.0
2021-01-27,24874.0
2021-01-28,20572.0
2021-01-29,25425.0
2021-02-01,25781.0
2021-02-02,37713.0
2021-02-03,50384.0
2021-02-04,34498.0
2021-02-05,32162.0
2021-02-08,27552.0
2021-02-09,36918.0
2021-02-10,38793.0
2021-02-11,55640.0
2021-02-12,46084.0
2021-02-15,30681.0
2021-02-16,43857.0
2021-02-17,34277.0
2021-02-18,31939.0
2021-02-19,24613.0
2021-02-22,34484.0
2021-02-23,26548.0
2021-02-24,21702.0
2021-02-25,23309.0
2021-02-26,27103.0
2021-03-01,20942.0
2021-03-02,26155.0
2021-03-03,24897.0
2021-03-04,31664.0
2021-03-05,28974.0
2021-03-08,21702.0
2021-03-09,37075.0
2021-03-10,39051.0
2021-03-11,46037.0
2021-03-12,27844.0
2021-03-15,39349.0
2021-03-16,40969.0
2021-03-17,37667.0
2021-03-18,34122.0
2021-03-19,27038.0
2021-03-22,25823.0
2021-03-23,47388.0
2021-03-24,33969.0
2021-03-25,45024.0
2021-03-26,24199.0
2021-03-29,20248.0
2021-03-30,26180.0
2021-03-31,18133.0
2021-04-01,17082.0
2021-04-05,0.0
2021-04-06,29166.0
2021-04-07,24146.0
2021-04-08,30530.0
2021-04-09,17457.0
2021-04-12,22158.0
2021-04-13,23136.0
2021-04-14,23008.0
2021-04-15,18921.0
2021-04-16,21213.0
2021-04-19,25097.0
2021-04-20,30806.0
2021-04-21,38579.0
2021-04-22,38214.0
2021-04-23,32007.0
2021-04-26,24335.0
2021-04-27,28971.0
2021-04-28,32443.0
2021-04-29,23546.0
2021-04-30,32302.0
2021-05-03,12704.0
2021-05-04,29286.0
2021-05-05,30861.0
2021-05-06,37282.0
2021-05-07,29230.0
2021-05-10,37297.0
2021-05-11,41045.0
2021-05-12,50664.0
2021-05-13,38480.0
2021-05-14,36883.0
2021-05-17,36818.0
2021-05-18,52669.0
2021-05-19,80530.0
2021-05-20,51140.0
2021-05-21,39012.0
2021-05-24,20285.0
2021-05-25,36863.0
2021-05-26,31827.0
2021-05-27,32827.0
2021-05-28,31515.0
2021-05-31,0.0
2021-06-01,22673.0
2021-06-02,28691.0
2021-06-03,32463.0
2021-06-04,34108.0
2021-06-07,13724.0
2021-06-08,29755.0
2021-06-09,36080.0
2021-06-10,27188.0
2021-06-11,23511.0
2021-06-14,28328.0
2021-06-15,37153.0
2021-06-16,35075.0
2021-06-17,23747.0
2021-06-18,19354.0
2021-06-21,24944.0
2021-06-22,26739.0
2021-06-23,36673.0
2021-06-24,28892.0
2021-06-25,30705.0
2021-06-28,29641.0
2021-06-29,25754.0
2021-06-30,29557.0
2021-07-01,42837.0
2021-07-02,23289.0
2021-07-05,20982.0
2021-07-06,58431.0
2021-07-07,45097.0
2021-07-08,47093.0
2021-07-09,29532.0
2021-07-12,31623.0
2021-07-13,26496.0
2021-07-14,35709.0
2021-07-15,26930.0
2021-07-16,20240.0
2021-07-19,26151.0
2021-07-20,39356.0
2021-07-21,27695.0
2021-07-22,32733.0
2021-07-23,19728.0
2021-07-26,25857.0
2021-07-27,24439.0
2021-07-28,25345.0
2021-07-29,21808.0
2021-07-30,24638.0
2021-08-02,29055.0
2021-08-03,19914.0
2021-08-04,21276.0
2021-08-05,21423.0
2021-08-06,17045.0
2021-08-09,19656.0
2021-08-10,22309.0
2021-08-11,26617.0
2021-08-12,21228.0
2021-08-13,21566.0
2021-08-16,23253.0
2021-08-17,24347.0
2021-08-18,27618.0
2021-08-19,46833.0
2021-08-20,25316.0
2021-08-23,23113.0
2021-08-24,17122.0
2021-08-25,18472.0
2021-08-26,17907.0
2021-08-27,29685.0
2021-08-30,17053.0
2021-08-31,21714.0
2021-09-01,35210.0
2021-09-02,21200.0
2021-09-03,22857.0
2021-09-06,26368.0
2021-09-07,25419.0
2021-09-08,30436.0
2021-09-09,29443.0
2021-09-10,31351.0
2021-09-13,31767.0
2021-09-14,45855.0
2021-09-15,44794.0
2021-09-16,43268.0
2021-09-17,31009.0
2021-09-20,38467.0
2021-09-21,26728.0
2021-09-22,30572.0
2021-09-23,35643.0
2021-09-24,37083.0
2021-09-27,40278.0
2021-09-28,45094.0
2021-09-29,35365.0
2021-09-30,48944.0
2021-10-01,26777.0
2021-10-04,33251.0
2021-10-05,46685.0
2021-10-06,73082.0
2021-10-07,49167.0
2021-10-08,29796.0
2021-10-11,24233.0
2021-10-12,19744.0
2021-10-13,28575.0
2021-10-14,35611.0
2021-10-15,28770.0
2021-10-18,31100.0
2021-10-19,48144.0
2021-10-20,33358.0
2021-10-21,30427.0
2021-10-22,22039.0
2021-10-25,18868.0
2021-10-26,22189.0
2021-10-27,23988.0
2021-10-28,21533.0
2021-10-29,24790.0
2021-11-01,30269.0
2021-11-02,36733.0
2021-11-03,22785.0
2021-11-04,52401.0
2021-11-05,28397.0
2021-11-08,26371.0
2021-11-09,29814.0
2021-11-10,33666.0
2021-11-11,24473.0
2021-11-12,23123.0
2021-11-15,32867.0
2021-11-16,33181.0
2021-11-17,28258.0
2021-11-18,31435.0
2021-11-19,26896.0
2021-11-22,33257.0
2021-11-23,32429.0
2021-11-24,39158.0
2021-11-25,32116.0
2021-11-26,39797.0
2021-11-29,30968.0
2021-11-30,31383.0
2021-12-01,45150.0
2021-12-02,58346.0
2021-12-03,24516.0
2021-12-06,30841.0
2021-12-07,45704.0
2021-12-08,63620.0
2021-12-09,64569.0
2021-12-10,54227.0
2021-12-13,36487.0
2021-12-14,56567.0
2021-12-15,59668.0
2021-12-16,44948.0
2021-12-17,40236.0
2021-12-20,13731.0
