Date,HIGH,LOW,OPEN,CLOSE,VOLUME
2010-08-06 00:00:00,,,,21.63,20
2010-08-09 00:00:00,,,,22.02,0
2010-08-10 00:00:00,,,,21.96,0
2010-08-11 00:00:00,,,,21.86,0
2010-08-12 00:00:00,,,,21.85,0
2010-08-13 00:00:00,,,,21.89,0
2010-08-16 00:00:00,,,,21.74,0
2010-08-17 00:00:00,,,,21.84,0
2010-08-18 00:00:00,,,,21.75,0
2010-08-19 00:00:00,,,,22.28,0
2010-08-20 00:00:00,,,,22.4,0
2010-08-23 00:00:00,,,,22.1,0
2010-08-24 00:00:00,,,,22.21,0
2010-08-25 00:00:00,,,,22.7,0
2010-08-26 00:00:00,,,,22.58,0
2010-08-27 00:00:00,,,,22.7,0
2010-08-30 00:00:00,,,,22.8,0
2010-08-31 00:00:00,,,,22.68,0
2010-09-01 00:00:00,,,,22.79,0
2010-09-02 00:00:00,,,,23.16,0
2010-09-03 00:00:00,,,,23.2,0
2010-09-06 00:00:00,,,,23.13,0
2010-09-07 00:00:00,,,,23.15,0
2010-09-08 00:00:00,,,,23.05,0
2010-09-09 00:00:00,,,,22.94,0
2010-09-10 00:00:00,,,,22.78,0
2010-09-13 00:00:00,,,,22.8,0
2010-09-14 00:00:00,,,,22.73,0
2010-09-15 00:00:00,,,,22.89,0
2010-09-16 00:00:00,,,,22.72,0
2010-09-17 00:00:00,,,,22.78,0
2010-09-20 00:00:00,,,,22.46,0
2010-09-21 00:00:00,,,,22.36,0
2010-09-22 00:00:00,,,,22.43,0
2010-09-23 00:00:00,,,,22.28,0
2010-09-24 00:00:00,,,,22.74,0
2010-09-27 00:00:00,,,,22.83,0
2010-09-28 00:00:00,,,,23.11,0
2010-09-29 00:00:00,,,,23.12,0
2010-09-30 00:00:00,,,,22.92,0
2010-10-01 00:00:00,,,,22.82,0
2010-10-04 00:00:00,,,,22.68,0
2010-10-05 00:00:00,,,,23.06,0
2010-10-06 00:00:00,,,,23.06,0
2010-10-07 00:00:00,,,,22.96,0
2010-10-08 00:00:00,,,,23.06,0
2010-10-11 00:00:00,,,,23.37,0
2010-10-12 00:00:00,,,,23.27,0
2010-10-13 00:00:00,,,,23.15,0
2010-10-14 00:00:00,,,,23.03,0
2010-10-15 00:00:00,,,,22.98,0
2010-10-18 00:00:00,,,,22.9,0
2010-10-19 00:00:00,,,,22.61,0
2010-10-20 00:00:00,,,,22.72,0
2010-10-21 00:00:00,,,,22.39,0
2010-10-22 00:00:00,,,,22.53,0
2010-10-25 00:00:00,,,,22.62,0
2010-10-26 00:00:00,,,,22.38,0
2010-10-27 00:00:00,,,,22.49,0
2010-10-28 00:00:00,,,,22.18,0
2010-10-29 00:00:00,,,,21.87,0
2010-11-01 00:00:00,,,,21.95,0
2010-11-02 00:00:00,,,,21.88,0
2010-11-03 00:00:00,,,,21.86,0
2010-11-04 00:00:00,,,,21.6,0
2010-11-05 00:00:00,,,,21.69,0
2010-11-08 00:00:00,,,,21.44,0
2010-11-09 00:00:00,,,,21.46,0
2010-11-10 00:00:00,,,,21.66,0
2010-11-11 00:00:00,,,,21.97,0
2010-11-12 00:00:00,,,,22.01,0
2010-11-15 00:00:00,,,,22.26,0
2010-11-16 00:00:00,,,,21.73,0
2010-11-17 00:00:00,,,,21.99,0
2010-11-18 00:00:00,,,,22.07,0
2010-11-19 00:00:00,,,,22.09,0
2010-11-22 00:00:00,,,,22.22,0
2010-11-23 00:00:00,,,,22.17,0
2010-11-24 00:00:00,,,,22.3,0
2010-11-25 00:00:00,,,,22.22,0
2010-11-26 00:00:00,,,,22.2,0
2010-11-29 00:00:00,,,,22.09,0
2010-11-30 00:00:00,,,,21.86,0
2010-12-01 00:00:00,,,,21.91,0
2010-12-02 00:00:00,,,,21.74,0
2010-12-03 00:00:00,,,,21.81,0
2010-12-06 00:00:00,,,,21.96,0
2010-12-07 00:00:00,,,,21.87,0
2010-12-08 00:00:00,,,,21.76,0
2010-12-09 00:00:00,,,,21.62,0
2010-12-10 00:00:00,,,,21.68,0
2010-12-13 00:00:00,,,,21.67,0
2010-12-14 00:00:00,,,,21.57,0
2010-12-15 00:00:00,,,,21.45,0
2010-12-16 00:00:00,,,,21.26,0
2010-12-17 00:00:00,,,,20.99,0
2010-12-20 00:00:00,,,,20.91,0
2010-12-21 00:00:00,,,,20.89,0
2010-12-22 00:00:00,,,,21.04,0
2010-12-23 00:00:00,,,,20.87,0
2010-12-24 00:00:00,,,,20.89,0
2010-12-29 00:00:00,,,,21.08,0
2010-12-30 00:00:00,,,,20.9,0
2010-12-31 00:00:00,,,,20.88,0
2011-01-03 00:00:00,,,,20.88,0
2011-01-04 00:00:00,,,,21.07,0
2011-01-05 00:00:00,,,,21.25,0
2011-01-06 00:00:00,,,,21.45,0
2011-01-07 00:00:00,,,,21.4,0
2011-01-10 00:00:00,,,,20.98,0
2011-01-11 00:00:00,,,,21.09,0
2011-01-12 00:00:00,,,,21,0
2011-01-13 00:00:00,,,,21.06,0
2011-01-14 00:00:00,,,,21.24,0
2011-01-17 00:00:00,,,,21.3,0
2011-01-18 00:00:00,,,,21.34,0
2011-01-19 00:00:00,,,,21.11,0
2011-01-20 00:00:00,,,,21.1,0
2011-01-21 00:00:00,,,,21.23,0
2011-01-24 00:00:00,,,,21.32,0
2011-01-25 00:00:00,,,,21.6,0
2011-01-26 00:00:00,,,,21.67,0
2011-01-27 00:00:00,,,,21.48,0
2011-01-28 00:00:00,,,,21.53,0
2011-01-31 00:00:00,,,,21.75,
2011-02-01 00:00:00,,,,21.62,
2011-02-02 00:00:00,,,,21.81,
2011-02-03 00:00:00,,,,21.52,
2011-02-04 00:00:00,,,,21.57,
2011-02-07 00:00:00,,,,21.49,
2011-02-08 00:00:00,,,,21.55,
2011-02-09 00:00:00,,,,21.52,
2011-02-10 00:00:00,,,,21.52,
2011-02-11 00:00:00,,,,21.69,
2011-02-14 00:00:00,,,,21.7,
2011-02-15 00:00:00,,,,21.58,
2011-02-16 00:00:00,,,,21.61,
2011-02-17 00:00:00,,,,21.75,
2011-02-18 00:00:00,,,,21.8,
2011-02-21 00:00:00,,,,22.09,
2011-02-22 00:00:00,,,,22.22,
2011-02-23 00:00:00,,,,22.24,
2011-02-24 00:00:00,,,,22.42,
2011-02-25 00:00:00,,,,22.43,
2011-02-28 00:00:00,,,,22.62,
2011-03-01 00:00:00,,,,22.58,
2011-03-02 00:00:00,,,,22.75,
2011-03-03 00:00:00,,,,22.7,
2011-03-04 00:00:00,,,,23.14,
2011-03-07 00:00:00,,,,23.13,
2011-03-08 00:00:00,,,,23.09,
2011-03-09 00:00:00,,,,23.1,
2011-03-10 00:00:00,,,,22.97,
2011-03-11 00:00:00,,,,22.92,
2011-03-14 00:00:00,,,,23.92,
2011-03-15 00:00:00,,,,24.62,
2011-03-16 00:00:00,,,,24.65,
2011-03-17 00:00:00,,,,24.08,
2011-03-18 00:00:00,,,,24.49,
2011-03-21 00:00:00,,,,24.16,
2011-03-22 00:00:00,,,,24.26,0
2011-03-23 00:00:00,,,,24.38,
2011-03-24 00:00:00,,,,23.95,
2011-03-25 00:00:00,,,,24.26,
2011-03-28 00:00:00,,,,24.79,
2011-03-29 00:00:00,,,,24.6,
2011-03-30 00:00:00,,,,24.6,
2011-03-31 00:00:00,,,,25.83,
2011-04-01 00:00:00,,,,25.05,
2011-04-04 00:00:00,,,,26.42,
2011-04-05 00:00:00,,,,26.68,
2011-04-06 00:00:00,,,,26.58,
2011-04-07 00:00:00,,,,25.9,
2011-04-08 00:00:00,,,,26.04,
2011-04-11 00:00:00,,,,25.78,
2011-04-12 00:00:00,,,,25.54,
2011-04-13 00:00:00,,,,25.54,
2011-04-14 00:00:00,,,,25.61,
2011-04-15 00:00:00,,,,26.08,
2011-04-18 00:00:00,,,,25.65,
2011-04-19 00:00:00,,,,25.8,
2011-04-20 00:00:00,,,,26.13,
2011-04-21 00:00:00,,,,26.05,
2011-04-26 00:00:00,,,,26.12,
2011-04-27 00:00:00,,,,26.34,
2011-04-28 00:00:00,,,,26.57,
2011-04-29 00:00:00,,,,26.5,
2011-05-02 00:00:00,,,,25.51,
2011-05-03 00:00:00,,,,25.47,
2011-05-04 00:00:00,,,,25.4,
2011-05-05 00:00:00,,,,25.3,
2011-05-06 00:00:00,,,,25.32,
2011-05-09 00:00:00,,,,25.26,
2011-05-10 00:00:00,,,,25.13,
2011-05-11 00:00:00,,,,25,
2011-05-12 00:00:00,,,,25.03,
2011-05-13 00:00:00,,,,24.81,
2011-05-16 00:00:00,,,,25.02,
2011-05-17 00:00:00,,,,24.75,
2011-05-18 00:00:00,,,,24.7,
2011-05-19 00:00:00,,,,24.42,
2011-05-20 00:00:00,,,,24.17,
2011-05-23 00:00:00,,,,23.91,
2011-05-24 00:00:00,,,,24.14,0
2011-05-25 00:00:00,,,,24.18,
2011-05-26 00:00:00,,,,24.17,
2011-05-27 00:00:00,,,,24.83,
2011-05-31 00:00:00,,,,24.99,
2011-06-01 00:00:00,,,,24.8,
2011-06-02 00:00:00,,,,24.7,
2011-06-03 00:00:00,,,,24.8,
2011-06-06 00:00:00,,,,24.71,0
2011-06-07 00:00:00,,,,24.64,0
2011-06-08 00:00:00,,,,24.49,
2011-06-09 00:00:00,,,,24.7,
2011-06-10 00:00:00,,,,24.66,0
2011-06-13 00:00:00,,,,24.73,
2011-06-14 00:00:00,,,,24.52,
2011-06-15 00:00:00,,,,24.11,
2011-06-16 00:00:00,,,,23.81,
2011-06-17 00:00:00,,,,23.42,
2011-06-20 00:00:00,,,,23.03,
2011-06-21 00:00:00,,,,22.53,
2011-06-22 00:00:00,,,,22.51,
2011-06-23 00:00:00,,,,20.84,
2011-06-24 00:00:00,,,,19.32,
2011-06-27 00:00:00,,,,20.43,
2011-06-28 00:00:00,,,,21.05,
2011-06-29 00:00:00,,,,20.49,
2011-06-30 00:00:00,,,,21.18,
2011-07-01 00:00:00,,,,20.89,
2011-07-04 00:00:00,,,,21.08,
2011-07-05 00:00:00,,,,20.72,
2011-07-06 00:00:00,,,,20.36,
2011-07-07 00:00:00,,,,20.18,
2011-07-08 00:00:00,,,,19.72,
2011-07-11 00:00:00,,,,19.25,
2011-07-12 00:00:00,,,,19.67,
2011-07-13 00:00:00,,,,19.16,
2011-07-14 00:00:00,,,,19.5,
2011-07-15 00:00:00,,,,19.59,
2011-07-18 00:00:00,,,,19.35,
2011-07-19 00:00:00,,,,19.5,
2011-07-20 00:00:00,,,,19.97,
2011-07-21 00:00:00,,,,20.18,
2011-07-22 00:00:00,,,,20.02,
2011-07-25 00:00:00,,,,19.95,
2011-07-26 00:00:00,,,,19.93,
2011-07-27 00:00:00,,,,19.38,
2011-07-28 00:00:00,,,,19.4,
2011-07-29 00:00:00,,,,18.97,
2011-08-01 00:00:00,,,,18.71,
2011-08-02 00:00:00,,,,18.43,
2011-08-03 00:00:00,,,,17.94,
2011-08-04 00:00:00,,,,17.7,
2011-08-05 00:00:00,,,,16.99,
2011-08-08 00:00:00,,,,16.92,
2011-08-09 00:00:00,,,,17.69,
2011-08-10 00:00:00,,,,17.91,
2011-08-11 00:00:00,,,,18.65,
2011-08-12 00:00:00,,,,19.06,
2011-08-15 00:00:00,,,,19.2,0
2011-08-16 00:00:00,,,,19.22,
2011-08-17 00:00:00,,,,19.63,
2011-08-18 00:00:00,,,,19.02,
2011-08-19 00:00:00,,,,19.31,
2011-08-22 00:00:00,,,,19.51,
2011-08-23 00:00:00,,,,19.81,
2011-08-24 00:00:00,,,,20.17,
2011-08-25 00:00:00,,,,19.99,
2011-08-26 00:00:00,,,,20.17,
2011-08-29 00:00:00,,,,20.32,
2011-08-30 00:00:00,,,,20.54,
2011-08-31 00:00:00,,,,19.91,
2011-09-01 00:00:00,,,,19.83,
2011-09-02 00:00:00,,,,19.52,
2011-09-05 00:00:00,,,,19.21,
2011-09-06 00:00:00,,,,19.06,
2011-09-07 00:00:00,,,,19.3,
2011-09-08 00:00:00,,,,19.09,
2011-09-09 00:00:00,,,,18.62,
2011-09-12 00:00:00,,,,18.53,
2011-09-13 00:00:00,,,,18.77,
2011-09-14 00:00:00,,,,18.98,
2011-09-15 00:00:00,,,,19.16,
2011-09-16 00:00:00,,,,18.92,
2011-09-19 00:00:00,,,,18.55,
2011-09-20 00:00:00,,,,18.66,
2011-09-21 00:00:00,,,,18.5,
2011-09-22 00:00:00,,,,17.97,
2011-09-23 00:00:00,,,,17.92,
2011-09-26 00:00:00,,,,17.4,
2011-09-27 00:00:00,,,,17.34,
2011-09-28 00:00:00,,,,16.97,
2011-09-29 00:00:00,,,,17.38,
2011-09-30 00:00:00,,,,17.18,
2011-10-03 00:00:00,,,,16.54,
2011-10-04 00:00:00,,,,16.4,
2011-10-05 00:00:00,,,,16.62,
2011-10-06 00:00:00,,,,16.89,
2011-10-07 00:00:00,,,,17.03,
2011-10-10 00:00:00,,,,17.36,
2011-10-11 00:00:00,,,,17.31,
2011-10-12 00:00:00,,,,17.37,
2011-10-13 00:00:00,,,,16.92,
2011-10-14 00:00:00,,,,16.98,
2011-10-17 00:00:00,,,,16.87,
2011-10-18 00:00:00,,,,16.77,
2011-10-19 00:00:00,,,,16.47,
2011-10-20 00:00:00,,,,16.63,
2011-10-21 00:00:00,,,,16.85,
2011-10-24 00:00:00,,,,16.99,
2011-10-25 00:00:00,,,,16.86,
2011-10-26 00:00:00,,,,16.5,
2011-10-27 00:00:00,,,,16.82,
2011-10-28 00:00:00,,,,16.78,
2011-10-31 00:00:00,,,,16.49,
2011-11-01 00:00:00,,,,16.02,
2011-11-02 00:00:00,,,,15.7,
2011-11-03 00:00:00,,,,15.75,
2011-11-04 00:00:00,,,,15.31,
2011-11-07 00:00:00,,,,15.97,
2011-11-08 00:00:00,,,,16.16,
2011-11-09 00:00:00,,,,15.92,
2011-11-10 00:00:00,,,,15.81,
2011-11-11 00:00:00,,,,16.23,
2011-11-14 00:00:00,,,,16.22,
2011-11-15 00:00:00,,,,16.24,
2011-11-16 00:00:00,,,,15.95,
2011-11-17 00:00:00,,,,15.73,
2011-11-18 00:00:00,,,,15.38,
2011-11-21 00:00:00,,,,14.87,
2011-11-22 00:00:00,,,,15.1,
2011-11-23 00:00:00,,,,14.3,
2011-11-24 00:00:00,,,,13.71,
2011-11-25 00:00:00,,,,13.4,
2011-11-28 00:00:00,,,,13.85,
2011-11-29 00:00:00,,,,13.83,
2011-11-30 00:00:00,,,,14.22,
2011-12-01 00:00:00,,,,13.77,
2011-12-02 00:00:00,,,,13.65,
2011-12-05 00:00:00,,,,13.03,
2011-12-06 00:00:00,,,,12.96,
2011-12-07 00:00:00,,,,12.85,55
2011-12-08 00:00:00,,,,13.32,
2011-12-09 00:00:00,,,,13.5,
2011-12-12 00:00:00,,,,13.2,
2011-12-13 00:00:00,,,,12.63,
2011-12-14 00:00:00,,,,12.05,
2011-12-15 00:00:00,,,,12.41,
2011-12-16 00:00:00,,,,12.31,
2011-12-19 00:00:00,,,,12.58,
2011-12-20 00:00:00,,,,14.31,
2011-12-21 00:00:00,,,,13.69,
2011-12-22 00:00:00,,,,13.43,
2011-12-23 00:00:00,,,,13.57,
2011-12-28 00:00:00,,,,13.13,
2011-12-29 00:00:00,,,,12.58,
2011-12-30 00:00:00,,,,12.62,
2012-01-03 00:00:00,,,,11.83,
2012-01-04 00:00:00,,,,11.72,
2012-01-05 00:00:00,,,,11.86,
2012-01-06 00:00:00,,,,11.77,
2012-01-09 00:00:00,,,,11.9,
2012-01-10 00:00:00,,,,12.25,
2012-01-11 00:00:00,,,,12.09,
2012-01-12 00:00:00,,,,12.24,
2012-01-13 00:00:00,,,,11.97,
2012-01-16 00:00:00,,,,11.63,
2012-01-17 00:00:00,,,,11.59,
2012-01-18 00:00:00,,,,11.72,
2012-01-19 00:00:00,,,,12.25,
2012-01-20 00:00:00,,,,12.24,
2012-01-23 00:00:00,,,,12.23,
2012-01-24 00:00:00,,,,12.74,
2012-01-25 00:00:00,,,,12.88,
2012-01-26 00:00:00,,,,13.2,
2012-01-27 00:00:00,,,,13.78,
2012-01-30 00:00:00,,,,13.27,
2012-01-31 00:00:00,,,,13.63,
2012-02-01 00:00:00,,,,14.16,
2012-02-02 00:00:00,,,,14.44,
2012-02-03 00:00:00,,,,14.21,
2012-02-06 00:00:00,,,,14.47,158
2012-02-07 00:00:00,,,,14.45,
2012-02-08 00:00:00,,,,14.04,
2012-02-09 00:00:00,,,,13.64,
2012-02-10 00:00:00,,,,13.54,
2012-02-13 00:00:00,,,,13.26,
2012-02-14 00:00:00,,,,13.69,
2012-02-15 00:00:00,,,,14.52,
2012-02-16 00:00:00,,,,15.23,
2012-02-17 00:00:00,,,,15.55,
2012-02-20 00:00:00,,,,14.89,
2012-02-21 00:00:00,,,,15.38,
2012-02-22 00:00:00,,,,15.7,
2012-02-23 00:00:00,,,,15.24,
2012-02-24 00:00:00,,,,15.88,
2012-02-27 00:00:00,,,,15.98,
2012-02-28 00:00:00,,,,15.52,
2012-02-29 00:00:00,,,,15.26,
2012-03-01 00:00:00,,,,15.39,
2012-03-02 00:00:00,,,,15.6,
2012-03-05 00:00:00,,,,15.32,
2012-03-06 00:00:00,,,,14.94,0
2012-03-07 00:00:00,,,,14.98,
2012-03-08 00:00:00,,,,14.77,
2012-03-09 00:00:00,,,,14.4,
2012-03-12 00:00:00,,,,14.25,
2012-03-13 00:00:00,,,,14.3,
2012-03-14 00:00:00,,,,14.65,
2012-03-15 00:00:00,,,,14.43,
2012-03-16 00:00:00,,,,14.04,
2012-03-19 00:00:00,,,,13.66,
2012-03-20 00:00:00,,,,12.64,
2012-03-21 00:00:00,,,,12.78,
2012-03-22 00:00:00,,,,11.91,
2012-03-23 00:00:00,,,,12.11,
2012-03-26 00:00:00,,,,11.99,
2012-03-27 00:00:00,,,,12.31,
2012-03-28 00:00:00,,,,12.25,
2012-03-29 00:00:00,,,,11.74,
2012-03-30 00:00:00,,,,12.03,
2012-04-02 00:00:00,,,,11.05,
2012-04-03 00:00:00,,,,11.08,
2012-04-04 00:00:00,,,,10.74,
2012-04-05 00:00:00,,,,11.57,
2012-04-10 00:00:00,,,,11.87,
2012-04-11 00:00:00,,,,11.98,
2012-04-12 00:00:00,,,,12.12,
2012-04-13 00:00:00,,,,12.18,
2012-04-16 00:00:00,,,,11.68,
2012-04-17 00:00:00,,,,11.84,
2012-04-18 00:00:00,,,,11.93,
2012-04-19 00:00:00,,,,12.02,
2012-04-20 00:00:00,,,,12.03,
2012-04-23 00:00:00,,,,11.74,
2012-04-24 00:00:00,,,,11.76,
2012-04-25 00:00:00,,,,11.68,
2012-04-26 00:00:00,,,,11.89,
2012-04-27 00:00:00,,,,11.9,
2012-04-30 00:00:00,,,,12.09,
2012-05-01 00:00:00,,,,12.01,
2012-05-02 00:00:00,,,,11.47,
2012-05-03 00:00:00,,,,11.38,
2012-05-04 00:00:00,,,,10.64,
2012-05-07 00:00:00,,,,10.78,
2012-05-08 00:00:00,,,,10.84,
2012-05-09 00:00:00,,,,10.72,
2012-05-10 00:00:00,,,,10.72,
2012-05-11 00:00:00,,,,10.71,
2012-05-14 00:00:00,,,,10.5,
2012-05-15 00:00:00,,,,10.39,
2012-05-16 00:00:00,,,,10.46,
2012-05-17 00:00:00,,,,10.41,
2012-05-18 00:00:00,,,,10.28,
2012-05-21 00:00:00,,,,10.54,
2012-05-22 00:00:00,,,,10.89,
2012-05-23 00:00:00,,,,10.7,
2012-05-24 00:00:00,,,,10.88,
2012-05-25 00:00:00,,,,10.94,
2012-05-28 00:00:00,,,,10.83,
2012-05-29 00:00:00,,,,10.66,
2012-05-30 00:00:00,,,,10.48,
2012-05-31 00:00:00,,,,10.23,
2012-06-01 00:00:00,,,,10.32,
2012-06-04 00:00:00,,,,10.31,
2012-06-05 00:00:00,,,,10.35,
2012-06-06 00:00:00,,,,10.32,
2012-06-07 00:00:00,,,,10.41,
2012-06-08 00:00:00,,,,10.55,
2012-06-11 00:00:00,,,,10.56,
2012-06-12 00:00:00,,,,10.59,
2012-06-13 00:00:00,,,,10.57,
2012-06-14 00:00:00,10.5,10.5,10.5,10.51,10
2012-06-15 00:00:00,,,,10.96,
2012-06-18 00:00:00,,,,10.98,
2012-06-19 00:00:00,,,,11.2,
2012-06-20 00:00:00,,,,11.1,
2012-06-21 00:00:00,,,,11.18,
2012-06-22 00:00:00,,,,11.92,
2012-06-25 00:00:00,,,,11.76,0
2012-06-26 00:00:00,,,,11.83,
2012-06-27 00:00:00,,,,11.73,
2012-06-28 00:00:00,,,,11.75,
2012-06-29 00:00:00,,,,12.12,
2012-07-02 00:00:00,,,,12,
2012-07-03 00:00:00,,,,12.23,
2012-07-04 00:00:00,,,,12.19,
2012-07-05 00:00:00,,,,12.08,
2012-07-06 00:00:00,,,,11.71,
2012-07-09 00:00:00,,,,11.62,
2012-07-10 00:00:00,,,,11.59,
2012-07-11 00:00:00,,,,11.56,
2012-07-12 00:00:00,,,,11.19,
2012-07-13 00:00:00,,,,11.17,
2012-07-16 00:00:00,,,,11.01,
2012-07-17 00:00:00,,,,11.17,
2012-07-18 00:00:00,,,,10.49,
2012-07-19 00:00:00,,,,10.19,
2012-07-20 00:00:00,,,,10.48,
2012-07-23 00:00:00,,,,10.47,
2012-07-24 00:00:00,,,,10.55,
2012-07-25 00:00:00,,,,10.2,
2012-07-26 00:00:00,,,,10.33,
2012-07-27 00:00:00,,,,10.26,
2012-07-30 00:00:00,,,,9.88,
2012-07-31 00:00:00,,,,10.24,
2012-08-01 00:00:00,,,,10.3,
2012-08-02 00:00:00,,,,10.41,
2012-08-03 00:00:00,,,,10.45,
2012-08-06 00:00:00,,,,10.58,
2012-08-07 00:00:00,,,,10.7,
2012-08-08 00:00:00,,,,10.62,
2012-08-09 00:00:00,,,,10.48,
2012-08-10 00:00:00,,,,10.54,96
2012-08-13 00:00:00,,,,10.89,
2012-08-14 00:00:00,,,,11.13,
2012-08-15 00:00:00,,,,10.96,
2012-08-16 00:00:00,,,,11.18,
2012-08-17 00:00:00,,,,11.17,
2012-08-20 00:00:00,,,,11.1,
2012-08-21 00:00:00,,,,11.57,
2012-08-22 00:00:00,,,,11.71,
2012-08-23 00:00:00,,,,11.83,
2012-08-24 00:00:00,,,,11.89,
2012-08-27 00:00:00,,,,11.93,
2012-08-28 00:00:00,,,,11.71,
2012-08-29 00:00:00,11.6,11.6,11.6,11.32,10
2012-08-30 00:00:00,11.23,11.23,11.23,11.22,10
2012-08-31 00:00:00,,,,11.76,
2012-09-03 00:00:00,,,,11.93,
2012-09-04 00:00:00,,,,11.83,
2012-09-05 00:00:00,,,,11.91,
2012-09-06 00:00:00,,,,11.92,
2012-09-07 00:00:00,,,,12.05,
2012-09-10 00:00:00,,,,11.45,
2012-09-11 00:00:00,,,,11.33,
2012-09-12 00:00:00,,,,11.61,
2012-09-13 00:00:00,,,,11.47,
2012-09-14 00:00:00,,,,11.12,
2012-09-17 00:00:00,,,,11.06,
2012-09-18 00:00:00,,,,11.11,
2012-09-19 00:00:00,,,,11.19,
2012-09-20 00:00:00,,,,11.34,
2012-09-21 00:00:00,,,,11.02,
2012-09-24 00:00:00,,,,10.77,
2012-09-25 00:00:00,,,,10.92,
2012-09-26 00:00:00,,,,11.06,
2012-09-27 00:00:00,,,,11.32,
2012-09-28 00:00:00,,,,11.42,
2012-10-01 00:00:00,,,,11.41,
2012-10-02 00:00:00,,,,11.34,
2012-10-03 00:00:00,,,,10.98,
2012-10-04 00:00:00,,,,11.08,
2012-10-05 00:00:00,,,,11.19,
2012-10-08 00:00:00,,,,11.29,
2012-10-09 00:00:00,,,,11.23,
2012-10-10 00:00:00,,,,11.05,
2012-10-11 00:00:00,,,,11.11,
2012-10-12 00:00:00,,,,11.1,
2012-10-15 00:00:00,,,,10.97,
2012-10-16 00:00:00,,,,11.33,
2012-10-17 00:00:00,,,,11.58,
2012-10-18 00:00:00,,,,11.34,
2012-10-19 00:00:00,,,,11.09,
2012-10-22 00:00:00,,,,11.03,
2012-10-23 00:00:00,,,,11.14,
2012-10-24 00:00:00,,,,10.82,
2012-10-25 00:00:00,,,,10.79,
2012-10-26 00:00:00,,,,10.99,
2012-10-29 00:00:00,,,,11.23,
2012-10-30 00:00:00,,,,11.28,158
2012-10-31 00:00:00,,,,11.42,
2012-11-01 00:00:00,,,,11.23,55
2012-11-02 00:00:00,,,,11.23,
2012-11-05 00:00:00,,,,11.4,
2012-11-06 00:00:00,,,,11.51,
2012-11-07 00:00:00,,,,11.35,
2012-11-08 00:00:00,,,,11.43,
2012-11-09 00:00:00,,,,11.53,
2012-11-12 00:00:00,,,,12.47,
2012-11-13 00:00:00,,,,11.7,
2012-11-14 00:00:00,,,,11.14,
2012-11-15 00:00:00,,,,10.26,
2012-11-16 00:00:00,,,,10.01,
2012-11-19 00:00:00,,,,9.77,
2012-11-20 00:00:00,,,,9.79,
2012-11-21 00:00:00,,,,9.87,
2012-11-22 00:00:00,,,,9.88,
2012-11-23 00:00:00,,,,10.12,
2012-11-26 00:00:00,,,,9.94,
2012-11-27 00:00:00,,,,9.99,
2012-11-28 00:00:00,,,,9.98,
2012-11-29 00:00:00,,,,9.73,
2012-11-30 00:00:00,,,,9.27,
2012-12-03 00:00:00,,,,8.97,
2012-12-04 00:00:00,,,,8.7,
2012-12-05 00:00:00,,,,9.12,
2012-12-06 00:00:00,,,,9.38,
2012-12-07 00:00:00,,,,9.82,
2012-12-10 00:00:00,,,,10.18,
2012-12-11 00:00:00,,,,9.87,
2012-12-12 00:00:00,,,,9.75,
2012-12-13 00:00:00,,,,9.66,250
2012-12-14 00:00:00,,,,9.58,
2012-12-17 00:00:00,,,,9.39,
2012-12-18 00:00:00,,,,9.63,
2012-12-19 00:00:00,,,,9.95,
2012-12-20 00:00:00,,,,10.07,
2012-12-21 00:00:00,,,,9.88,
2012-12-24 00:00:00,,,,9.79,
2012-12-27 00:00:00,,,,9.74,
2012-12-28 00:00:00,,,,9.33,
2012-12-31 00:00:00,,,,9.29,
2013-01-02 00:00:00,,,,9.17,
2013-01-03 00:00:00,,,,8.97,
2013-01-04 00:00:00,,,,8.83,
2013-01-07 00:00:00,,,,9.17,
2013-01-08 00:00:00,,,,8.97,
2013-01-09 00:00:00,,,,8.68,
2013-01-10 00:00:00,,,,8.61,
2013-01-11 00:00:00,,,,8.42,
2013-01-14 00:00:00,,,,8.4,
2013-01-15 00:00:00,,,,8.61,
2013-01-16 00:00:00,,,,8.14,345
2013-01-17 00:00:00,,,,8.1,
2013-01-18 00:00:00,7.27,7.27,7.27,7.39,1
2013-01-21 00:00:00,7.04,7.04,7.04,7.12,1
2013-01-22 00:00:00,,,,7.68,
2013-01-23 00:00:00,,,,6.78,
2013-01-24 00:00:00,,,,6.35,
2013-01-25 00:00:00,,,,6.01,269
2013-01-28 00:00:00,,,,6.11,
2013-01-29 00:00:00,,,,5.92,
2013-01-30 00:00:00,5.85,5.85,5.85,5.66,70
2013-01-31 00:00:00,,,,5.14,
2013-02-01 00:00:00,,,,6.11,
2013-02-04 00:00:00,,,,6.16,
2013-02-05 00:00:00,,,,6.28,
2013-02-06 00:00:00,,,,6,
2013-02-07 00:00:00,6.06,6.06,6.06,6.01,544
2013-02-08 00:00:00,,,,6.4,125
2013-02-11 00:00:00,,,,6.32,
2013-02-12 00:00:00,,,,6.46,
2013-02-13 00:00:00,,,,7.22,
2013-02-14 00:00:00,,,,7.17,
2013-02-15 00:00:00,,,,7.09,
2013-02-18 00:00:00,,,,7.03,
2013-02-19 00:00:00,,,,6.47,
2013-02-20 00:00:00,,,,6.82,
2013-02-21 00:00:00,,,,7.18,
2013-02-22 00:00:00,,,,7.07,
2013-02-25 00:00:00,,,,6.4,
2013-02-26 00:00:00,,,,6.07,
2013-02-27 00:00:00,6.18,6.13,6.17,6.19,30
2013-02-28 00:00:00,,,,6.66,
2013-03-01 00:00:00,,,,6.48,
2013-03-04 00:00:00,,,,6.44,
2013-03-05 00:00:00,,,,6,
2013-03-06 00:00:00,,,,6.03,
2013-03-07 00:00:00,,,,6.05,
2013-03-08 00:00:00,,,,5.97,
2013-03-11 00:00:00,,,,5.63,
2013-03-12 00:00:00,,,,5.35,
2013-03-13 00:00:00,5.1,5.08,5.1,5.06,100
2013-03-14 00:00:00,,,,5.27,
2013-03-15 00:00:00,,,,5.37,50
2013-03-18 00:00:00,,,,5.11,
2013-03-19 00:00:00,,,,5.1,
2013-03-20 00:00:00,,,,5.56,
2013-03-21 00:00:00,,,,6.08,
2013-03-22 00:00:00,,,,5.73,
2013-03-25 00:00:00,,,,6.12,
2013-03-26 00:00:00,,,,6.25,
2013-03-27 00:00:00,,,,6.64,
2013-03-28 00:00:00,,,,6.48,
2013-04-02 00:00:00,,,,6.62,
2013-04-03 00:00:00,,,,6.62,
2013-04-04 00:00:00,,,,6.76,
2013-04-05 00:00:00,,,,6.94,
2013-04-08 00:00:00,,,,6.97,
2013-04-09 00:00:00,,,,6.48,
2013-04-10 00:00:00,,,,5.79,10
2013-04-11 00:00:00,,,,5.83,
2013-04-12 00:00:00,5.95,5.94,5.94,6.26,32
2013-04-15 00:00:00,,,,6.25,
2013-04-16 00:00:00,,,,4.26,
2013-04-17 00:00:00,,,,3.81,
2013-04-18 00:00:00,,,,4.15,
2013-04-19 00:00:00,,,,4.28,
2013-04-22 00:00:00,,,,3.95,
2013-04-23 00:00:00,,,,4.14,
2013-04-24 00:00:00,,,,4.09,
2013-04-25 00:00:00,,,,4.04,
2013-04-26 00:00:00,,,,4.19,
2013-04-29 00:00:00,,,,4.42,
2013-04-30 00:00:00,,,,4.2,
2013-05-01 00:00:00,,,,3.96,
2013-05-02 00:00:00,,,,4.14,100
2013-05-03 00:00:00,,,,4.83,
2013-05-06 00:00:00,,,,4.98,
2013-05-07 00:00:00,,,,4.82,
2013-05-08 00:00:00,,,,4.55,
2013-05-09 00:00:00,,,,4.86,
2013-05-10 00:00:00,,,,4.42,
2013-05-13 00:00:00,,,,4.3,
2013-05-14 00:00:00,,,,4.57,
2013-05-15 00:00:00,,,,4.7,0
2013-05-16 00:00:00,,,,4.76,
2013-05-17 00:00:00,,,,4.6,
2013-05-20 00:00:00,,,,4.66,
2013-05-21 00:00:00,,,,4.62,
2013-05-22 00:00:00,,,,4.35,
2013-05-23 00:00:00,,,,4.44,
2013-05-24 00:00:00,,,,4.65,
2013-05-27 00:00:00,,,,4.59,
2013-05-28 00:00:00,,,,4.78,
2013-05-29 00:00:00,,,,4.96,
2013-05-30 00:00:00,,,,5.05,
2013-05-31 00:00:00,,,,5.19,
2013-06-03 00:00:00,,,,5.17,
2013-06-04 00:00:00,,,,5.24,
2013-06-05 00:00:00,,,,5.4,
2013-06-06 00:00:00,,,,5.41,25
2013-06-07 00:00:00,,,,5.56,
2013-06-10 00:00:00,,,,5.47,
2013-06-11 00:00:00,,,,5.65,
2013-06-12 00:00:00,,,,5.98,
2013-06-13 00:00:00,,,,5.87,
2013-06-14 00:00:00,,,,6.26,
2013-06-17 00:00:00,,,,6.06,
2013-06-18 00:00:00,,,,6.11,
2013-06-19 00:00:00,,,,5.73,
2013-06-20 00:00:00,,,,5.77,
2013-06-21 00:00:00,,,,5.72,
2013-06-24 00:00:00,,,,5.47,
2013-06-25 00:00:00,,,,5.62,
2013-06-26 00:00:00,,,,5.76,
2013-06-27 00:00:00,,,,5.76,
2013-06-28 00:00:00,,,,5.52,
2013-07-01 00:00:00,,,,5.55,
2013-07-02 00:00:00,,,,5.6,
2013-07-03 00:00:00,,,,6.01,
2013-07-04 00:00:00,,,,5.98,
2013-07-05 00:00:00,,,,5.54,
2013-07-08 00:00:00,,,,5.48,
2013-07-09 00:00:00,,,,5.39,
2013-07-10 00:00:00,,,,5.24,
2013-07-11 00:00:00,,,,5.29,
2013-07-12 00:00:00,,,,5.24,
2013-07-15 00:00:00,,,,5.25,
2013-07-16 00:00:00,5.35,5.35,5.35,5.3,25
2013-07-17 00:00:00,,,,5.29,
2013-07-18 00:00:00,,,,5.3,
2013-07-19 00:00:00,,,,5.36,
2013-07-22 00:00:00,,,,5.39,
2013-07-23 00:00:00,,,,5.46,
2013-07-24 00:00:00,,,,5.51,
2013-07-25 00:00:00,,,,5.54,
2013-07-26 00:00:00,,,,5.56,
2013-07-29 00:00:00,,,,5.56,
2013-07-30 00:00:00,,,,5.52,
2013-07-31 00:00:00,,,,5.57,
2013-08-01 00:00:00,,,,5.58,
2013-08-02 00:00:00,,,,5.63,
2013-08-05 00:00:00,,,,5.66,
2013-08-06 00:00:00,,,,5.76,
2013-08-07 00:00:00,,,,5.71,
2013-08-08 00:00:00,,,,5.77,
2013-08-09 00:00:00,,,,5.69,
2013-08-12 00:00:00,,,,5.55,
2013-08-13 00:00:00,,,,5.53,
2013-08-14 00:00:00,,,,5.59,
2013-08-15 00:00:00,,,,5.58,
2013-08-16 00:00:00,,,,5.58,
2013-08-19 00:00:00,,,,5.55,
2013-08-20 00:00:00,,,,5.57,
2013-08-21 00:00:00,,,,5.59,
2013-08-22 00:00:00,,,,5.74,
2013-08-23 00:00:00,,,,5.65,
2013-08-26 00:00:00,,,,5.64,
2013-08-27 00:00:00,,,,5.76,
2013-08-28 00:00:00,,,,5.83,
2013-08-29 00:00:00,,,,5.81,
2013-08-30 00:00:00,,,,5.78,
2013-09-02 00:00:00,,,,5.72,
2013-09-03 00:00:00,,,,5.62,
2013-09-04 00:00:00,,,,5.76,
2013-09-05 00:00:00,,,,6.2,
2013-09-06 00:00:00,,,,6.62,
2013-09-09 00:00:00,,,,6.67,
2013-09-10 00:00:00,,,,6.47,
2013-09-11 00:00:00,,,,6.61,
2013-09-12 00:00:00,,,,7.06,
2013-09-13 00:00:00,,,,6.8,
2013-09-16 00:00:00,,,,6.88,
2013-09-17 00:00:00,,,,7.16,
2013-09-18 00:00:00,,,,7.02,
2013-09-19 00:00:00,,,,6.79,
2013-09-20 00:00:00,,,,6.79,
2013-09-23 00:00:00,,,,6.9,
2013-09-24 00:00:00,,,,6.85,
2013-09-25 00:00:00,,,,6.87,
2013-09-26 00:00:00,,,,6.96,
2013-09-27 00:00:00,,,,6.86,
2013-09-30 00:00:00,,,,6.48,
2013-10-01 00:00:00,,,,6.59,
2013-10-02 00:00:00,,,,6.72,
2013-10-03 00:00:00,,,,6.64,
2013-10-04 00:00:00,,,,6.56,
2013-10-07 00:00:00,,,,6.38,
2013-10-08 00:00:00,,,,6.27,
2013-10-09 00:00:00,,,,6.16,
2013-10-10 00:00:00,,,,6.11,
2013-10-11 00:00:00,,,,5.97,
2013-10-14 00:00:00,,,,6.19,
2013-10-15 00:00:00,,,,6.36,
2013-10-16 00:00:00,,,,6.77,
2013-10-17 00:00:00,,,,6.6,
2013-10-18 00:00:00,,,,6.55,
2013-10-21 00:00:00,,,,5.94,
2013-10-22 00:00:00,,,,6.07,
2013-10-23 00:00:00,,,,5.97,
2013-10-24 00:00:00,,,,6.03,
2013-10-25 00:00:00,,,,6.44,
2013-10-28 00:00:00,,,,6.24,
2013-10-29 00:00:00,,,,6.51,
2013-10-30 00:00:00,,,,6.38,
2013-10-31 00:00:00,,,,6.19,
2013-11-01 00:00:00,,,,5.97,
2013-11-04 00:00:00,,,,5.91,
2013-11-05 00:00:00,,,,6.18,
2013-11-06 00:00:00,,,,6.19,
2013-11-07 00:00:00,,,,6.21,
2013-11-08 00:00:00,,,,5.86,
2013-11-11 00:00:00,,,,5.98,
2013-11-12 00:00:00,,,,6.01,
2013-11-13 00:00:00,,,,6.02,
2013-11-14 00:00:00,,,,5.96,
2013-11-15 00:00:00,,,,5.86,
2013-11-18 00:00:00,,,,5.68,
2013-11-19 00:00:00,,,,5.78,
2013-11-20 00:00:00,,,,5.84,
2013-11-21 00:00:00,,,,5.73,
2013-11-22 00:00:00,,,,5.75,
2013-11-25 00:00:00,,,,5.72,
2013-11-26 00:00:00,,,,5.81,
2013-11-27 00:00:00,,,,5.79,
2013-11-28 00:00:00,,,,5.72,
2013-11-29 00:00:00,,,,5.62,
2013-12-02 00:00:00,,,,5.79,
2013-12-03 00:00:00,,,,5.75,
2013-12-04 00:00:00,,,,5.73,
2013-12-05 00:00:00,,,,5.91,
2013-12-06 00:00:00,,,,6.19,
2013-12-09 00:00:00,,,,6.4,
2013-12-10 00:00:00,,,,6.58,
2013-12-11 00:00:00,,,,6.5,
2013-12-12 00:00:00,,,,6.52,20
2013-12-13 00:00:00,,,,6.37,
2013-12-16 00:00:00,,,,6.15,
2013-12-17 00:00:00,,,,6.36,
2013-12-18 00:00:00,,,,6.31,
2013-12-19 00:00:00,,,,6.33,
2013-12-20 00:00:00,,,,6.11,50
2013-12-23 00:00:00,,,,6.12,
2013-12-24 00:00:00,,,,6.23,25
2013-12-27 00:00:00,,,,6.25,
2013-12-30 00:00:00,,,,6.2,
2013-12-31 00:00:00,,,,6.13,
2014-01-02 00:00:00,,,,5.99,
2014-01-03 00:00:00,,,,5.97,
2014-01-06 00:00:00,,,,5.81,25
2014-01-07 00:00:00,,,,5.85,
2014-01-08 00:00:00,,,,5.74,
2014-01-09 00:00:00,,,,5.67,525
2014-01-10 00:00:00,,,,5.69,
2014-01-13 00:00:00,,,,5.8,
2014-01-14 00:00:00,,,,6.05,
2014-01-15 00:00:00,,,,6.05,
2014-01-16 00:00:00,,,,6.38,
2014-01-17 00:00:00,,,,6.39,
2014-01-20 00:00:00,,,,6.21,
2014-01-21 00:00:00,,,,6.33,
2014-01-22 00:00:00,,,,6.45,
2014-01-23 00:00:00,,,,6.35,
2014-01-24 00:00:00,,,,6.64,
2014-01-27 00:00:00,,,,6.79,
2014-01-28 00:00:00,,,,6.95,
2014-01-29 00:00:00,,,,6.96,
2014-01-30 00:00:00,,,,7.21,
2014-01-31 00:00:00,,,,6.98,
2014-02-03 00:00:00,,,,7.4,500
2014-02-04 00:00:00,,,,7.4,
2014-02-05 00:00:00,,,,7.73,
2014-02-06 00:00:00,,,,8.21,
2014-02-07 00:00:00,,,,8.19,
2014-02-10 00:00:00,,,,8.15,
2014-02-11 00:00:00,,,,7.97,
2014-02-12 00:00:00,,,,8.09,
2014-02-13 00:00:00,,,,8.13,
2014-02-14 00:00:00,,,,8.34,
2014-02-17 00:00:00,,,,8.62,
2014-02-18 00:00:00,,,,8.54,
2014-02-19 00:00:00,,,,8.91,25
2014-02-20 00:00:00,,,,8.99,
2014-02-21 00:00:00,,,,9.17,
2014-02-24 00:00:00,,,,9.01,
2014-02-25 00:00:00,8.66,8.66,8.66,8.07,25
2014-02-26 00:00:00,,,,8.39,
2014-02-27 00:00:00,,,,8.42,2000
2014-02-28 00:00:00,,,,9.18,
2014-03-03 00:00:00,,,,8.67,
2014-03-04 00:00:00,,,,8.88,
2014-03-05 00:00:00,,,,8.82,
2014-03-06 00:00:00,,,,8.83,
2014-03-07 00:00:00,,,,8.93,
2014-03-10 00:00:00,,,,8.92,
2014-03-11 00:00:00,,,,8.82,
2014-03-12 00:00:00,,,,8.45,
2014-03-13 00:00:00,,,,8.36,
2014-03-14 00:00:00,,,,8.17,
2014-03-17 00:00:00,,,,7.64,
2014-03-18 00:00:00,,,,7.51,
2014-03-19 00:00:00,,,,7.78,
2014-03-20 00:00:00,,,,7.8,
2014-03-21 00:00:00,,,,7.99,115
2014-03-24 00:00:00,,,,7.65,
2014-03-25 00:00:00,,,,7.67,
2014-03-26 00:00:00,,,,7.57,
2014-03-27 00:00:00,7.2,7.2,7.2,6.8,2
2014-03-28 00:00:00,,,,5.69,200
2014-03-31 00:00:00,,,,5.96,
2014-04-01 00:00:00,6.28,6.26,6.28,6.41,316
2014-04-02 00:00:00,,,,6.12,
2014-04-03 00:00:00,,,,6.13,
2014-04-04 00:00:00,,,,5.89,
2014-04-07 00:00:00,,,,6.23,694
2014-04-08 00:00:00,,,,6.08,330
2014-04-09 00:00:00,,,,6.17,25
2014-04-10 00:00:00,,,,6.36,41
2014-04-11 00:00:00,,,,6.58,42
2014-04-14 00:00:00,,,,6.49,
2014-04-15 00:00:00,,,,6.85,58
2014-04-16 00:00:00,,,,6.76,
2014-04-17 00:00:00,,,,6.87,
2014-04-22 00:00:00,,,,7.02,
2014-04-23 00:00:00,,,,7.01,
2014-04-24 00:00:00,,,,7.09,
2014-04-25 00:00:00,,,,6.36,12
2014-04-28 00:00:00,6.43,6.43,6.43,6.48,260
2014-04-29 00:00:00,,,,6.75,
2014-04-30 00:00:00,6.75,6.72,6.75,6.75,27
2014-05-01 00:00:00,,,,6.75,
2014-05-02 00:00:00,,,,6.49,
2014-05-05 00:00:00,,,,6.51,0
2014-05-06 00:00:00,,,,6.51,
2014-05-07 00:00:00,,,,6.4,
2014-05-08 00:00:00,,,,6.41,
2014-05-09 00:00:00,,,,6.53,
2014-05-12 00:00:00,,,,6.62,13
2014-05-13 00:00:00,,,,6.6,20
2014-05-14 00:00:00,,,,6.38,
2014-05-15 00:00:00,,,,5.96,
2014-05-16 00:00:00,6.02,6.02,6.02,5.99,3
2014-05-19 00:00:00,,,,5.87,13
2014-05-20 00:00:00,,,,6.03,
2014-05-21 00:00:00,,,,6.37,
2014-05-22 00:00:00,,,,6.44,
2014-05-23 00:00:00,,,,6.36,
2014-05-26 00:00:00,,,,6.33,
2014-05-27 00:00:00,,,,6.42,
2014-05-28 00:00:00,,,,6.45,
2014-05-29 00:00:00,,,,6.45,
2014-05-30 00:00:00,,,,6.27,
2014-06-02 00:00:00,,,,6.36,
2014-06-03 00:00:00,,,,6.69,11
2014-06-04 00:00:00,,,,6.65,
2014-06-05 00:00:00,,,,6.79,10
2014-06-06 00:00:00,,,,6.68,
2014-06-09 00:00:00,,,,6.78,
2014-06-10 00:00:00,6.78,6.78,6.78,6.73,165
2014-06-11 00:00:00,6.66,6.66,6.66,6.6,34
2014-06-12 00:00:00,,,,6.8,
2014-06-13 00:00:00,6.93,6.93,6.93,6.93,5
2014-06-16 00:00:00,,,,6.89,25
2014-06-17 00:00:00,,,,6.97,25
2014-06-18 00:00:00,,,,6.91,
2014-06-19 00:00:00,,,,6.79,
2014-06-20 00:00:00,,,,6.9,
2014-06-23 00:00:00,,,,7.05,
2014-06-24 00:00:00,,,,7,
2014-06-25 00:00:00,,,,6.95,
2014-06-26 00:00:00,,,,6.95,
2014-06-27 00:00:00,,,,7.02,
2014-06-30 00:00:00,,,,7.07,
2014-07-01 00:00:00,,,,7.26,
2014-07-02 00:00:00,,,,7.32,
2014-07-03 00:00:00,7.3,7.3,7.3,7.23,65
2014-07-04 00:00:00,,,,6.78,45
2014-07-07 00:00:00,,,,6.65,
2014-07-08 00:00:00,,,,6.85,
2014-07-09 00:00:00,,,,6.93,
2014-07-10 00:00:00,,,,6.79,
2014-07-11 00:00:00,,,,6.85,
2014-07-14 00:00:00,,,,6.99,
2014-07-15 00:00:00,,,,7.06,
2014-07-16 00:00:00,,,,7.17,
2014-07-17 00:00:00,,,,7.29,
2014-07-18 00:00:00,,,,7.1,30
2014-07-21 00:00:00,,,,7.16,
2014-07-22 00:00:00,,,,7.29,
2014-07-23 00:00:00,,,,7.3,
2014-07-24 00:00:00,,,,7.18,25
2014-07-25 00:00:00,,,,7.25,
2014-07-28 00:00:00,7.29,7.29,7.29,7.31,95
2014-07-29 00:00:00,,,,7.13,
2014-07-30 00:00:00,,,,7.22,
2014-07-31 00:00:00,,,,7.27,950
2014-08-01 00:00:00,,,,7.34,
2014-08-04 00:00:00,,,,7.3,
2014-08-05 00:00:00,,,,7.27,
2014-08-06 00:00:00,,,,7.28,
2014-08-07 00:00:00,,,,6.99,
2014-08-08 00:00:00,,,,7,
2014-08-11 00:00:00,,,,7.19,
2014-08-12 00:00:00,,,,7.17,
2014-08-13 00:00:00,,,,7.3,
2014-08-14 00:00:00,,,,7.3,
2014-08-15 00:00:00,,,,7.46,
2014-08-18 00:00:00,,,,7.42,999
2014-08-19 00:00:00,,,,7.53,50
2014-08-20 00:00:00,,,,7.5,
2014-08-21 00:00:00,,,,7.42,
2014-08-22 00:00:00,,,,7.43,
2014-08-25 00:00:00,,,,7.41,
2014-08-26 00:00:00,,,,7.38,
2014-08-27 00:00:00,,,,7.43,77
2014-08-28 00:00:00,,,,7.51,
2014-08-29 00:00:00,,,,7.46,
2014-09-01 00:00:00,,,,7.46,
2014-09-02 00:00:00,,,,7.46,
2014-09-03 00:00:00,,,,7.39,
2014-09-04 00:00:00,,,,7.15,14
2014-09-05 00:00:00,,,,7.29,14
2014-09-08 00:00:00,,,,7.3,
2014-09-09 00:00:00,,,,7.11,
2014-09-10 00:00:00,,,,7.06,
2014-09-11 00:00:00,,,,7.08,
2014-09-12 00:00:00,,,,7.01,
2014-09-15 00:00:00,,,,6.83,
2014-09-16 00:00:00,,,,6.68,
2014-09-17 00:00:00,,,,6.77,
2014-09-18 00:00:00,,,,6.88,
2014-09-19 00:00:00,,,,6.93,
2014-09-22 00:00:00,,,,6.9,164
2014-09-23 00:00:00,,,,6.52,
2014-09-24 00:00:00,,,,6.69,
2014-09-25 00:00:00,,,,6.69,
2014-09-26 00:00:00,,,,6.81,
2014-09-29 00:00:00,,,,6.63,
2014-09-30 00:00:00,,,,6.69,
2014-10-01 00:00:00,,,,6.65,
2014-10-02 00:00:00,,,,6.5,14
2014-10-03 00:00:00,,,,6.48,
2014-10-06 00:00:00,,,,6.48,
2014-10-07 00:00:00,,,,6.54,
2014-10-08 00:00:00,,,,6.88,14
2014-10-09 00:00:00,6.91,6.91,6.91,6.96,251
2014-10-10 00:00:00,,,,6.87,
2014-10-13 00:00:00,,,,6.89,
2014-10-14 00:00:00,,,,6.91,
2014-10-15 00:00:00,,,,6.99,15
2014-10-16 00:00:00,,,,7.05,
2014-10-17 00:00:00,,,,6.95,50
2014-10-20 00:00:00,,,,6.97,
2014-10-21 00:00:00,,,,7.01,
2014-10-22 00:00:00,,,,7.07,
2014-10-23 00:00:00,,,,7.19,
2014-10-24 00:00:00,,,,7.26,
2014-10-27 00:00:00,,,,7.14,
2014-10-28 00:00:00,,,,7.01,
2014-10-29 00:00:00,,,,7.27,
2014-10-30 00:00:00,,,,7.28,
2014-10-31 00:00:00,,,,7.2,
2014-11-03 00:00:00,,,,7.45,
2014-11-04 00:00:00,,,,7.38,
2014-11-05 00:00:00,,,,7.54,
2014-11-06 00:00:00,,,,7.51,
2014-11-07 00:00:00,,,,7.64,
2014-11-10 00:00:00,,,,7.6,
2014-11-11 00:00:00,,,,7.69,
2014-11-12 00:00:00,,,,7.75,
2014-11-13 00:00:00,,,,7.67,
2014-11-14 00:00:00,,,,7.48,
2014-11-17 00:00:00,,,,7.77,
2014-11-18 00:00:00,,,,7.9,
2014-11-19 00:00:00,7.93,7.93,7.93,7.94,27
2014-11-20 00:00:00,,,,7.84,
2014-11-21 00:00:00,,,,7.88,
2014-11-24 00:00:00,,,,7.93,
2014-11-25 00:00:00,,,,8.01,
2014-11-26 00:00:00,,,,8.08,
2014-11-27 00:00:00,,,,7.98,65
2014-11-28 00:00:00,7.96,7.96,7.96,7.91,15
2014-12-01 00:00:00,,,,7.95,
2014-12-02 00:00:00,,,,7.71,26
2014-12-03 00:00:00,,,,7.75,
2014-12-04 00:00:00,,,,7.7,
2014-12-05 00:00:00,,,,7.49,
2014-12-08 00:00:00,,,,7.5,
2014-12-09 00:00:00,,,,7.58,
2014-12-10 00:00:00,,,,7.37,
2014-12-11 00:00:00,7.43,7.4,7.42,7.54,122
2014-12-12 00:00:00,,,,7.45,
2014-12-15 00:00:00,7.5,7.49,7.5,7.68,24
2014-12-16 00:00:00,,,,7.72,13
2014-12-17 00:00:00,,,,7.79,
2014-12-18 00:00:00,,,,7.85,
2014-12-19 00:00:00,,,,7.89,
2014-12-22 00:00:00,,,,7.92,
2014-12-23 00:00:00,,,,8.09,
2014-12-24 00:00:00,,,,8.21,
2014-12-29 00:00:00,,,,8.09,
2014-12-30 00:00:00,,,,8.06,
2014-12-31 00:00:00,,,,8.09,
2015-01-02 00:00:00,,,,7.83,
2015-01-05 00:00:00,,,,7.72,
2015-01-06 00:00:00,,,,7.58,
2015-01-07 00:00:00,,,,7.56,
2015-01-08 00:00:00,,,,7.59,
2015-01-09 00:00:00,,,,7.48,
2015-01-12 00:00:00,,,,7.49,
2015-01-13 00:00:00,,,,8.09,
2015-01-14 00:00:00,,,,7.96,
2015-01-15 00:00:00,,,,7.91,
2015-01-16 00:00:00,,,,7.92,
2015-01-19 00:00:00,,,,8,
2015-01-20 00:00:00,7.95,7.95,7.95,7.95,5
2015-01-21 00:00:00,8.02,8.02,8.02,8.13,17
2015-01-22 00:00:00,7.6,7.51,7.6,7.51,47
2015-01-23 00:00:00,,,,7.55,
2015-01-26 00:00:00,,,,7.6,
2015-01-27 00:00:00,,,,7.58,
2015-01-28 00:00:00,,,,7.7,
2015-01-29 00:00:00,,,,7.79,
2015-01-30 00:00:00,,,,7.82,
2015-02-02 00:00:00,,,,7.87,
2015-02-03 00:00:00,,,,7.8,
2015-02-04 00:00:00,,,,7.66,
2015-02-05 00:00:00,,,,7.73,
2015-02-06 00:00:00,,,,7.69,
2015-02-09 00:00:00,,,,7.65,
2015-02-10 00:00:00,,,,7.86,500
2015-02-11 00:00:00,,,,7.99,10
2015-02-12 00:00:00,8.07,8.07,8.07,8.15,419
2015-02-13 00:00:00,,,,8.39,
2015-02-16 00:00:00,,,,8.4,
2015-02-17 00:00:00,8.28,8.28,8.28,8.2,10
2015-02-18 00:00:00,,,,8.22,
2015-02-19 00:00:00,,,,8.06,
2015-02-20 00:00:00,,,,8.03,
2015-02-23 00:00:00,,,,8.43,131
2015-02-24 00:00:00,8.29,8.07,8.29,8.16,145
2015-02-25 00:00:00,,,,8.09,
2015-02-26 00:00:00,,,,7.74,
2015-02-27 00:00:00,,,,7.77,
2015-03-02 00:00:00,,,,7.6,30
2015-03-03 00:00:00,,,,7.37,
2015-03-04 00:00:00,,,,7.68,
2015-03-05 00:00:00,,,,7.39,
2015-03-06 00:00:00,7.43,7.43,7.43,7.43,5
2015-03-09 00:00:00,7.31,7.31,7.31,7.3,1
2015-03-10 00:00:00,,,,7.43,
2015-03-11 00:00:00,,,,7.38,
2015-03-12 00:00:00,,,,7.03,20
2015-03-13 00:00:00,,,,7.07,
2015-03-16 00:00:00,,,,7.11,175
2015-03-17 00:00:00,,,,7.34,
2015-03-18 00:00:00,,,,7.34,
2015-03-19 00:00:00,,,,7.27,
2015-03-20 00:00:00,,,,7.67,
2015-03-23 00:00:00,,,,7.67,
2015-03-24 00:00:00,,,,7.65,
2015-03-25 00:00:00,,,,7.58,
2015-03-26 00:00:00,7.58,7.58,7.58,7.57,1
2015-03-27 00:00:00,7.64,7.64,7.64,7.37,12
2015-03-30 00:00:00,,,,7.5,
2015-03-31 00:00:00,,,,7.54,
2015-04-01 00:00:00,7.78,7.77,7.77,7.73,19
2015-04-02 00:00:00,,,,7.73,
2015-04-07 00:00:00,,,,7.69,
2015-04-08 00:00:00,,,,7.7,
2015-04-09 00:00:00,,,,7.58,
2015-04-10 00:00:00,,,,7.51,
2015-04-13 00:00:00,,,,7.38,
2015-04-14 00:00:00,,,,7.38,
2015-04-15 00:00:00,,,,7.43,
2015-04-16 00:00:00,,,,7.46,
2015-04-17 00:00:00,,,,7.43,
2015-04-20 00:00:00,,,,7.73,
2015-04-21 00:00:00,,,,7.7,1000
2015-04-22 00:00:00,,,,7.7,519
2015-04-23 00:00:00,,,,7.85,300
2015-04-24 00:00:00,,,,7.89,
2015-04-27 00:00:00,,,,7.76,
2015-04-28 00:00:00,7.8,7.75,7.8,7.96,14
2015-04-29 00:00:00,7.97,7.91,7.97,8.07,456
2015-04-30 00:00:00,,,,7.99,250
2015-05-01 00:00:00,,,,8.08,
2015-05-04 00:00:00,,,,8.18,
2015-05-05 00:00:00,,,,8.15,12
2015-05-06 00:00:00,,,,8.14,212
2015-05-07 00:00:00,,,,8.04,560
2015-05-08 00:00:00,8.16,8.07,8.07,8.15,1031
2015-05-11 00:00:00,,,,8.23,
2015-05-12 00:00:00,,,,8.2,
2015-05-13 00:00:00,,,,8.26,250
2015-05-14 00:00:00,,,,8.16,
2015-05-15 00:00:00,8.22,8.17,8.22,8.18,6
2015-05-18 00:00:00,,,,8.21,
2015-05-19 00:00:00,,,,7.98,
2015-05-20 00:00:00,,,,7.94,
2015-05-21 00:00:00,,,,7.89,100
2015-05-22 00:00:00,,,,7.89,50
2015-05-25 00:00:00,,,,7.97,45
2015-05-26 00:00:00,,,,7.84,15
2015-05-27 00:00:00,,,,7.79,
2015-05-28 00:00:00,7.82,7.82,7.82,7.8,30
2015-05-29 00:00:00,,,,7.91,
2015-06-01 00:00:00,,,,7.82,
2015-06-02 00:00:00,7.91,7.87,7.87,8.03,6
2015-06-03 00:00:00,,,,8.07,500
2015-06-04 00:00:00,,,,7.98,50
2015-06-05 00:00:00,,,,7.99,167
2015-06-08 00:00:00,,,,8.03,
2015-06-09 00:00:00,,,,8.14,
2015-06-10 00:00:00,,,,8.15,
2015-06-11 00:00:00,,,,8.07,24
2015-06-12 00:00:00,,,,8.16,37
2015-06-15 00:00:00,,,,8.07,
2015-06-16 00:00:00,,,,7.96,39
2015-06-17 00:00:00,,,,8.03,500
2015-06-18 00:00:00,,,,8.01,
2015-06-19 00:00:00,,,,7.97,
2015-06-22 00:00:00,,,,8.01,
2015-06-23 00:00:00,,,,8.03,352
2015-06-24 00:00:00,,,,8.02,
2015-06-25 00:00:00,,,,8.13,500
2015-06-26 00:00:00,,,,8.07,
2015-06-29 00:00:00,,,,7.88,
2015-06-30 00:00:00,,,,7.96,
2015-07-01 00:00:00,,,,8.01,
2015-07-02 00:00:00,,,,7.97,
2015-07-03 00:00:00,,,,7.97,
2015-07-06 00:00:00,,,,7.9,100
2015-07-07 00:00:00,,,,7.97,
2015-07-08 00:00:00,,,,7.96,
2015-07-09 00:00:00,,,,8,
2015-07-10 00:00:00,,,,8.13,
2015-07-13 00:00:00,,,,8.32,
2015-07-14 00:00:00,,,,8.25,
2015-07-15 00:00:00,,,,8.29,
2015-07-16 00:00:00,,,,8.19,
2015-07-17 00:00:00,,,,8.27,292
2015-07-20 00:00:00,,,,8.52,5
2015-07-21 00:00:00,8.5,8.5,8.5,8.5,44
2015-07-22 00:00:00,,,,8.49,285
2015-07-23 00:00:00,,,,8.61,
2015-07-24 00:00:00,8.62,8.62,8.62,8.54,18
2015-07-27 00:00:00,,,,8.55,
2015-07-28 00:00:00,,,,8.54,12
2015-07-29 00:00:00,,,,8.58,195
2015-07-30 00:00:00,,,,8.39,
2015-07-31 00:00:00,,,,8.38,
2015-08-03 00:00:00,,,,8.47,
2015-08-04 00:00:00,,,,8.42,
2015-08-05 00:00:00,,,,8.34,
2015-08-06 00:00:00,,,,8.35,
2015-08-07 00:00:00,,,,8.29,100
2015-08-10 00:00:00,,,,8.43,
2015-08-11 00:00:00,8.58,8.58,8.58,8.61,1
2015-08-12 00:00:00,,,,8.71,
2015-08-13 00:00:00,,,,8.71,
2015-08-14 00:00:00,,,,8.84,
2015-08-17 00:00:00,,,,8.76,
2015-08-18 00:00:00,,,,8.79,
2015-08-19 00:00:00,,,,8.86,
2015-08-20 00:00:00,,,,8.88,
2015-08-21 00:00:00,8.78,8.78,8.78,8.72,5
2015-08-24 00:00:00,,,,8.69,
2015-08-25 00:00:00,,,,8.77,
2015-08-26 00:00:00,8.77,8.77,8.77,8.62,291
2015-08-27 00:00:00,,,,8.57,
2015-08-28 00:00:00,,,,8.63,
2015-08-31 00:00:00,,,,8.6,
2015-09-01 00:00:00,,,,8.53,
2015-09-02 00:00:00,,,,8.64,
2015-09-03 00:00:00,,,,8.69,
2015-09-04 00:00:00,,,,8.61,
2015-09-07 00:00:00,,,,8.6,
2015-09-08 00:00:00,,,,8.73,
2015-09-09 00:00:00,,,,8.78,
2015-09-10 00:00:00,,,,8.79,
2015-09-11 00:00:00,,,,8.77,
2015-09-14 00:00:00,,,,8.74,
2015-09-15 00:00:00,,,,8.68,135
2015-09-16 00:00:00,,,,8.74,
2015-09-17 00:00:00,,,,8.73,
2015-09-18 00:00:00,,,,8.62,
2015-09-21 00:00:00,8.6,8.57,8.6,8.49,33
2015-09-22 00:00:00,,,,8.52,
2015-09-23 00:00:00,,,,8.57,
2015-09-24 00:00:00,,,,8.5,
2015-09-25 00:00:00,,,,8.49,
2015-09-28 00:00:00,,,,8.41,1100
2015-09-29 00:00:00,,,,8.45,
2015-09-30 00:00:00,,,,8.63,
2015-10-01 00:00:00,8.71,8.71,8.71,8.65,11
2015-10-02 00:00:00,,,,8.62,
2015-10-05 00:00:00,,,,8.69,268
2015-10-06 00:00:00,,,,8.69,
2015-10-07 00:00:00,,,,8.58,
2015-10-08 00:00:00,,,,8.6,
2015-10-09 00:00:00,,,,8.83,
2015-10-12 00:00:00,,,,8.78,
2015-10-13 00:00:00,,,,8.81,
2015-10-14 00:00:00,,,,8.93,
2015-10-15 00:00:00,,,,8.92,
2015-10-16 00:00:00,,,,8.87,
2015-10-19 00:00:00,,,,8.82,
2015-10-20 00:00:00,,,,8.94,
2015-10-21 00:00:00,,,,8.93,50
2015-10-22 00:00:00,,,,8.96,
2015-10-23 00:00:00,,,,9.11,
2015-10-26 00:00:00,,,,9.14,
2015-10-27 00:00:00,,,,9.09,
2015-10-28 00:00:00,,,,9.05,
2015-10-29 00:00:00,,,,9.17,
2015-10-30 00:00:00,,,,9.13,
2015-11-02 00:00:00,,,,9.09,
2015-11-03 00:00:00,,,,8.94,
2015-11-04 00:00:00,,,,8.89,
2015-11-05 00:00:00,,,,8.95,
2015-11-06 00:00:00,,,,8.89,
2015-11-09 00:00:00,,,,8.81,
2015-11-10 00:00:00,,,,8.93,
2015-11-11 00:00:00,,,,8.93,
2015-11-12 00:00:00,,,,8.85,
2015-11-13 00:00:00,,,,8.88,250
2015-11-16 00:00:00,,,,9.01,
2015-11-17 00:00:00,,,,9.1,
2015-11-18 00:00:00,,,,9.07,
2015-11-19 00:00:00,,,,9.12,
2015-11-20 00:00:00,,,,9,
2015-11-23 00:00:00,,,,9.05,
2015-11-24 00:00:00,,,,9.14,
2015-11-25 00:00:00,,,,9.12,
2015-11-26 00:00:00,,,,9.07,
2015-11-27 00:00:00,,,,9.06,
2015-11-30 00:00:00,,,,9.06,
2015-12-01 00:00:00,,,,9.04,
2015-12-02 00:00:00,,,,8.97,
2015-12-03 00:00:00,,,,9.09,
2015-12-04 00:00:00,,,,9.02,180
2015-12-07 00:00:00,,,,8.9,
2015-12-08 00:00:00,,,,8.91,
2015-12-09 00:00:00,,,,8.89,
2015-12-10 00:00:00,,,,8.84,1
2015-12-11 00:00:00,8.77,8.45,8.77,8.55,149
2015-12-14 00:00:00,8.41,8.41,8.41,8.56,19
2015-12-15 00:00:00,,,,8.68,700
2015-12-16 00:00:00,,,,8.62,
2015-12-17 00:00:00,,,,8.55,66
2015-12-18 00:00:00,,,,8.54,
2015-12-21 00:00:00,,,,8.67,
2015-12-22 00:00:00,,,,8.73,
2015-12-23 00:00:00,,,,8.69,
2015-12-24 00:00:00,,,,8.67,
2015-12-28 00:00:00,,,,8.79,
2015-12-29 00:00:00,,,,8.75,
2015-12-30 00:00:00,,,,8.69,
2015-12-31 00:00:00,,,,8.7,
2016-01-04 00:00:00,,,,8.52,
2016-01-05 00:00:00,,,,8.47,
2016-01-06 00:00:00,,,,8.21,10
2016-01-07 00:00:00,8.08,7.99,8.08,8,50
2016-01-08 00:00:00,,,,7.85,
2016-01-11 00:00:00,,,,7.56,
2016-01-12 00:00:00,,,,7.55,
2016-01-13 00:00:00,,,,7.69,
2016-01-14 00:00:00,7.55,7.5,7.5,7.52,275
2016-01-15 00:00:00,7.46,7.13,7.46,7.12,351
2016-01-18 00:00:00,7.05,7.01,7.01,7.16,194
2016-01-19 00:00:00,7.32,7.27,7.32,7.26,153
2016-01-20 00:00:00,7.04,6.96,7.04,6.75,497
2016-01-21 00:00:00,6.59,6.59,6.59,6.6,800
2016-01-22 00:00:00,,,,6.74,200
2016-01-25 00:00:00,,,,6.27,425
2016-01-26 00:00:00,6.28,6.26,6.26,6.46,568
2016-01-27 00:00:00,,,,6.29,78
2016-01-28 00:00:00,,,,6.45,200
2016-01-29 00:00:00,6.51,6.51,6.51,6.42,220
2016-02-01 00:00:00,6.25,5.97,6.25,6.04,207
2016-02-02 00:00:00,,,,6.16,40
2016-02-03 00:00:00,,,,5.96,200
2016-02-04 00:00:00,,,,5.94,200
2016-02-05 00:00:00,5.9,5.83,5.83,5.86,1037
2016-02-08 00:00:00,,,,5.53,1150
2016-02-09 00:00:00,5.44,5.2,5.44,5.21,77
2016-02-10 00:00:00,,,,5.13,296
2016-02-11 00:00:00,4.85,4.85,4.85,4.98,250
2016-02-12 00:00:00,5.21,5.21,5.21,5.3,890
2016-02-15 00:00:00,,,,5.04,1000
2016-02-16 00:00:00,5.03,5.03,5.03,4.92,57
2016-02-17 00:00:00,,,,5.32,
2016-02-18 00:00:00,,,,5.48,6
2016-02-19 00:00:00,5.52,5.34,5.52,5.39,1129
2016-02-22 00:00:00,5.59,5.59,5.59,5.64,930
2016-02-23 00:00:00,5.57,5.18,5.57,5.11,418
2016-02-24 00:00:00,,,,5.07,
2016-02-25 00:00:00,5.21,5.05,5.05,5.28,90
2016-02-26 00:00:00,,,,5.2,45
2016-02-29 00:00:00,,,,5.2,42
2016-03-01 00:00:00,,,,5.19,
2016-03-02 00:00:00,5.11,5.04,5.11,5.16,315
2016-03-03 00:00:00,5.03,4.96,5.03,5.09,115
2016-03-04 00:00:00,5.07,4.97,5.07,5.11,244
2016-03-07 00:00:00,5.19,5.19,5.19,5.28,5
2016-03-08 00:00:00,5.25,5.25,5.25,5.21,10
2016-03-09 00:00:00,,,,5.26,
2016-03-10 00:00:00,5.2,5.2,5.2,5.1,202
2016-03-11 00:00:00,,,,5.19,
2016-03-14 00:00:00,,,,5.07,
2016-03-15 00:00:00,5.05,5.05,5.05,5.03,50
2016-03-16 00:00:00,,,,5.13,
2016-03-17 00:00:00,5.13,5.11,5.13,5.17,6117
2016-03-18 00:00:00,5.11,5.11,5.11,5.11,1011
2016-03-21 00:00:00,,,,5.04,
2016-03-22 00:00:00,4.97,4.97,4.97,4.99,1
2016-03-23 00:00:00,,,,4.97,500
2016-03-24 00:00:00,,,,5.02,
2016-03-29 00:00:00,,,,4.95,
2016-03-30 00:00:00,,,,5.13,500
2016-03-31 00:00:00,,,,5.38,3606
2016-04-01 00:00:00,5.42,5.38,5.42,5.36,150
2016-04-04 00:00:00,,,,5.5,200
2016-04-05 00:00:00,,,,5.41,1400
2016-04-06 00:00:00,5.46,5.45,5.45,5.48,139
2016-04-07 00:00:00,5.45,5.42,5.42,5.45,352
2016-04-08 00:00:00,,,,5.6,
2016-04-11 00:00:00,,,,5.76,
2016-04-12 00:00:00,5.85,5.85,5.85,5.78,2
2016-04-13 00:00:00,,,,5.72,
2016-04-14 00:00:00,,,,5.79,600
2016-04-15 00:00:00,5.68,5.62,5.68,5.65,165
2016-04-18 00:00:00,,,,5.65,
2016-04-19 00:00:00,,,,5.75,
2016-04-20 00:00:00,5.66,5.66,5.66,5.72,201
2016-04-21 00:00:00,5.76,5.76,5.76,5.93,1400
2016-04-22 00:00:00,,,,6.15,1300
2016-04-25 00:00:00,6.21,6.09,6.16,6.09,460
2016-04-26 00:00:00,6.67,6.67,6.67,6.81,301
2016-04-27 00:00:00,,,,7.03,500
2016-04-28 00:00:00,6.72,6.68,6.68,6.53,295
2016-04-29 00:00:00,6.49,6.49,6.49,6.37,675
2016-05-02 00:00:00,,,,6.31,
2016-05-03 00:00:00,6.16,6.14,6.15,6.18,100
2016-05-04 00:00:00,6.49,6.15,6.15,6.32,160
2016-05-05 00:00:00,,,,6.38,
2016-05-06 00:00:00,6.33,6.2,6.33,6.04,368
2016-05-09 00:00:00,6.1,6.01,6.1,5.89,29
2016-05-10 00:00:00,5.96,5.96,5.96,6.09,9
2016-05-11 00:00:00,6.17,6,6.05,6.21,250
2016-05-12 00:00:00,6.27,6.12,6.25,5.98,995
2016-05-13 00:00:00,6.03,5.91,6.03,6.04,584
2016-05-16 00:00:00,,,,6.29,
2016-05-17 00:00:00,6.34,6.18,6.34,6.23,1067
2016-05-18 00:00:00,6.2,6.13,6.13,6.24,1074
2016-05-19 00:00:00,6.1,6.1,6.1,6.18,25
2016-05-20 00:00:00,6.17,6.17,6.17,6.15,900
2016-05-23 00:00:00,6.1,5.93,6.1,5.92,550
2016-05-24 00:00:00,,,,5.98,950
2016-05-25 00:00:00,6,6,6,6.05,2
2016-05-26 00:00:00,6.23,6.23,6.23,6.21,33
2016-05-27 00:00:00,,,,6.23,900
2016-05-30 00:00:00,6.33,6.27,6.27,6.31,150
2016-05-31 00:00:00,6.33,6.27,6.33,6.29,600
2016-06-01 00:00:00,6.21,6.09,6.2,6.16,500
2016-06-02 00:00:00,6.15,6.15,6.15,6.21,450
2016-06-03 00:00:00,6.17,6.15,6.15,6.13,450
2016-06-06 00:00:00,,,,6.39,250
2016-06-07 00:00:00,6.55,6.33,6.33,6.29,730
2016-06-08 00:00:00,,,,6.27,62
2016-06-09 00:00:00,6.24,6.2,6.2,6.28,560
2016-06-10 00:00:00,6.19,6.1,6.19,6.13,1840
2016-06-13 00:00:00,6.1,6.08,6.1,6.03,94
2016-06-14 00:00:00,6.05,5.94,6,6.03,550
2016-06-15 00:00:00,6.06,6.05,6.06,6.08,211
2016-06-16 00:00:00,6,6,6,5.88,22
2016-06-17 00:00:00,5.95,5.85,5.95,5.84,672
2016-06-20 00:00:00,,,,6.02,
2016-06-21 00:00:00,5.89,5.86,5.89,5.72,175
2016-06-22 00:00:00,5.75,5.7,5.75,5.86,322
2016-06-23 00:00:00,5.84,5.77,5.84,5.81,250
2016-06-24 00:00:00,5.5,5.04,5.5,5.12,468
2016-06-27 00:00:00,5.23,4.93,5.23,4.93,551
2016-06-28 00:00:00,5.02,4.88,5.02,4.86,115
2016-06-29 00:00:00,4.75,4.55,4.75,4.69,436
2016-06-30 00:00:00,4.74,4.67,4.74,4.64,89
2016-07-01 00:00:00,4.84,4.5,4.64,4.79,267
2016-07-04 00:00:00,5.07,4.93,4.93,5.13,243
2016-07-05 00:00:00,5.06,4.95,4.99,4.87,99
2016-07-06 00:00:00,4.8,4.71,4.8,4.75,267
2016-07-07 00:00:00,4.9,4.74,4.9,4.74,343
2016-07-08 00:00:00,4.7,4.64,4.7,4.71,295
2016-07-11 00:00:00,4.67,4.6,4.64,4.58,870
2016-07-12 00:00:00,4.76,4.65,4.65,4.78,752
2016-07-13 00:00:00,4.89,4.89,4.89,4.94,20
2016-07-14 00:00:00,4.97,4.94,4.97,4.93,227
2016-07-15 00:00:00,4.95,4.84,4.84,5.08,204
2016-07-18 00:00:00,,,,5,
2016-07-19 00:00:00,4.91,4.85,4.91,4.82,117
2016-07-20 00:00:00,4.85,4.82,4.84,4.83,17
2016-07-21 00:00:00,4.82,4.81,4.82,4.8,110
2016-07-22 00:00:00,,,,4.71,100
2016-07-25 00:00:00,4.7,4.68,4.7,4.75,350
2016-07-26 00:00:00,4.71,4.71,4.71,4.67,15
2016-07-27 00:00:00,,,,4.69,
2016-07-28 00:00:00,4.71,4.65,4.71,4.64,83
2016-07-29 00:00:00,4.6,4.56,4.6,4.58,612
2016-08-01 00:00:00,4.6,4.55,4.6,4.53,116
2016-08-02 00:00:00,4.51,4.51,4.51,4.57,25
2016-08-03 00:00:00,,,,4.79,
2016-08-04 00:00:00,4.72,4.72,4.72,4.84,2
2016-08-05 00:00:00,,,,4.87,
2016-08-08 00:00:00,,,,5.1,
2016-08-09 00:00:00,5.07,5,5.05,5.03,194
2016-08-10 00:00:00,4.95,4.94,4.95,4.92,40
2016-08-11 00:00:00,4.94,4.91,4.94,5.03,482
2016-08-12 00:00:00,,,,5.05,
2016-08-15 00:00:00,,,,4.94,
2016-08-16 00:00:00,5,4.9,4.99,4.83,70
2016-08-17 00:00:00,4.85,4.65,4.85,4.63,91
2016-08-18 00:00:00,4.82,4.72,4.72,4.84,105
2016-08-19 00:00:00,4.92,4.92,4.92,4.92,34
2016-08-22 00:00:00,,,,5.05,
2016-08-23 00:00:00,5.06,5.06,5.06,4.86,304
2016-08-24 00:00:00,4.78,4.71,4.78,4.75,41
2016-08-25 00:00:00,4.83,4.83,4.83,4.85,30
2016-08-26 00:00:00,4.85,4.83,4.85,4.83,16
2016-08-29 00:00:00,,,,4.83,
2016-08-30 00:00:00,4.68,4.68,4.68,4.68,20
2016-08-31 00:00:00,4.76,4.58,4.76,4.6,241
2016-09-01 00:00:00,4.62,4.53,4.62,4.52,165
2016-09-02 00:00:00,4.5,4.09,4.48,4.22,162
2016-09-05 00:00:00,4.21,4.06,4.21,4.05,415
2016-09-06 00:00:00,4.11,4.06,4.07,4.26,59
2016-09-07 00:00:00,4.13,4.12,4.13,4.14,132
2016-09-08 00:00:00,,,,4.21,85
2016-09-09 00:00:00,,,,4.21,300
2016-09-12 00:00:00,4.17,4.13,4.13,4.16,64
2016-09-13 00:00:00,4.15,4.14,4.14,4.16,37
2016-09-14 00:00:00,,,,4.11,47
2016-09-15 00:00:00,4.16,4.08,4.08,4.27,26
2016-09-16 00:00:00,4.53,4.31,4.31,4.49,20
2016-09-19 00:00:00,4.5,4.5,4.5,4.53,16
2016-09-20 00:00:00,,,,4.29,
2016-09-21 00:00:00,4.34,4.29,4.29,4.34,1109
2016-09-22 00:00:00,,,,4.55,
2016-09-23 00:00:00,4.72,4.62,4.62,4.67,1110
2016-09-26 00:00:00,,,,4.75,1000
2016-09-27 00:00:00,4.63,4.63,4.63,4.55,706
2016-09-28 00:00:00,5.09,5.07,5.09,5.07,99
2016-09-29 00:00:00,5.18,5.13,5.13,5.15,109
2016-09-30 00:00:00,5.16,5.06,5.06,5.08,86
2016-10-03 00:00:00,5.41,5.3,5.3,5.43,102
2016-10-04 00:00:00,5.31,5.3,5.31,5.34,1222
2016-10-05 00:00:00,5.57,5.4,5.49,5.61,1148
2016-10-06 00:00:00,6.12,5.66,5.66,6,619
2016-10-07 00:00:00,5.95,5.74,5.95,5.82,100
2016-10-10 00:00:00,5.86,5.72,5.76,5.8,161
2016-10-11 00:00:00,5.8,5.61,5.8,5.56,1798
2016-10-12 00:00:00,5.63,5.57,5.63,5.64,932
2016-10-13 00:00:00,5.72,5.72,5.72,5.77,1021
2016-10-14 00:00:00,5.97,5.83,5.83,5.93,227
2016-10-17 00:00:00,6.04,6,6,5.99,46
2016-10-18 00:00:00,6.09,5.98,6.09,6.07,31
2016-10-19 00:00:00,5.94,5.8,5.94,5.79,463
2016-10-20 00:00:00,5.82,5.68,5.82,5.69,387
2016-10-21 00:00:00,6.07,5.6,5.6,6,96
2016-10-24 00:00:00,6.02,6.02,6.02,5.92,151
2016-10-25 00:00:00,5.98,5.84,5.98,5.92,420
2016-10-26 00:00:00,6.15,6.15,6.15,6.04,94
2016-10-27 00:00:00,6.01,5.87,6.01,5.91,452
2016-10-28 00:00:00,5.84,5.84,5.84,5.99,83
2016-10-31 00:00:00,,,,6.01,
2016-11-01 00:00:00,6.15,6.08,6.11,6.14,140
2016-11-02 00:00:00,6.2,6,6,6.35,283
2016-11-03 00:00:00,6.65,6.45,6.48,6.61,218
2016-11-04 00:00:00,6.64,6.64,6.64,6.52,34
2016-11-07 00:00:00,6.61,6.38,6.6,6.35,137
2016-11-08 00:00:00,6.3,6.3,6.3,6.27,34
2016-11-09 00:00:00,6.23,5.96,5.96,6.25,181
2016-11-10 00:00:00,6.08,6.07,6.08,6.04,6
2016-11-11 00:00:00,6.01,6.01,6.01,5.79,15
2016-11-14 00:00:00,5.77,5.5,5.77,5.52,81
2016-11-15 00:00:00,5.79,5.58,5.58,5.85,98
2016-11-16 00:00:00,5.77,5.68,5.75,5.66,74
2016-11-17 00:00:00,5.91,5.84,5.91,6.01,7671
2016-11-18 00:00:00,5.9,5.7,5.9,5.69,92
2016-11-21 00:00:00,5.57,5.54,5.57,5.6,89
2016-11-22 00:00:00,5.61,5.55,5.61,5.62,139
2016-11-23 00:00:00,5.73,5.49,5.73,5.49,114
2016-11-24 00:00:00,5.49,5.38,5.41,5.45,875
2016-11-25 00:00:00,5.33,5.06,5.33,5.11,87
2016-11-28 00:00:00,5.05,4.76,5.05,4.85,147
2016-11-29 00:00:00,4.68,4.66,4.67,4.67,97
2016-11-30 00:00:00,4.91,4.53,4.53,4.68,1606
2016-12-01 00:00:00,4.69,4.57,4.57,4.56,1036
2016-12-02 00:00:00,4.5,4.37,4.5,4.4,152
2016-12-05 00:00:00,4.31,4.11,4.31,4.48,635
2016-12-06 00:00:00,4.49,4.26,4.26,4.6,127
2016-12-07 00:00:00,4.59,4.44,4.59,4.4,763
2016-12-08 00:00:00,4.77,4.4,4.4,4.73,1232
2016-12-09 00:00:00,4.78,4.55,4.62,4.55,286
2016-12-12 00:00:00,5,4.66,4.7,4.97,633
2016-12-13 00:00:00,4.98,4.9,4.98,4.89,4560
2016-12-14 00:00:00,5.19,5.02,5.02,5.12,810
2016-12-15 00:00:00,5.11,5.06,5.06,4.94,357
2016-12-16 00:00:00,4.98,4.74,4.92,5.03,2029
2016-12-19 00:00:00,5.31,5.25,5.25,5.19,1028
2016-12-20 00:00:00,5.41,5.24,5.24,5.34,621
2016-12-21 00:00:00,5.68,5.5,5.5,5.91,103
2016-12-22 00:00:00,6.3,6.08,6.08,6.18,55
2016-12-23 00:00:00,6.32,6.19,6.19,6.32,99
2016-12-27 00:00:00,6.63,6.25,6.63,6.42,671
2016-12-28 00:00:00,6.44,6.42,6.42,6.42,51
2016-12-29 00:00:00,6.44,6.44,6.44,6.45,1
2016-12-30 00:00:00,,,,6.66,
2017-01-02 00:00:00,,,,6.23,
2017-01-03 00:00:00,5.91,5.78,5.78,5.53,16
2017-01-04 00:00:00,5.68,5.37,5.66,5.82,1609
2017-01-05 00:00:00,5.74,5.74,5.74,5.39,128
2017-01-06 00:00:00,5.42,5.34,5.42,5.14,10
2017-01-09 00:00:00,5.45,5.45,5.45,5.37,632
2017-01-10 00:00:00,,,,5.61,
2017-01-11 00:00:00,5.7,5.55,5.66,5.61,586
2017-01-12 00:00:00,5.62,5.17,5.62,5.14,378
2017-01-13 00:00:00,5.16,5.08,5.16,5.14,983
2017-01-16 00:00:00,5.12,4.8,5.12,4.78,320
2017-01-17 00:00:00,4.75,4.75,4.75,5.08,25
2017-01-18 00:00:00,5.06,4.95,4.96,4.92,97
2017-01-19 00:00:00,5.21,4.98,4.98,5.27,370
2017-01-20 00:00:00,5.55,5.46,5.46,5.5,300
2017-01-23 00:00:00,5.5,5.45,5.45,5.4,101
2017-01-24 00:00:00,5.3,5.25,5.29,5.16,145
2017-01-25 00:00:00,,,,5.05,
2017-01-26 00:00:00,5,5,5,5.27,25
2017-01-27 00:00:00,5.16,5.03,5.16,5,1332
2017-01-30 00:00:00,5.22,5.17,5.17,5.26,23
2017-01-31 00:00:00,5.45,5.4,5.4,5.45,275
2017-02-01 00:00:00,5.5,5.37,5.45,5.36,70
2017-02-02 00:00:00,5.43,5.35,5.35,5.32,241
2017-02-03 00:00:00,5.35,5.25,5.35,5.25,198
2017-02-06 00:00:00,5.25,5.17,5.19,5.19,145
2017-02-07 00:00:00,5.3,5.21,5.25,5.26,255
2017-02-08 00:00:00,5.36,5.18,5.18,5.31,1109
2017-02-09 00:00:00,5.48,5.34,5.34,5.38,1018
2017-02-10 00:00:00,5.43,5.25,5.37,5.21,789
2017-02-13 00:00:00,5.24,5,5.22,4.99,541
2017-02-14 00:00:00,5.12,5.06,5.06,5.22,554
2017-02-15 00:00:00,5.31,5.2,5.2,5.17,683
2017-02-16 00:00:00,5.21,5.05,5.15,5.03,534
2017-02-17 00:00:00,5.15,4.97,5,5.07,1064
2017-02-20 00:00:00,5.23,5.09,5.09,5.19,1710
2017-02-21 00:00:00,,,,5.15,1500
2017-02-22 00:00:00,5.14,5.11,5.14,5.17,952
2017-02-23 00:00:00,5.38,5.31,5.31,5.46,755
2017-02-24 00:00:00,5.54,5.54,5.54,5.49,4001
2017-02-27 00:00:00,5.52,5.29,5.5,5.3,2557
2017-02-28 00:00:00,5.38,5.3,5.35,5.34,5369
2017-03-01 00:00:00,6,5.42,5.42,6.02,6691
2017-03-02 00:00:00,6,5.57,6,5.57,1028
2017-03-03 00:00:00,5.78,5.65,5.65,5.7,615
2017-03-06 00:00:00,5.65,5.55,5.65,5.59,362
2017-03-07 00:00:00,5.66,5.48,5.66,5.48,1030
2017-03-08 00:00:00,5.47,5.34,5.39,5.34,597
2017-03-09 00:00:00,5.31,5.18,5.31,5.23,334
2017-03-10 00:00:00,5.27,5.22,5.26,5.27,4071
2017-03-13 00:00:00,5.23,5.2,5.23,5.26,185
2017-03-14 00:00:00,5.31,5.22,5.31,5.21,451
2017-03-15 00:00:00,5.24,5.23,5.23,5.3,10
2017-03-16 00:00:00,5.26,5.2,5.25,5.25,429
2017-03-17 00:00:00,5.27,5.21,5.23,5.24,167
2017-03-20 00:00:00,5.23,5.1,5.23,5.09,393
2017-03-21 00:00:00,5.11,5.04,5.1,5.04,861
2017-03-22 00:00:00,5.03,4.96,5.03,5.07,387
2017-03-23 00:00:00,5.14,5.07,5.07,5.08,103
2017-03-24 00:00:00,5.06,4.84,5.06,4.87,411
2017-03-27 00:00:00,4.82,4.73,4.82,4.74,323
2017-03-28 00:00:00,4.83,4.76,4.79,4.85,178
2017-03-29 00:00:00,4.9,4.78,4.8,4.87,518
2017-03-30 00:00:00,5,4.76,4.84,5.03,198
2017-03-31 00:00:00,5.05,4.98,5.02,4.8,149
2017-04-03 00:00:00,4.97,4.85,4.87,4.97,786
2017-04-04 00:00:00,4.94,4.75,4.94,4.75,688
2017-04-05 00:00:00,5.03,4.78,4.78,4.93,751
2017-04-06 00:00:00,5.24,4.99,5.05,5.17,258
2017-04-07 00:00:00,5.31,5.12,5.17,4.99,461
2017-04-10 00:00:00,5.05,4.92,4.99,4.89,587
2017-04-11 00:00:00,5.01,4.88,4.9,4.98,404
2017-04-12 00:00:00,5.08,4.98,5.04,5.05,622
2017-04-13 00:00:00,5.15,5.05,5.05,5.06,252
2017-04-18 00:00:00,5.04,4.98,5.04,4.98,698
2017-04-19 00:00:00,5.12,4.95,4.99,4.95,1276
2017-04-20 00:00:00,4.94,4.85,4.92,4.86,1492
2017-04-21 00:00:00,4.91,4.68,4.9,4.68,429
2017-04-24 00:00:00,4.82,4.74,4.75,4.76,1308
2017-04-25 00:00:00,4.79,4.58,4.75,4.62,974
2017-04-26 00:00:00,4.72,4.6,4.65,4.72,430
2017-04-27 00:00:00,4.8,4.65,4.72,4.67,131
2017-04-28 00:00:00,4.71,4.65,4.7,4.68,721
2017-05-02 00:00:00,4.65,4.5,4.65,4.55,479
2017-05-03 00:00:00,4.57,4.47,4.5,4.51,782
2017-05-04 00:00:00,4.66,4.43,4.5,4.62,1073
2017-05-05 00:00:00,4.75,4.6,4.6,4.69,1285
2017-05-08 00:00:00,4.63,4.55,4.63,4.53,819
2017-05-09 00:00:00,4.7,4.52,4.53,4.64,1027
2017-05-10 00:00:00,4.69,4.54,4.63,4.57,1982
2017-05-11 00:00:00,4.6,4.47,4.6,4.47,5263
2017-05-12 00:00:00,4.55,4.44,4.45,4.58,421
2017-05-15 00:00:00,4.53,4.5,4.53,4.51,140
2017-05-16 00:00:00,4.68,4.47,4.47,4.66,572
2017-05-17 00:00:00,4.76,4.61,4.61,4.7,11016
2017-05-18 00:00:00,4.94,4.75,4.75,4.88,990
2017-05-19 00:00:00,5.02,4.88,4.9,4.97,507
2017-05-22 00:00:00,5.12,4.91,4.91,5.03,1329
2017-05-23 00:00:00,5.07,4.96,5.04,4.87,2006
2017-05-24 00:00:00,5.01,4.89,4.89,5.03,396
2017-05-25 00:00:00,5.1,5.03,5.08,5.1,28
2017-05-26 00:00:00,5.29,5.15,5.15,5.31,431
2017-05-29 00:00:00,5.34,5.28,5.32,5.3,25
2017-05-30 00:00:00,5.33,5.21,5.3,5.27,1524
2017-05-31 00:00:00,5.3,5.08,5.3,5.09,750
2017-06-01 00:00:00,5.24,5.14,5.14,5.19,115
2017-06-02 00:00:00,5.28,5.14,5.15,5.28,352
2017-06-05 00:00:00,5.35,5.28,5.35,5.29,118
2017-06-06 00:00:00,5.33,5.07,5.33,5.09,807
2017-06-07 00:00:00,5.14,5,5.1,5,756
2017-06-08 00:00:00,5.28,5.04,5.04,5.17,840
2017-06-09 00:00:00,5.18,5.13,5.13,5.16,845
2017-06-12 00:00:00,5.2,5.1,5.18,5.04,440
2017-06-13 00:00:00,5.14,5.06,5.06,5.14,1001
2017-06-14 00:00:00,5.17,5.05,5.17,5.06,520
2017-06-15 00:00:00,5.08,5.03,5.05,5.08,2610
2017-06-16 00:00:00,5.1,5.03,5.08,5,73
2017-06-19 00:00:00,5.09,4.98,5.04,5.05,469
2017-06-20 00:00:00,5.18,5.08,5.1,5.08,1334
2017-06-21 00:00:00,5.14,5.05,5.14,5,727
2017-06-22 00:00:00,5.03,4.97,5.03,4.99,474
2017-06-23 00:00:00,5.04,5,5.02,4.99,106
2017-06-26 00:00:00,5.01,4.94,5.01,4.9,25
2017-06-27 00:00:00,5.03,4.94,4.94,5.07,536
2017-06-28 00:00:00,5.08,5.04,5.06,5.07,276
2017-06-29 00:00:00,5.25,5.15,5.15,5.2,3978
2017-06-30 00:00:00,5.24,5.15,5.24,5.16,2300
2017-07-03 00:00:00,5.19,5.15,5.15,5.27,600
2017-07-04 00:00:00,5.33,5.23,5.27,5.25,298
2017-07-05 00:00:00,5.3,5.16,5.23,5.16,541
2017-07-06 00:00:00,5.38,5.21,5.22,5.37,204
2017-07-07 00:00:00,5.55,5.35,5.35,5.47,227
2017-07-10 00:00:00,5.67,5.53,5.53,5.53,886
2017-07-11 00:00:00,5.62,5.41,5.53,5.46,592
2017-07-12 00:00:00,5.55,5.46,5.46,5.61,423
2017-07-13 00:00:00,5.75,5.49,5.62,5.49,696
2017-07-14 00:00:00,5.56,5.44,5.5,5.55,505
2017-07-17 00:00:00,5.59,5.52,5.54,5.56,414
2017-07-18 00:00:00,5.68,5.59,5.59,5.59,1364
2017-07-19 00:00:00,5.6,5.5,5.57,5.5,1303
2017-07-20 00:00:00,5.56,5.42,5.52,5.42,990
2017-07-21 00:00:00,5.48,5.2,5.48,5.21,762
2017-07-24 00:00:00,5.26,5.19,5.2,5.26,570
2017-07-25 00:00:00,5.32,5.22,5.29,5.28,320
2017-07-26 00:00:00,5.36,5.28,5.31,5.37,308
2017-07-27 00:00:00,5.36,5.26,5.36,5.26,6287
2017-07-28 00:00:00,5.31,5.2,5.29,5.3,503
2017-07-31 00:00:00,5.39,5.32,5.33,5.34,458
2017-08-01 00:00:00,5.48,5.35,5.35,5.41,348
2017-08-02 00:00:00,5.53,5.39,5.39,5.54,490
2017-08-03 00:00:00,5.56,5.5,5.52,5.55,770
2017-08-04 00:00:00,5.55,5.45,5.55,5.47,494
2017-08-07 00:00:00,5.45,5.4,5.45,5.38,194
2017-08-08 00:00:00,5.41,5.38,5.39,5.38,97
2017-08-09 00:00:00,5.5,5.39,5.39,5.48,143
2017-08-10 00:00:00,5.58,5.48,5.53,5.48,369
2017-08-11 00:00:00,5.58,5.48,5.48,5.51,594
2017-08-14 00:00:00,5.65,5.52,5.52,5.64,2331
2017-08-15 00:00:00,5.69,5.59,5.63,5.65,1080
2017-08-16 00:00:00,5.94,5.63,5.63,5.91,1912
2017-08-17 00:00:00,6.07,5.91,5.95,5.93,1733
2017-08-18 00:00:00,5.98,5.85,5.97,5.93,1591
2017-08-21 00:00:00,6.01,5.86,6.01,5.86,839
2017-08-22 00:00:00,5.92,5.79,5.89,5.89,1172
2017-08-23 00:00:00,6.01,5.87,5.88,6.06,210
2017-08-24 00:00:00,6.16,6.04,6.04,6.07,518
2017-08-25 00:00:00,6.18,6.06,6.1,6.21,1018
2017-08-28 00:00:00,6.28,6.22,6.26,6.22,203
2017-08-29 00:00:00,6.27,6.1,6.2,6.16,501
2017-08-30 00:00:00,6.2,6.12,6.18,6.14,455
2017-08-31 00:00:00,6.12,6.03,6.12,6.06,201
2017-09-01 00:00:00,6.1,5.95,6.1,5.95,597
2017-09-04 00:00:00,6.03,5.94,5.98,6.03,147
2017-09-05 00:00:00,6.62,6.05,6.05,6.62,1678
2017-09-06 00:00:00,7.03,6.51,6.6,6.81,8822
2017-09-07 00:00:00,7.09,6.76,7,7.02,520
2017-09-08 00:00:00,7.22,7.05,7.1,7.18,707
2017-09-11 00:00:00,7.29,6.87,7.25,6.99,1139
2017-09-12 00:00:00,6.99,6.67,6.99,6.98,826
2017-09-13 00:00:00,7.32,6.94,6.94,7.22,993
2017-09-14 00:00:00,7.79,7.36,7.5,7.21,2623
2017-09-15 00:00:00,7.2,6.85,7.1,7.05,1478
2017-09-18 00:00:00,7.14,6.83,7.07,6.84,494
2017-09-19 00:00:00,7.25,6.87,6.93,7.14,798
2017-09-20 00:00:00,7.19,6.95,7.19,7.02,644
2017-09-21 00:00:00,7.01,6.59,7.01,6.67,502
2017-09-22 00:00:00,6.76,6.64,6.64,6.76,1388
2017-09-25 00:00:00,7.42,6.83,6.83,7.4,5542
2017-09-26 00:00:00,7.5,7.02,7.44,7.1,1647
2017-09-27 00:00:00,7.09,6.85,6.98,7.05,1091
2017-09-28 00:00:00,7.42,6.95,7.01,7.07,1429
2017-09-29 00:00:00,7.39,7.05,7.05,7.18,1776
2017-10-02 00:00:00,7.16,6.97,7.11,7.05,204
2017-10-03 00:00:00,7.14,7.07,7.1,7.11,132
2017-10-04 00:00:00,7.17,7.02,7.08,7.02,6342
2017-10-05 00:00:00,7.1,6.94,7.05,7.02,479
2017-10-06 00:00:00,7.17,6.88,6.99,7.11,398
2017-10-09 00:00:00,7.13,6.97,7.07,7.07,577
2017-10-10 00:00:00,7.53,7.05,7.05,7.5,4561
2017-10-11 00:00:00,7.61,7.49,7.53,7.49,4523
2017-10-12 00:00:00,7.7,7.34,7.49,7.52,3442
2017-10-13 00:00:00,7.54,7.28,7.28,7.43,1514
2017-10-16 00:00:00,7.57,7.38,7.46,7.47,7551
2017-10-17 00:00:00,7.62,7.48,7.5,7.53,771
2017-10-18 00:00:00,7.82,7.56,7.56,7.92,2557
2017-10-19 00:00:00,8.17,7.75,7.97,7.76,1079
2017-10-20 00:00:00,7.86,7.62,7.86,7.68,280
2017-10-23 00:00:00,7.72,7.54,7.72,7.55,375
2017-10-24 00:00:00,7.72,7.49,7.54,7.58,512
2017-10-25 00:00:00,7.71,7.52,7.65,7.51,1344
2017-10-26 00:00:00,7.61,7.28,7.55,7.31,1098
2017-10-27 00:00:00,7.4,7.26,7.32,7.28,8046
2017-10-30 00:00:00,7.39,7.25,7.38,7.25,1391
2017-10-31 00:00:00,7.53,7.2,7.24,7.48,1882
2017-11-01 00:00:00,7.67,7.53,7.53,7.62,418
2017-11-02 00:00:00,7.86,7.58,7.59,7.77,627
2017-11-03 00:00:00,8.01,7.7,7.78,7.99,420
2017-11-06 00:00:00,8.1,8,8.07,8.03,812
2017-11-07 00:00:00,8.11,7.77,8.09,7.87,1574
2017-11-08 00:00:00,7.92,7.75,7.92,7.83,327
2017-11-09 00:00:00,8.04,7.63,8.04,7.66,4654
2017-11-10 00:00:00,7.58,7.5,7.56,7.51,352
2017-11-13 00:00:00,7.52,7.4,7.52,7.46,227
2017-11-14 00:00:00,7.56,7.35,7.44,7.5,3798
2017-11-15 00:00:00,7.87,7.44,7.44,7.8,2199
2017-11-16 00:00:00,7.87,7.61,7.72,7.6,1456
2017-11-17 00:00:00,7.65,7.54,7.62,7.58,1136
2017-11-20 00:00:00,7.57,7.35,7.56,7.54,2708
2017-11-21 00:00:00,7.68,7.47,7.6,7.49,1114
2017-11-22 00:00:00,7.67,7.4,7.48,7.47,5751
2017-11-23 00:00:00,7.78,7.44,7.5,7.76,671
2017-11-24 00:00:00,7.9,7.74,7.81,7.86,1108
2017-11-27 00:00:00,7.91,7.79,7.85,7.8,1404
2017-11-28 00:00:00,7.82,7.64,7.79,7.69,2271
2017-11-29 00:00:00,7.83,7.63,7.68,7.79,3183
2017-11-30 00:00:00,7.81,7.66,7.81,7.62,885
2017-12-01 00:00:00,7.81,7.56,7.7,7.78,1770
2017-12-04 00:00:00,7.82,7.57,7.82,7.65,1917
2017-12-05 00:00:00,7.65,7.5,7.65,7.52,2588
2017-12-06 00:00:00,7.52,7.4,7.49,7.37,1960
2017-12-07 00:00:00,7.45,7.32,7.33,7.44,627
2017-12-08 00:00:00,7.47,7.22,7.47,7.23,613
2017-12-11 00:00:00,7.23,7.19,7.22,7.29,1315
2017-12-12 00:00:00,7.55,7.24,7.34,7.23,2632
2017-12-13 00:00:00,7.22,7.14,7.22,7.17,14773
2017-12-14 00:00:00,7.22,7.05,7.18,7.19,578
2017-12-15 00:00:00,7.31,7.08,7.19,7.28,785
2017-12-18 00:00:00,7.5,7.19,7.28,7.49,2008
2017-12-19 00:00:00,7.65,7.44,7.48,7.6,614
2017-12-20 00:00:00,7.87,7.65,7.65,7.87,663
2017-12-21 00:00:00,8.1,7.79,7.87,8.08,1167
2017-12-22 00:00:00,8.25,8.07,8.14,8.25,538
2017-12-27 00:00:00,8.28,8.22,8.24,8.23,148
2017-12-28 00:00:00,8.3,8.24,8.25,8.27,455
2017-12-29 00:00:00,8.33,8.24,8.29,8.25,203
2018-01-02 00:00:00,8.12,7.84,8.04,7.87,559
2018-01-03 00:00:00,8.03,7.91,7.94,7.89,219
2018-01-04 00:00:00,7.97,7.82,7.95,7.84,343
2018-01-05 00:00:00,7.86,7.8,7.82,7.84,222
2018-01-08 00:00:00,7.98,7.69,7.86,7.72,850
2018-01-09 00:00:00,7.89,7.76,7.79,7.84,873
2018-01-10 00:00:00,7.95,7.82,7.83,7.94,662
2018-01-11 00:00:00,8,7.77,7.95,7.87,3178
2018-01-12 00:00:00,7.93,7.83,7.91,7.92,535
2018-01-15 00:00:00,7.89,7.8,7.89,7.86,721
2018-01-16 00:00:00,8.12,7.83,7.9,8.11,1672
2018-01-17 00:00:00,8.3,8.05,8.19,8.24,1083
2018-01-18 00:00:00,8.56,8.18,8.23,8.54,929
2018-01-19 00:00:00,8.89,8.67,8.71,8.81,332
2018-01-22 00:00:00,8.93,8.64,8.83,8.81,1916
2018-01-23 00:00:00,9.06,8.83,8.83,9.07,2005
2018-01-24 00:00:00,9.58,9.05,9.08,9.52,3491
2018-01-25 00:00:00,9.58,9.22,9.56,9.3,1770
2018-01-26 00:00:00,9.4,9.07,9.4,9.15,1287
2018-01-29 00:00:00,9.32,9.01,9.19,9.06,1385
2018-01-30 00:00:00,9.06,8.88,9.06,8.94,1779
2018-01-31 00:00:00,9.23,8.85,8.94,9.33,2315
2018-02-01 00:00:00,9.52,9.16,9.38,9.33,1459
2018-02-02 00:00:00,9.32,8.91,9.27,9.02,862
2018-02-05 00:00:00,9.16,8.7,8.99,9.12,1742
2018-02-06 00:00:00,9.02,8.75,8.96,8.86,1998
2018-02-07 00:00:00,9.25,8.77,8.95,9.06,1012
2018-02-08 00:00:00,9.22,8.9,8.97,9.18,1575
2018-02-09 00:00:00,9.4,9.05,9.12,9.29,1789
2018-02-12 00:00:00,9.54,9.17,9.24,9.54,4233
2018-02-13 00:00:00,10.01,9.54,9.54,9.96,7265
2018-02-14 00:00:00,10.06,9.63,9.99,9.67,1208
2018-02-15 00:00:00,9.76,9.58,9.69,9.61,1246
2018-02-16 00:00:00,9.71,9.45,9.71,9.58,6368
2018-02-19 00:00:00,9.94,9.63,9.7,9.94,1060
2018-02-20 00:00:00,10.02,9.71,10,9.78,1749
2018-02-21 00:00:00,9.77,9.57,9.77,9.62,1609
2018-02-22 00:00:00,9.81,9.49,9.56,9.78,2303
2018-02-23 00:00:00,9.96,9.75,9.81,9.87,1507
2018-02-26 00:00:00,9.88,9.6,9.88,9.69,407
2018-02-27 00:00:00,10.25,9.64,9.69,10.21,1340
2018-02-28 00:00:00,10.32,10.05,10.2,10.16,1707
2018-03-01 00:00:00,10.15,10,10.15,10.05,2231
2018-03-02 00:00:00,10.22,9.99,10.02,10.2,1210
2018-03-05 00:00:00,10.46,10.05,10.15,10.42,1512
2018-03-06 00:00:00,10.67,10.32,10.46,10.53,1013
2018-03-07 00:00:00,10.7,10.39,10.5,10.7,1185
2018-03-08 00:00:00,11.15,10.73,10.74,11.18,3438
2018-03-09 00:00:00,11.32,10.95,11.16,11.18,3248
2018-03-12 00:00:00,11.44,11.14,11.32,11.15,2247
2018-03-13 00:00:00,11.56,11,11.05,11.47,2253
2018-03-14 00:00:00,11.45,11.14,11.45,11.24,3603
2018-03-15 00:00:00,11.33,11.17,11.26,11.25,1943
2018-03-16 00:00:00,11.26,11.07,11.23,11.24,1123
2018-03-19 00:00:00,11.21,10.97,11.18,11.13,1238
2018-03-20 00:00:00,11.64,11.08,11.08,11.61,1512
2018-03-21 00:00:00,12.79,11.57,11.63,12.72,4207
2018-03-22 00:00:00,13.06,12.39,12.66,12.41,2990
2018-03-23 00:00:00,12.69,12.3,12.37,12.68,1149
2018-03-26 00:00:00,13.18,12.55,12.63,13.06,1139
2018-03-27 00:00:00,13.82,12.97,13.01,13.76,1790
2018-03-28 00:00:00,14.19,12.82,13.78,13.07,1896
2018-03-29 00:00:00,13.53,13.05,13.05,13.36,639
2018-04-03 00:00:00,13.42,12.7,13.24,13.38,833
2018-04-04 00:00:00,13.65,12.95,13.51,13.15,1940
2018-04-05 00:00:00,13.1,12.7,13.1,12.73,2782
2018-04-06 00:00:00,13.3,12.62,12.75,13.08,2059
2018-04-09 00:00:00,13.49,12.98,12.98,13.42,1907
2018-04-10 00:00:00,13.55,13.22,13.5,13.47,3661
2018-04-11 00:00:00,13.66,13.35,13.44,13.53,3740
2018-04-12 00:00:00,13.92,13.3,13.52,13.71,3123
2018-04-13 00:00:00,14.22,13.79,13.79,14.08,3505
2018-04-16 00:00:00,14.37,13.9,14.05,14.15,3349
2018-04-17 00:00:00,14.18,13.87,14.1,13.89,2196
2018-04-18 00:00:00,14.04,13.75,13.92,14.04,2341
2018-04-19 00:00:00,14.22,13.4,14.15,13.62,2426
2018-04-20 00:00:00,13.6,12.84,13.6,13.2,2722
2018-04-23 00:00:00,13.2,12.75,13.2,13.04,2573
2018-04-24 00:00:00,13.42,12.9,13.04,13.39,2481
2018-04-25 00:00:00,13.56,13.22,13.36,13.42,4802
2018-04-26 00:00:00,13.79,13.43,13.45,13.65,6901
2018-04-27 00:00:00,13.81,13.45,13.62,13.72,2963
2018-04-30 00:00:00,13.81,13.6,13.71,13.75,1780
2018-05-01 00:00:00,13.96,13.53,13.81,13.55,5354
2018-05-02 00:00:00,13.57,13.16,13.57,13.22,6790
2018-05-03 00:00:00,13.23,12.95,13.22,13.12,4140
2018-05-04 00:00:00,13.22,13,13.13,13.18,1308
2018-05-07 00:00:00,13.85,13.31,13.31,13.78,1105
2018-05-08 00:00:00,13.85,13.55,13.73,13.76,3121
2018-05-09 00:00:00,14.28,13.9,13.95,14.16,9648
2018-05-10 00:00:00,14.79,14.19,14.2,14.77,3401
2018-05-11 00:00:00,14.92,14.69,14.76,14.79,2664
2018-05-14 00:00:00,14.86,14.41,14.62,14.8,3233
2018-05-15 00:00:00,15.11,14.47,14.78,14.48,3271
2018-05-16 00:00:00,15.41,14.33,14.47,15.35,4962
2018-05-17 00:00:00,15.6,15.2,15.28,15.48,3878
2018-05-18 00:00:00,15.53,15.08,15.43,15.43,1443
2018-05-21 00:00:00,15.8,15.28,15.45,15.73,1095
2018-05-22 00:00:00,16.27,15.7,15.7,16.12,4428
2018-05-23 00:00:00,16.22,15.83,16,16.19,4924
2018-05-24 00:00:00,16.56,16.1,16.27,16.48,3966
2018-05-25 00:00:00,16.48,16.05,16.45,16.19,2559
2018-05-28 00:00:00,16.73,16,16.01,16.5,895
2018-05-29 00:00:00,16.77,16.24,16.63,16.48,1562
2018-05-30 00:00:00,16.52,16,16.5,16.02,2058
2018-05-31 00:00:00,15.93,15.03,15.93,15.09,2667
2018-06-01 00:00:00,15.48,14.96,15.2,15.47,4563
2018-06-04 00:00:00,16.36,15.41,15.55,16.32,2422
2018-06-05 00:00:00,16.86,15.91,16.32,15.96,7760
2018-06-06 00:00:00,16.32,15.8,16.07,16.13,3679
2018-06-07 00:00:00,16.42,15.95,16.12,16.2,7702
2018-06-08 00:00:00,16.32,16,16.16,16.03,1386
2018-06-11 00:00:00,16.03,15.44,16.03,15.7,2942
2018-06-12 00:00:00,15.91,15.2,15.75,15.37,2419
2018-06-13 00:00:00,15.8,15.28,15.37,15.54,2335
2018-06-14 00:00:00,15.8,15.12,15.49,15.14,2594
2018-06-15 00:00:00,15.27,14.71,15.15,14.76,3069
2018-06-18 00:00:00,15.21,14.6,14.65,14.83,2789
2018-06-19 00:00:00,14.9,14.45,14.85,14.46,5956
2018-06-20 00:00:00,14.72,14.4,14.53,14.71,10700
2018-06-21 00:00:00,15.12,14.47,14.77,15.04,2657
2018-06-22 00:00:00,15.41,14.92,15.05,15.33,3875
2018-06-25 00:00:00,15.38,15.25,15.33,15.25,3453
2018-06-26 00:00:00,15.26,14.99,15.15,15.25,3570
2018-06-27 00:00:00,15.5,15.26,15.31,15.47,2572
2018-06-28 00:00:00,15.6,15.19,15.53,15.22,2066
2018-06-29 00:00:00,15.43,15.11,15.22,15.21,2433
2018-07-02 00:00:00,15.44,15.06,15.18,15.29,1407
2018-07-03 00:00:00,15.53,15.26,15.31,15.32,1680
2018-07-04 00:00:00,15.75,15.29,15.35,15.74,2966
2018-07-05 00:00:00,15.99,15.58,15.72,15.9,2551
2018-07-06 00:00:00,15.98,15.73,15.89,15.92,2146
2018-07-09 00:00:00,16.33,15.89,15.95,16.22,1600
2018-07-10 00:00:00,16.48,16.27,16.27,16.28,6732
2018-07-11 00:00:00,16.73,16.06,16.18,16.55,2400
2018-07-12 00:00:00,16.72,16.13,16.46,16.32,1040
2018-07-13 00:00:00,16.4,16.06,16.31,16.29,407
2018-07-16 00:00:00,16.57,16.11,16.38,16.16,827
2018-07-17 00:00:00,16.31,16.07,16.07,16.31,1964
2018-07-18 00:00:00,16.72,16.28,16.34,16.64,1584
2018-07-19 00:00:00,17.28,16.68,16.68,17.09,2471
2018-07-20 00:00:00,17.46,17.07,17.14,17.31,2676
2018-07-23 00:00:00,17.76,17.28,17.31,17.63,2670
2018-07-24 00:00:00,17.8,17.37,17.62,17.34,1479
2018-07-25 00:00:00,17.7,17.38,17.49,17.6,3885
2018-07-26 00:00:00,17.62,17.19,17.58,17.54,2053
2018-07-27 00:00:00,17.57,17.24,17.57,17.37,1082
2018-07-30 00:00:00,17.46,17.2,17.38,17.3,1794
2018-07-31 00:00:00,17.69,17.02,17.28,17.65,1279
2018-08-01 00:00:00,18.05,17.65,17.72,18.03,1641
2018-08-02 00:00:00,18.02,17.79,18.02,17.87,604
2018-08-03 00:00:00,18.08,17.89,17.93,17.92,1142
2018-08-06 00:00:00,18.03,17.79,18,17.81,721
2018-08-07 00:00:00,17.82,17.59,17.8,17.75,2040
2018-08-08 00:00:00,17.85,17.63,17.71,17.63,2948
2018-08-09 00:00:00,17.85,17.6,17.6,17.83,3040
2018-08-10 00:00:00,18.13,17.74,17.8,18.11,987
2018-08-13 00:00:00,18.31,18.1,18.15,18.29,1307
2018-08-14 00:00:00,18.4,18.11,18.3,18.38,1365
2018-08-15 00:00:00,18.47,18.17,18.41,18.31,2784
2018-08-16 00:00:00,18.45,18.19,18.28,18.22,1395
2018-08-17 00:00:00,18.47,18.24,18.24,18.37,1423
2018-08-20 00:00:00,18.75,18.42,18.43,18.72,3399
2018-08-21 00:00:00,19.66,18.73,18.77,19.55,3489
2018-08-22 00:00:00,20.18,19.54,19.54,20.04,2332
2018-08-23 00:00:00,20.93,20.03,20.06,20.62,6579
2018-08-24 00:00:00,21.12,20.24,20.63,20.95,5775
2018-08-27 00:00:00,21.99,21.16,21.18,21.57,818
2018-08-28 00:00:00,21.8,20.87,21.46,20.96,3177
2018-08-29 00:00:00,21.52,20.55,20.65,21.32,2155
2018-08-30 00:00:00,21.84,21.3,21.54,21.42,4747
2018-08-31 00:00:00,21.87,21.23,21.39,21.35,2829
2018-09-03 00:00:00,21.33,20.26,21.31,20.44,10352
2018-09-04 00:00:00,20.98,20.3,20.6,20.46,4068
2018-09-05 00:00:00,20.75,20.08,20.46,20.65,2733
2018-09-06 00:00:00,21.9,20.65,20.65,21.75,2509
2018-09-07 00:00:00,23.58,21.59,21.78,23.51,3068
2018-09-10 00:00:00,26,23.34,23.58,25.57,6313
2018-09-11 00:00:00,25.66,24.38,25.66,24.55,6122
2018-09-12 00:00:00,24.7,23.15,24.54,23.32,5428
2018-09-13 00:00:00,23.33,19.23,23.02,19.25,9056
2018-09-14 00:00:00,20.96,18.31,19.27,20.37,12549
2018-09-17 00:00:00,21.78,19.82,19.82,21.34,4572
2018-09-18 00:00:00,22.09,20.31,21.2,20.63,3449
2018-09-19 00:00:00,21.95,20,20.47,21.87,4110
2018-09-20 00:00:00,23.42,21.82,21.91,22.47,5084
2018-09-21 00:00:00,23.14,21.75,22.88,22.58,6858
2018-09-24 00:00:00,23.47,22.73,23,22.92,5501
2018-09-25 00:00:00,23.1,21.27,23.04,21.81,10851
2018-09-26 00:00:00,21.79,20.33,21.79,20.84,16228
2018-09-27 00:00:00,21.65,20.25,20.38,21.43,4951
2018-09-28 00:00:00,21.89,21,21.46,21.81,7069
2018-10-01 00:00:00,22.1,21.33,22.04,22.06,5015
2018-10-02 00:00:00,22.5,21.65,22.3,21.68,5004
2018-10-03 00:00:00,22,21.21,21.58,21.91,4150
2018-10-04 00:00:00,22.31,21.79,22.03,22.09,6971
2018-10-05 00:00:00,22.99,21.78,21.85,22.92,2639
2018-10-08 00:00:00,23.42,22.66,22.85,22.86,7130
2018-10-09 00:00:00,22.95,21.71,22.84,21.73,13892
2018-10-10 00:00:00,21.82,20.11,21.7,20.2,19749
2018-10-11 00:00:00,20.75,18.97,20.02,20.55,14258
2018-10-12 00:00:00,21.17,20.56,20.73,21.01,7192
2018-10-15 00:00:00,21.23,19.07,20.9,19.09,11762
2018-10-16 00:00:00,19.98,18.32,19.29,19.78,18825
2018-10-17 00:00:00,19.87,19.22,19.72,19.71,12841
2018-10-18 00:00:00,20.24,18.56,19.58,20.18,14238
2018-10-19 00:00:00,20.43,19.6,20.16,20.14,5878
2018-10-22 00:00:00,20.31,19.31,20.31,19.41,2791
2018-10-23 00:00:00,19.64,18.73,19.41,19.63,5637
2018-10-24 00:00:00,20.05,19.48,19.59,20.02,6731
2018-10-25 00:00:00,19.91,19,19.82,19.47,4826
2018-10-26 00:00:00,19.63,18.57,19.45,18.65,4527
2018-10-29 00:00:00,18.63,16.98,18.55,17.01,7005
2018-10-30 00:00:00,17.46,15.59,17.16,16.31,13114
2018-10-31 00:00:00,16.82,16.06,16.73,16.7,11468
2018-11-01 00:00:00,16.64,15.43,16.59,15.94,6665
2018-11-02 00:00:00,17.85,15.96,16.12,17.43,8609
2018-11-05 00:00:00,17.72,16.73,17.35,17.58,4013
2018-11-06 00:00:00,18.25,17.22,17.64,17.93,8304
2018-11-07 00:00:00,19.03,18.12,18.12,19,5783
2018-11-08 00:00:00,20.13,19,19,19.93,9543
2018-11-09 00:00:00,20.29,19.1,20,19.86,6023
2018-11-12 00:00:00,21,20.3,20.3,20.87,5737
2018-11-13 00:00:00,20.87,19.64,20.76,20.51,6928
2018-11-14 00:00:00,20.26,19.73,20.2,20.11,2518
2018-11-15 00:00:00,20.25,18.69,20.25,19.4,7876
2018-11-16 00:00:00,20.16,19.44,19.91,19.5,7323
2018-11-19 00:00:00,19.4,18.8,19.31,19.31,2923
2018-11-20 00:00:00,19.96,19.2,19.35,19.84,7349
2018-11-21 00:00:00,20.94,19.79,19.85,20.87,8848
2018-11-22 00:00:00,21.52,20.56,20.88,21.3,6554
2018-11-23 00:00:00,21.67,20.41,21.25,20.58,11374
2018-11-26 00:00:00,20.7,19.55,20.7,20.19,3717
2018-11-27 00:00:00,20.29,19.92,20.09,19.96,3775
2018-11-28 00:00:00,19.96,19.35,19.93,19.64,5060
2018-11-29 00:00:00,20.43,19.7,19.75,20.36,6946
2018-11-30 00:00:00,20.95,20.31,20.44,20.84,3796
2018-12-03 00:00:00,21.44,20.81,21,20.99,6893
2018-12-04 00:00:00,21.14,20.55,20.95,21.08,8921
2018-12-05 00:00:00,20.99,19.81,20.99,20.02,6597
2018-12-06 00:00:00,20.38,18.35,19.75,20.33,10518
2018-12-07 00:00:00,20.79,20.07,20.44,20.64,5933
2018-12-10 00:00:00,21.36,20.13,20.55,21.21,12159
2018-12-11 00:00:00,21.47,20.3,21.27,20.51,15432
2018-12-12 00:00:00,22.31,20.21,20.36,21.83,23938
2018-12-13 00:00:00,22.75,21.75,21.91,22.67,24491
2018-12-14 00:00:00,24.23,22.75,22.84,23.72,24176
2018-12-17 00:00:00,24.73,23.48,23.7,24.6,24325
2018-12-18 00:00:00,24.6,23.6,24.6,24.33,26100
2018-12-19 00:00:00,24.99,24.4,24.4,24.62,17738
2018-12-20 00:00:00,24.8,23.8,24.8,24.47,18116
2018-12-21 00:00:00,25.01,24.2,24.52,24.92,9237
2018-12-24 00:00:00,25.48,24.56,25.09,25.18,4520
2018-12-27 00:00:00,25.5,24.71,25.46,25.01,8340
2018-12-28 00:00:00,25.2,24.65,24.65,24.98,7719
2018-12-31 00:00:00,25.47,24.37,24.92,25.01,3965
2019-01-02 00:00:00,25.73,24.59,24.8,25.31,20184
2019-01-03 00:00:00,25.15,23.24,25.14,23.32,27065
2019-01-04 00:00:00,23.96,23,23.25,23.73,23499
2019-01-07 00:00:00,23.69,21.86,23.69,22.25,32419
2019-01-08 00:00:00,23.11,22.16,22.21,22.84,17290
2019-01-09 00:00:00,23.29,21.98,22.96,22.03,31182
2019-01-10 00:00:00,22.34,21.36,21.96,22.11,24974
2019-01-11 00:00:00,22.9,22.22,22.22,22.74,14780
2019-01-14 00:00:00,22.93,21.78,22.93,22.55,17946
2019-01-15 00:00:00,22.92,22.4,22.73,22.62,21989
2019-01-16 00:00:00,23.45,22.3,22.38,23.4,35099
2019-01-17 00:00:00,23.97,23.38,23.42,23.67,31916
2019-01-18 00:00:00,24.95,23.45,23.72,24.86,28049
2019-01-21 00:00:00,24.85,23.93,24.85,24.47,16617
2019-01-22 00:00:00,25.35,24.25,24.47,25.21,20102
2019-01-23 00:00:00,25.48,24.63,25.34,24.72,23001
2019-01-24 00:00:00,24.9,24.04,24.88,24.07,19738
2019-01-25 00:00:00,24.14,23.45,24.04,23.93,18744
2019-01-28 00:00:00,24.4,22.55,23.95,22.77,31816
2019-01-29 00:00:00,23.47,22.07,22.75,23.39,26341
2019-01-30 00:00:00,23.59,22.75,23.23,23.06,24321
2019-01-31 00:00:00,23.1,22.09,23.04,22.3,24360
2019-02-01 00:00:00,22.32,21.55,22.29,21.99,23000
2019-02-04 00:00:00,23.15,21.34,21.8,23.06,24866
2019-02-05 00:00:00,23.5,22.7,23.19,23.17,22142
2019-02-06 00:00:00,24.05,22.85,23.02,23.7,26602
2019-02-07 00:00:00,24.18,23.2,23.8,23.48,20147
2019-02-08 00:00:00,23.75,22.23,23.48,22.37,27991
2019-02-11 00:00:00,22.44,21.49,22.2,22.4,31434
2019-02-12 00:00:00,22.59,20.57,22.4,20.7,36340
2019-02-13 00:00:00,21.15,19.75,20.49,20.94,54173
2019-02-14 00:00:00,21.22,19.69,20.91,19.78,38197
2019-02-15 00:00:00,20.25,19.45,19.65,20.42,27344
2019-02-18 00:00:00,20.84,19.82,20.5,20.01,20586
2019-02-19 00:00:00,20.59,19.87,20.06,20.21,20244
2019-02-20 00:00:00,20.54,19.9,20.26,20.48,18801
2019-02-21 00:00:00,20.44,18.71,20.3,18.8,41533
2019-02-22 00:00:00,19.09,18.4,18.8,18.94,27584
2019-02-25 00:00:00,19.5,18.45,18.74,19.24,29860
2019-02-26 00:00:00,19.89,19.12,19.24,19.66,28428
2019-02-27 00:00:00,21.35,19.74,19.81,21.27,35664
2019-02-28 00:00:00,22.01,20.75,21.37,21.69,30455
2019-03-01 00:00:00,22.35,21.12,21.62,22.28,24982
2019-03-04 00:00:00,23.25,21.88,22.2,23.13,23270
2019-03-05 00:00:00,23.52,22.57,23.01,22.94,18420
2019-03-06 00:00:00,23.25,22.1,23.02,22.13,23995
2019-03-07 00:00:00,23.31,21.91,22.15,23.27,24139
2019-03-08 00:00:00,23.54,22.61,23.19,23.02,21481
2019-03-11 00:00:00,23.13,22.09,22.99,22.28,19782
2019-03-12 00:00:00,23.19,22.25,22.49,22.33,26542
2019-03-13 00:00:00,22.5,21.95,22.06,22.28,19787
2019-03-14 00:00:00,22.88,22.21,22.5,22.74,20387
2019-03-15 00:00:00,23.1,22.21,22.95,22.47,19269
2019-03-18 00:00:00,22.4,21.1,22.25,21.82,22463
2019-03-19 00:00:00,22,21.05,21.87,21.12,20527
2019-03-20 00:00:00,21.92,20.6,21.05,21.64,54912
2019-03-21 00:00:00,21.75,20.86,21.52,20.94,30748
2019-03-22 00:00:00,21.3,20.51,21.01,20.67,26255
2019-03-25 00:00:00,21.14,20.5,20.5,20.94,30243
2019-03-26 00:00:00,21.56,20.99,21,21.54,31941
2019-03-27 00:00:00,22.08,21.5,21.56,21.85,29099
2019-03-28 00:00:00,22.53,21.53,21.89,22.26,19856
2019-03-29 00:00:00,22.48,21.29,22.44,21.54,18681
2019-04-01 00:00:00,21.94,21,21.61,21.91,17293
2019-04-02 00:00:00,22.22,21.33,21.64,22.01,18318
2019-04-03 00:00:00,23.24,22.12,22.12,23.16,22762
2019-04-04 00:00:00,24.47,23.2,23.2,24.44,30788
2019-04-05 00:00:00,24.95,24.06,24.4,24.6,33376
2019-04-08 00:00:00,24.72,23.72,24.42,24.31,24898
2019-04-09 00:00:00,25.58,24.33,24.5,25.53,31085
2019-04-10 00:00:00,26.89,25.66,25.66,26.13,48334
2019-04-11 00:00:00,27.41,25.83,26.38,27.32,34208
2019-04-12 00:00:00,27.85,26.31,27.6,26.58,23189
2019-04-15 00:00:00,27.34,26.05,26.59,26.81,19611
2019-04-16 00:00:00,27.13,26.26,26.69,27,21855
2019-04-17 00:00:00,27.75,27,27,27.46,18513
2019-04-18 00:00:00,27.59,26.64,27.3,26.89,15148
2019-04-23 00:00:00,27.69,26.56,26.98,27.53,21108
2019-04-24 00:00:00,27.67,26.77,27.45,27.4,23753
2019-04-25 00:00:00,27.69,26.86,27.2,27.28,22926
2019-04-26 00:00:00,27.28,25.7,27.18,25.85,26523
2019-04-29 00:00:00,26.56,25.72,26.01,26.38,15423
2019-04-30 00:00:00,26.51,25.84,26.31,26.29,13712
2019-05-01 00:00:00,26.26,25.71,26.2,25.78,7437
2019-05-02 00:00:00,26.04,24.54,25.72,24.7,28050
2019-05-03 00:00:00,25.25,24.35,24.8,25.2,17315
2019-05-06 00:00:00,25.5,24.5,25.25,25.33,5767
2019-05-07 00:00:00,26.45,25.12,25.16,26.4,19293
2019-05-08 00:00:00,26.95,25.88,26.45,26.91,20831
2019-05-09 00:00:00,27.21,26.42,26.7,26.5,19339
2019-05-10 00:00:00,26.69,25.31,26.5,25.62,25616
2019-05-13 00:00:00,26.3,24.95,25.72,25.03,20211
2019-05-14 00:00:00,25.95,24.83,24.94,25.89,18225
2019-05-15 00:00:00,26.14,25.24,25.89,25.97,18252
2019-05-16 00:00:00,26.44,25.38,26.12,25.57,19269
2019-05-17 00:00:00,25.62,24.81,25.36,25,21887
2019-05-20 00:00:00,25.59,24.76,24.84,25.2,15662
2019-05-21 00:00:00,25.46,24.81,25.12,25.38,17489
2019-05-22 00:00:00,26.43,25.16,25.4,26.37,23522
2019-05-23 00:00:00,26.49,25.6,26.47,26.06,22608
2019-05-24 00:00:00,26.16,25.25,26.05,25.47,20458
2019-05-27 00:00:00,25.74,24.96,25.66,25.59,4007
2019-05-28 00:00:00,25.64,25.06,25.62,25.48,19135
2019-05-29 00:00:00,25.93,25.31,25.31,25.53,13203
2019-05-30 00:00:00,25.82,25.1,25.62,25.3,11713
2019-05-31 00:00:00,25.24,24.28,25.24,24.46,20242
2019-06-03 00:00:00,24.43,23.71,24.34,23.74,22319
2019-06-04 00:00:00,24.66,23.66,23.8,24.56,23632
2019-06-05 00:00:00,24.75,24.2,24.55,24.25,22400
2019-06-06 00:00:00,24.35,23.8,24.2,23.98,22995
2019-06-07 00:00:00,24.57,24.06,24.09,24.51,18204
2019-06-10 00:00:00,25.23,24.4,24.58,25.2,11003
2019-06-11 00:00:00,25.38,24.89,25.12,24.98,19678
2019-06-12 00:00:00,24.99,24.57,24.99,24.82,13989
2019-06-13 00:00:00,25.17,24.75,24.85,24.96,18676
2019-06-14 00:00:00,25.1,24.68,25.05,25.05,14133
2019-06-17 00:00:00,25.13,24.81,25,25.02,11678
2019-06-18 00:00:00,25.38,24.85,25.05,25.12,17870
2019-06-19 00:00:00,25.35,24.92,25.03,24.96,22701
2019-06-20 00:00:00,25.15,24.7,25,25.1,15735
2019-06-21 00:00:00,25.34,24.91,25.05,25.3,15332
2019-06-24 00:00:00,26.42,25.21,25.35,26.37,29516
2019-06-25 00:00:00,26.8,25.97,26.23,26.41,33339
2019-06-26 00:00:00,27.48,26.37,26.38,27.39,22347
2019-06-27 00:00:00,27.44,26.78,27.39,26.89,21770
2019-06-28 00:00:00,26.95,26.23,26.95,26.28,20812
2019-07-01 00:00:00,27.19,26.11,26.18,26.92,18697
2019-07-02 00:00:00,27.36,26.55,26.82,26.72,21068
2019-07-03 00:00:00,26.88,26.24,26.65,26.51,17477
2019-07-04 00:00:00,26.65,25.86,26.55,26.01,16588
2019-07-05 00:00:00,26.56,25.72,26,26.38,16259
2019-07-08 00:00:00,26.92,26.16,26.16,26.81,15685
2019-07-09 00:00:00,26.98,26.53,26.83,26.56,14949
2019-07-10 00:00:00,28.31,26.45,26.53,28.19,36866
2019-07-11 00:00:00,28.72,27.9,28.15,28.29,27091
2019-07-12 00:00:00,28.84,27.9,28.39,28.79,20720
2019-07-15 00:00:00,29.5,28.62,28.91,29.05,25554
2019-07-16 00:00:00,29.4,28.39,29.05,28.47,22383
2019-07-17 00:00:00,28.74,28.05,28.51,28.47,20470
2019-07-18 00:00:00,28.5,27.66,28.36,27.78,20777
2019-07-19 00:00:00,29.04,27.67,27.67,28.89,21445
2019-07-22 00:00:00,29.27,28.54,28.87,28.99,22503
2019-07-23 00:00:00,29.84,28.75,28.99,29.81,22317
2019-07-24 00:00:00,29.95,29.1,29.72,29.19,16640
2019-07-25 00:00:00,29.74,28.95,29.19,29.02,21773
2019-07-26 00:00:00,29.2,28.07,28.97,28.29,19547
2019-07-29 00:00:00,29.28,28.15,28.27,28.42,19079
2019-07-30 00:00:00,28.61,27.8,28.4,27.9,22808
2019-07-31 00:00:00,28.37,27.69,27.8,27.98,20795
2019-08-01 00:00:00,29.49,27.88,28.06,29.45,17804
2019-08-02 00:00:00,29.46,28.93,29.37,29.26,15342
2019-08-05 00:00:00,29.35,28.51,29.17,28.7,13311
2019-08-06 00:00:00,28.95,28.24,28.58,28.41,14653
2019-08-07 00:00:00,28.86,27.76,28.47,28.28,18486
2019-08-08 00:00:00,28.74,27.91,28.35,28.53,17925
2019-08-09 00:00:00,28.79,27.92,28.54,28.12,16421
2019-08-12 00:00:00,28.27,26.66,28.08,26.7,26946
2019-08-13 00:00:00,27.29,26.19,26.67,27.1,22549
2019-08-14 00:00:00,27.5,26.36,27.1,26.91,23126
2019-08-15 00:00:00,27.25,25.89,26.87,25.98,27944
2019-08-16 00:00:00,26.5,25.87,26,25.96,18538
2019-08-19 00:00:00,26.78,25.92,25.96,26.56,17105
2019-08-20 00:00:00,27.04,26.07,26.51,26.25,16622
2019-08-21 00:00:00,26.72,25.99,26.15,26.02,18212
2019-08-22 00:00:00,26.45,25.58,26.01,25.66,25125
2019-08-23 00:00:00,25.69,24.81,25.58,25.1,23774
2019-08-26 00:00:00,25.91,24.96,25.14,25.83,10363
2019-08-27 00:00:00,25.89,25.24,25.77,25.41,16180
2019-08-28 00:00:00,26.21,25.35,25.5,26.01,26134
2019-08-29 00:00:00,26.52,25.75,26.2,26.46,39435
2019-08-30 00:00:00,26.97,26.11,26.6,26.32,21097
2019-09-02 00:00:00,26.24,24.9,26.16,25.19,26276
2019-09-03 00:00:00,25.34,24.67,25.16,25.23,32718
2019-09-04 00:00:00,25.99,25.4,25.41,25.52,24754
2019-09-05 00:00:00,25.84,25.3,25.7,25.53,25338
2019-09-06 00:00:00,25.74,24.85,25.51,25.08,22838
2019-09-09 00:00:00,25.42,24.9,24.94,25.02,24159
2019-09-10 00:00:00,26.93,24.9,25.03,26.72,44946
2019-09-11 00:00:00,27.35,26.12,26.86,26.27,41087
2019-09-12 00:00:00,26.9,26.16,26.2,26.43,23730
2019-09-13 00:00:00,26.81,26.17,26.43,26.38,22876
2019-09-16 00:00:00,27.25,26.56,26.83,27.04,17550
2019-09-17 00:00:00,27.12,25.96,26.95,26.22,21747
2019-09-18 00:00:00,26.27,25.21,26.2,25.45,23945
2019-09-19 00:00:00,26.07,25.16,25.35,25.95,21820
2019-09-20 00:00:00,26.76,26,26,26.53,24222
2019-09-23 00:00:00,26.68,25.59,26.51,25.8,17532
2019-09-24 00:00:00,25.98,25.5,25.89,25.54,17960
2019-09-25 00:00:00,25.6,25.07,25.59,25.21,22360
2019-09-26 00:00:00,25.73,25.11,25.21,25.64,17176
2019-09-27 00:00:00,25.72,24.93,25.64,25.3,16800
2019-09-30 00:00:00,25.49,24.6,25.46,24.72,19066
2019-10-01 00:00:00,25.18,24.3,24.67,25.04,23723
2019-10-02 00:00:00,25.14,24.15,25.09,24.19,20121
2019-10-03 00:00:00,24.37,23.02,24.21,23.24,41373
2019-10-04 00:00:00,23.6,22.85,23.18,22.94,21851
2019-10-07 00:00:00,23.46,22.78,22.87,23.41,20056
2019-10-08 00:00:00,23.6,22.42,23.5,22.53,25764
2019-10-09 00:00:00,22.77,22.03,22.44,22.65,30125
2019-10-10 00:00:00,23.4,22.46,22.81,23.26,25627
2019-10-11 00:00:00,24.53,23.5,23.5,24.44,32416
2019-10-14 00:00:00,24.34,23.51,24.34,24.15,15874
2019-10-15 00:00:00,25.83,24.05,24.06,25.71,26589
2019-10-16 00:00:00,26.45,25.14,25.73,26.3,28567
2019-10-17 00:00:00,26.47,25.48,26.02,26.06,29377
2019-10-18 00:00:00,26.2,25.31,26.2,25.88,15519
2019-10-21 00:00:00,26.29,25.38,25.7,25.93,12661
2019-10-22 00:00:00,26.09,25.56,25.88,25.66,16468
2019-10-23 00:00:00,25.44,24.7,25.39,24.75,22863
2019-10-24 00:00:00,25.56,24.3,24.7,25.44,17748
2019-10-25 00:00:00,25.4,24.82,25.39,24.97,17008
2019-10-28 00:00:00,25.17,24.61,24.8,25.12,14248
2019-10-29 00:00:00,25.87,25.15,25.15,25.45,23710
2019-10-30 00:00:00,26.05,25.36,25.36,26,19644
2019-10-31 00:00:00,26.27,25.54,26.1,25.61,16789
2019-11-01 00:00:00,26.03,24.92,25.73,25.29,16317
2019-11-04 00:00:00,25.74,24.9,25.33,25.63,17787
2019-11-05 00:00:00,25.97,25.36,25.68,25.51,16967
2019-11-06 00:00:00,25.53,24.75,25.5,24.79,20199
2019-11-07 00:00:00,25.3,24.72,24.77,24.94,14741
2019-11-08 00:00:00,25.06,24.56,24.89,24.84,17924
2019-11-11 00:00:00,25.38,24.84,24.88,24.93,15801
2019-11-12 00:00:00,25.43,23.85,25.07,24.12,31881
2019-11-13 00:00:00,24.5,23.96,24.26,24.39,19385
2019-11-14 00:00:00,24.75,23.57,24.36,23.96,29040
2019-11-15 00:00:00,24.11,23.4,23.91,23.85,20348
2019-11-18 00:00:00,23.76,23.33,23.76,23.39,19375
2019-11-19 00:00:00,23.83,23.16,23.35,23.44,25726
2019-11-20 00:00:00,24.09,23.24,23.44,24.03,21057
2019-11-21 00:00:00,24.23,23.81,24.06,23.94,15662
2019-11-22 00:00:00,24.66,23.97,24.04,24.58,17328
2019-11-25 00:00:00,24.95,24.26,24.79,24.44,14282
2019-11-26 00:00:00,24.47,24.08,24.31,24.38,17041
2019-11-27 00:00:00,25.2,24.32,24.34,25.11,21494
2019-11-28 00:00:00,25.3,24.82,25.13,25.01,15953
2019-11-29 00:00:00,25.25,24.74,25.13,25.22,24136
2019-12-02 00:00:00,25.25,24.13,25.23,24.33,27547
2019-12-03 00:00:00,24.63,23.95,24.3,24,28670
2019-12-04 00:00:00,24.9,23.81,23.95,24.74,29759
2019-12-05 00:00:00,24.8,24.21,24.8,24.69,31917
2019-12-06 00:00:00,25.04,24.51,24.6,24.94,24732
2019-12-09 00:00:00,25.3,24.32,24.93,25.13,21540
2019-12-10 00:00:00,25.26,24.81,25.1,24.94,27588
2019-12-11 00:00:00,25.13,24.37,24.9,24.48,24792
2019-12-12 00:00:00,25.22,24.15,24.37,25.07,31531
2019-12-13 00:00:00,25.92,23.9,25.4,24.02,16882
2019-12-16 00:00:00,24.98,23.55,24.09,24.86,10466