Date,Risk Free Rate
2013-01-02,0.00043935184112841105
2013-01-03,0.0005045794521417907
2013-01-04,0.0005650209949277411
2013-01-07,0.0006078952440190553
2013-01-08,0.0005799543260404992
2013-01-09,0.0005551156445995531
2013-01-10,0.0005244750757088229
2013-01-11,0.0008484956994955232
2013-01-14,0.001151481103561306
2013-01-15,0.0011714558369975824
2013-01-16,0.001121380544259908
2013-01-17,0.0015291285454755977
2013-01-18,0.0017061881496558983
2013-01-21,0.0014859927732155723
2013-01-22,0.0014354375567956653
2013-01-23,0.001403689658050566
2013-01-24,0.0014645918503047258
2013-01-25,0.00171708393244939
2013-01-28,0.002182555734201733
2013-01-29,0.0020619772537353695
2013-01-30,0.0022005267707401154
2013-01-31,0.0020567206128466295
2013-02-01,0.0021647836264032344
2013-02-04,0.0018979110551766633
2013-02-05,0.001842065935703442
2013-02-06,0.0017965079778425271
2013-02-07,0.0018036255886425953
2013-02-08,0.0015150991059144003
2013-02-11,0.0014949236256572307
2013-02-12,0.0014943929227924835
2013-02-13,0.0015943886667215306
2013-02-14,0.001484874406301068
2013-02-15,0.0013444507513369157
2013-02-18,0.0013403084780281781
2013-02-19,0.0013071769351208028
2013-02-20,0.0013736400881091875
2013-02-21,0.0013188019013323355
2013-02-22,0.001328290268031689
2013-02-25,0.0010682988695157364
2013-02-26,0.000969664696752595
2013-02-27,0.0008917523130120885
2013-02-28,0.0008852028528436756
2013-03-01,0.0006709860388987602
2013-03-04,0.0006637405448809441
2013-03-05,0.0007264295677079091
2013-03-06,0.0006792871767223044
2013-03-07,0.0006738093586233165
2013-03-08,0.000825050972495473
2013-03-11,0.0008303156772617924
2013-03-12,0.0008593876177542981
2013-03-13,0.0008486287386771606
2013-03-14,0.0008857752204655547
2013-03-15,0.0008757687341170445
2013-03-18,0.0007462697282825507
2013-03-19,0.0008834762052590074
2013-03-20,0.0009324727589089421
2013-03-21,0.000900863130552143
2013-03-22,0.0009923906616343325
2013-03-25,0.0009188756535861625
2013-03-26,0.0009214538084124949
2013-03-27,0.0008216541920038132
2013-03-28,0.0008264781151934346
2013-04-02,0.0007959615293645836
2013-04-03,0.0007854071895442573
2013-04-04,0.0007979959338406926
2013-04-05,0.0007342227898654027
2013-04-08,0.0007919770396162952
2013-04-09,0.0008216869896811117
2013-04-10,0.0008130558942160853
2013-04-11,0.0008218454796018007
2013-04-12,0.0007500845766700361
2013-04-15,0.0007478139839169635
2013-04-16,0.0007477638942730759
2013-04-17,0.0007968546799867086
2013-04-18,0.000717750129713163
2013-04-19,0.0007266660113161282
2013-04-22,0.0007175238828278826
2013-04-23,0.0006826002292622834
2013-04-24,0.0006775730621287819
2013-04-25,0.0006536019519197507
2013-04-26,0.0006774667684728036
2013-04-29,0.0006230229143273514
2013-04-30,0.0006075703534832005
2013-05-01,0.0006068126456686293
2013-05-02,0.000616255439770121
2013-05-03,0.0004886997830390108
2013-05-06,0.0005436124995169345
2013-05-07,0.000512343559117592
2013-05-08,0.0005645072326746509
2013-05-09,0.0005501254867284789
2013-05-10,0.0005966532132591288
2013-05-13,0.0005759064567118536
2013-05-14,0.0005472236277548779
2013-05-15,0.0005471760224887583
2013-05-16,0.0004775032461228144
2013-05-17,0.00032997417268452285
2013-05-20,0.00037322438655793916
2013-05-21,0.00040205269741299256
2013-05-22,0.00045185993992455907
2013-05-23,0.0004572627479177576
2013-05-24,0.0005051966292622921
2013-05-27,0.0005438460238138655
2013-05-28,0.0005395905297095735
2013-05-29,0.0005553487215800495
2013-05-30,0.0005910504712029756
2013-05-31,0.0005626088237289792
2013-06-03,0.00053791925931021
2013-06-04,0.0006149912903743134
2013-06-05,0.0005878414614951405
2013-06-06,0.0005846447747511388
2013-06-07,0.0007945431953012295
2013-06-10,0.0008666957021208118
2013-06-11,0.0009145393016227799
2013-06-12,0.0009518807420956861
2013-06-13,0.0009408452292982959
2013-06-14,0.000897498537265872
2013-06-17,0.0008666560988407736
2013-06-18,0.000915753032594614
2013-06-19,0.0009339279685293092
2013-06-20,0.0009414723745581886
2013-06-21,0.0010033361614512305
2013-06-24,0.0011407969071044438
2013-06-25,0.0011872812496490045
2013-06-26,0.0012548779179765953
2013-06-27,0.0011369150124109766
2013-06-28,0.0011432016914037016
2013-07-01,0.00115955954075944
2013-07-02,0.0011486994950073042
2013-07-03,0.0011427044538638467
2013-07-04,0.0010941472047420592
2013-07-05,0.0009437374333518325
2013-07-08,0.0009460400895367057
2013-07-09,0.0009602963360193913
2013-07-10,0.0009276908513514001
2013-07-11,0.0009597812894959994
2013-07-12,0.000978631864992274
2013-07-15,0.000993929372130376
2013-07-16,0.0009838657190944012
2013-07-17,0.0009830262850735558
2013-07-18,0.0009630235215040072
2013-07-19,0.0009843786540093007
2013-07-22,0.0010280538820540265
2013-07-23,0.001114301196364965
2013-07-24,0.0011403859942784621
2013-07-25,0.001105483986147004
2013-07-26,0.0010550469256673037
2013-07-29,0.0010422598134146933
2013-07-30,0.0010064986304872603
2013-07-31,0.0010347411693842424
2013-08-01,0.0010394062604268538
2013-08-02,0.0010578634849069748
2013-08-05,0.0010429650745773075
2013-08-06,0.0010255694786171444
2013-08-07,0.0010136644812920768
2013-08-08,0.0010133517774372066
2013-08-09,0.0010130489730809146
2013-08-12,0.0010029157496888018
2013-08-13,0.0009806961022578086
2013-08-14,0.000977422827939968
2013-08-15,0.0010072059700492527
2013-08-16,0.00099710158519621
2013-08-19,0.0010015697978024484
2013-08-20,0.0009612090911331354
2013-08-21,0.000971874637239611
2013-08-22,0.0009925144580264196
2013-08-23,0.0009959101919596203
2013-08-26,0.001005331584911764
2013-08-27,0.0009968499215847932
2013-08-28,0.001001778229709286
2013-08-29,0.0009832907094162254
2013-08-30,0.0009748529932264913
2013-09-02,0.0009916453124746729
2013-09-03,0.0009695616860246755
2013-09-04,0.0009724393419968387
2013-09-05,0.000968151496355163
2013-09-06,0.0009500870883966191
2013-09-09,0.0009470460758907917
2013-09-10,0.0009430308739753226
2013-09-11,0.0009337767701676919
2013-09-12,0.0009004716033288993
2013-09-13,0.0008895692440218484
2013-09-16,0.0008722952512197717
2013-09-17,0.0008607407267486985
2013-09-18,0.0008886991517575795
2013-09-19,0.0008968956688323496
2013-09-20,0.0008863820214655374
2013-09-23,0.000918833272761479
2013-09-24,0.0009028430827658374
2013-09-25,0.0009319636315599163
2013-09-26,0.0009341557486500111
2013-09-27,0.0009613745136321458
2013-09-30,0.000960260497724762
2013-10-01,0.0009522239107754717
2013-10-02,0.0009166573426927184
2013-10-03,0.0009004683713440046
2013-10-04,0.0009084028125868323
2013-10-07,0.0009082268900217751
2013-10-08,0.0009242769437652591
2013-10-09,0.0009409124642901432
2013-10-10,0.0009356366136297872
2013-10-11,0.0009317516446897235
2013-10-14,0.0009278754300756566
2013-10-15,0.0009176614501563991
2013-10-16,0.0009074448483743058
2013-10-17,0.0009238573215950923
2013-10-18,0.0009118533276795541
2013-10-21,0.000919421283489621
2013-10-22,0.0009583868600453674
2013-10-23,0.0009515723563358813
2013-10-24,0.0009957366180162258
2013-10-25,0.0010353429199496213
2013-10-28,0.0010267692950671277
2013-10-29,0.000983301491080455
2013-10-30,0.0010499084462114654
2013-10-31,0.001128720944831834
2013-11-01,0.0010200296901571929
2013-11-04,0.0010773166977343898
2013-11-05,0.0010525764299465007
2013-11-06,0.0010337684015848728
2013-11-07,0.0010132244825050262
2013-11-08,0.0009314397917447458
2013-11-11,0.0009617684038303003
2013-11-12,0.0009774167981590675
2013-11-13,0.0009650118451132288
2013-11-14,0.0009530157412304592
2013-11-15,0.000963155049265206
2013-11-18,0.0009676643805879222
2013-11-19,0.0009969534874547511
2013-11-20,0.001007093101048207
2013-11-21,0.0010285998238792268
2013-11-22,0.0012460181745481246
2013-11-25,0.001318005581807874
2013-11-26,0.0013281461153045395
2013-11-27,0.0012470428568878945
2013-11-28,0.0011384201980046053
2013-11-29,0.0011398700614528958
2013-12-02,0.0011355308263980438
2013-12-03,0.0011123586677239121
2013-12-04,0.0011630527747778117
2013-12-05,0.0012253342177728861
2013-12-06,0.0014295548430684811
2013-12-09,0.0013788706572331157
2013-12-10,0.0013890092770339677
2013-12-11,0.0014903953665343027
2013-12-12,0.0015309497471368478
2013-12-13,0.0016221969881770773
2013-12-16,0.0017480586357307092
2013-12-17,0.0017390169555071226
2013-12-18,0.0015286503120183243
2013-12-19,0.0013788305253978658
2013-12-20,0.001448655768053295
2013-12-23,0.0015655260109637712
2013-12-24,0.0014184884065502135
2013-12-27,0.001453875138501727
2013-12-30,0.001383054077029536
2013-12-31,0.0013750646914707097
2014-01-02,0.0014046747440212514
2014-01-03,0.0014079272812712721
2014-01-06,0.001403419467483687
2014-01-07,0.0015033240500765314
2014-01-08,0.0015554807523530537
2014-01-09,0.001726838745776734
2014-01-10,0.0015942237878080602
2014-01-13,0.001581721584852543
2014-01-14,0.0015916714148995583
2014-01-15,0.0017816556433311176
2014-01-16,0.0018019351574369339
2014-01-17,0.0016428394032858488
2014-01-20,0.00161349579411656
2014-01-21,0.0016235110858179018
2014-01-22,0.0015336947915369202
2014-01-23,0.0015438946479513734
2014-01-24,0.0014910763605130062
2014-01-27,0.0015908910730527508
2014-01-28,0.0016153435627421203
2014-01-29,0.0015307944669462979
2014-01-30,0.0013410937886648632
2014-01-31,0.0012783077263103376
2014-02-03,0.0010026777174874078
2014-02-04,0.001002707084281887
2014-02-05,0.001009535096249139
2014-02-06,0.0010330380590344405
2014-02-07,0.0012111332769594216
2014-02-10,0.0011820727432572382
2014-02-11,0.0012538285750052535
2014-02-12,0.0011536357685993915
2014-02-13,0.001013526064956858
2014-02-14,0.0010134943667814034
2014-02-17,0.0010341176222017417
2014-02-18,0.0010454460141912677
2014-02-19,0.0010447413263962454
2014-02-20,0.0009452696508313843
2014-02-21,0.0010155078396885432
2014-02-24,0.0010562543617865486
2014-02-25,0.0011334196245201262
2014-02-26,0.0011370534817446668
2014-02-27,0.0010073873468267932
2014-02-28,0.0009573662970348797
2014-03-03,0.0011373784307497305
2014-03-04,0.0009980064315868362
2014-03-05,0.0009679789236946013
2014-03-06,0.0009896716891502405
2014-03-07,0.0014819492337659096
2014-03-10,0.001710715711692636
2014-03-11,0.001492071708338657
2014-03-12,0.0014722399343886352
2014-03-13,0.0014428118897809267
2014-03-14,0.001343271370130984
2014-03-17,0.0014828426284089976
2014-03-18,0.0015635845295715043
2014-03-19,0.0016237698994640306
2014-03-20,0.0016629077163097408
2014-03-21,0.001702618278319163
2014-03-24,0.0018391049874271679
2014-03-25,0.0016932632172405192
2014-03-26,0.0014884764156374833
2014-03-27,0.001305326767533529
2014-03-28,0.0012325994663653862
2014-03-31,0.0014441236809860183
2014-04-01,0.001419714075046451
2014-04-02,0.0015777791877375877
2014-04-03,0.0015439818470921046
2014-04-04,0.0016301842197179344
2014-04-07,0.001559642827874343
2014-04-08,0.0014999870580162918
2014-04-09,0.0014727673654320477
2014-04-10,0.0014618636444989274
2014-04-11,0.0014649334337975316
2014-04-14,0.0014354714791644213
2014-04-15,0.0014353767031370808
2014-04-16,0.001396789553751519
2014-04-17,0.0014072618530589266
2014-04-22,0.0015018250558851791
2014-04-23,0.0015749176787786608
2014-04-24,0.0016524142608754413
2014-04-25,0.001713008914425081
2014-04-28,0.0016663810964425776
2014-04-29,0.0016129982563969191
2014-04-30,0.0014337505939310817
2014-05-01,0.0014336421866506818
2014-05-02,0.0014268613506561243
2014-05-05,0.0014280723186933092
2014-05-06,0.0014690265122794162
2014-05-07,0.001449158759986597
2014-05-08,0.001471270693248197
2014-05-09,0.0012469618619389941
2014-05-12,0.0013007225647967322
2014-05-13,0.0013030956826669982
2014-05-14,0.0010543998864766518
2014-05-15,0.0008255984391061787
2014-05-16,0.0008769409781227146
2014-05-19,0.0009001301497764383
2014-05-20,0.0009111745715372722
2014-05-21,0.0009058423712812356
2014-05-22,0.000934302471753841
2014-05-23,0.0008115280005804255
2014-05-26,0.0007905140100377568
2014-05-27,0.000766798014850214
2014-05-28,0.0007719054581500304
2014-05-29,0.0007052426679111111
2014-05-30,0.0007551573271196666
2014-06-02,0.0007445154984463652
2014-06-03,0.0007526677100411293
2014-06-04,0.0006937038925184435
2014-06-05,0.0005316252079964739
2014-06-06,0.0005234509900832529
2014-06-09,0.0006378574014784618
2014-06-10,0.000656362635719418
2014-06-11,0.0005569898051963243
2014-06-12,0.00025825117061514514
2014-06-13,0.0003590484086668125
2014-06-16,0.00019082252255996616
2014-06-17,0.00016018439519999692
2014-06-18,0.0003708226398278354
2014-06-19,0.0003701200728048511
2014-06-20,0.0004129523477602853
2014-06-23,0.0004565594897149686
2014-06-24,0.00041440215242069875
2014-06-25,0.0003652205277653002
2014-06-26,0.0004255974150545938
2014-06-27,0.0004325605213815537
2014-06-30,0.0004531368749142598
2014-07-01,0.0004721255508630418
2014-07-02,0.00041706351632138833
2014-07-03,0.00045687502019647885
2014-07-04,0.00042055895188373104
2014-07-07,0.000429523055751349
2014-07-08,0.00043934642458435847
2014-07-09,0.0004787931411857317
2014-07-10,0.0004898756906210512
2014-07-11,0.0005179340330027836
2014-07-14,0.0005367736282654418
2014-07-15,0.000536704328909052
2014-07-16,0.000536618164276691
2014-07-17,0.0005166612123059707
2014-07-18,0.0005165775465322914
2014-07-21,0.0006002030234022002
2014-07-22,0.0006700980506291682
2014-07-23,0.0007300429114523574
2014-07-24,0.0007105489357967023
2014-07-25,0.0006912517692264109
2014-07-28,0.000653580948206473
2014-07-29,0.0006296950992061815
2014-07-30,0.0006099254799465922
2014-07-31,0.0006326104541485594
2014-08-01,0.0006227902506322504
2014-08-04,0.0006076097759563336
2014-08-05,0.0005877052693523528
2014-08-06,0.0005804157947182369
2014-08-07,0.0005357995016752848
2014-08-08,0.0005203931715718978
2014-08-11,0.0005008802015273878
2014-08-12,0.0004694917807727432
2014-08-13,0.00045883072507819954
2014-08-14,0.0004288522532140901
2014-08-15,0.00041882314208059693
2014-08-18,0.00039767264073302936
2014-08-19,0.0003474487662718186
2014-08-20,0.0002746101250782146
2014-08-21,0.00027890921789379197
2014-08-22,0.0002863549444600859
2014-08-25,0.00010612058994461502
2014-08-26,6.698970786665637e-05
2014-08-27,4.848021449583567e-05
2014-08-28,5.969311663541113e-05
2014-08-29,1.4934221938233509e-05
2014-09-01,-3.0008308708420888e-05
2014-09-02,-0.0001600755517639337
2014-09-03,-0.00014200212153935599
2014-09-04,-0.00014355889913773308
2014-09-05,-0.0007239949578150537
2014-09-08,-0.0006956107826291936
2014-09-09,-0.0007212835155678234
2014-09-10,-0.00068139222534725
2014-09-11,-0.0007015194607799611
2014-09-12,-0.0006615195351009869
2014-09-15,-0.0006317805232536439
2014-09-16,-0.000581530874278427
2014-09-17,-0.0005219366532959869
2014-09-18,-0.0005021272857915076
2014-09-19,-0.0004409105054418992
2014-09-22,-0.0005032782263294133
2014-09-23,-0.0004951792303321491
2014-09-24,-0.0003614477445493392
2014-09-25,-0.0004804675995505969
2014-09-26,-0.0004366891223116846
2014-09-29,-0.0004250721469226044
2014-09-30,-0.00045036304841618524
2014-10-01,-0.0004476895897722187
2014-10-02,-0.0004303949786669167
2014-10-03,-0.0003909852331245438
2014-10-06,-0.00037345482892211596
2014-10-07,-0.0003234253669910107
2014-10-08,-0.00033542409266667345
2014-10-09,-0.00028662778106834663
2014-10-10,-0.0002536458473060099
2014-10-13,-0.00015964946593846654
2014-10-14,-0.00010972996527768022
2014-10-15,-0.00017951088939761062
2014-10-16,-0.00012028836862745207
2014-10-17,-9.096649356926345e-05
2014-10-20,-9.512419418268358e-05
2014-10-21,-1.1014598022464763e-05
2014-10-22,8.441468200962513e-05
2014-10-23,0.00010743904073053795
2014-10-24,8.528198344956197e-05
2014-10-27,0.00010466457492736904
2014-10-28,0.0001112685568640999
2014-10-29,4.9440159549987216e-05
2014-10-30,2.5135836954938246e-05
2014-10-31,-4.0245393777946216e-05
2014-11-03,-3.386952263876494e-05
2014-11-04,-0.00010103180890402689
2014-11-05,-0.00019397095049548328
2014-11-06,-0.00019816081081049642
2014-11-07,-0.00019264670738181015
2014-11-10,-0.00016834918270216214
2014-11-11,-0.00011490142917998885
2014-11-12,-0.00010172194225674489
2014-11-13,-0.00014194532766201675
2014-11-14,-0.000121667295282567
2014-11-17,-0.00010702205574573907
2014-11-18,-9.46300058968163e-05
2014-11-19,-1.4645132230476066e-05
2014-11-20,1.1060549734398918e-05
2014-11-21,-1.2166843759571603e-05
2014-11-24,5.069437051363141e-05
2014-11-25,5.359119267202666e-05
2014-11-26,0.0001665667597506617
2014-11-27,-1.4484608589224526e-06
2014-11-28,-8.111132177480445e-05
2014-12-01,-8.111123728282168e-05
2014-12-02,-0.00017236160975090734
2014-12-03,-0.0003186524060271114
2014-12-04,-0.0002636122630069036
2014-12-05,-0.00013759961500653953
2014-12-08,6.083329784292846e-05
2014-12-09,-5.069446908064513e-05
2014-12-10,-0.00024333390111389754
2014-12-11,-0.00035486231862631246
2014-12-12,-0.0004968079222993085
2014-12-15,-0.0004593974062485866
2014-12-16,-0.00047940865920837437
2014-12-17,-0.00049806338598183
2014-12-18,-0.0006074180521389313
2014-12-19,-0.0005356571256190673
2014-12-22,-0.000571702436702819
2014-12-23,-0.0006469654051001757
2014-12-24,-0.0006599468846361642
2014-12-29,-0.0006994622046657632
2014-12-30,-0.0007044396807623899
2014-12-31,-0.0008456616360716392
2015-01-02,-0.0008112343583008879
2015-01-05,-0.0008262799588988161
2015-01-06,-0.0008361287932648983
2015-01-07,-0.0008459864133926014
2015-01-08,-0.0008133845078125061
2015-01-09,-0.000771426158201179
2015-01-12,-0.0008218021738280751
2015-01-13,-0.0008317971136553938
2015-01-14,-0.0008518164275331233
2015-01-15,-0.0008410662186920464
2015-01-16,-0.0011003828917780034
2015-01-19,-0.0011357722586174276
2015-01-20,-0.0011154660392717793
2015-01-21,-0.001016958409737124
2015-01-22,-0.0009863279207059368
2015-01-23,-0.0010299089093107345
2015-01-26,-0.0009584987206647929
2015-01-27,-0.0008878941522304209
2015-01-28,-0.0010216843337272435
2015-01-29,-0.001061371457622169
2015-01-30,-0.0010008827374365804
2015-02-02,-0.0009104443811619179
2015-02-03,-0.001010466345914046
2015-02-04,-0.0010100722851186916
2015-02-05,-0.0009660736952756419
2015-02-06,-0.0009582817701058069
2015-02-09,-0.0009166141596529641
2015-02-10,-0.0009663455056666805
2015-02-11,-0.000985920202151486
2015-02-12,-0.00103448068641317
2015-02-13,-0.0010344454019035382
2015-02-16,-0.0010129006535798464
2015-02-17,-0.0009900947906465404
2015-02-18,-0.001027562391677252
2015-02-19,-0.0010455163478632742
2015-02-20,-0.0010050176130941427
2015-02-23,-0.0010119700532955048
2015-02-24,-0.0009972052306371005
2015-02-25,-0.0010256219274622162
2015-02-26,-0.0011054928636516233
2015-02-27,-0.001110679882901395
2015-03-02,-0.0010523903557463094
2015-03-03,-0.0010420389578806148
2015-03-04,-0.0010416244936270827
2015-03-05,-0.0010326759678954797
2015-03-06,-0.0010798728319532447
2015-03-09,-0.001106709132118133
2015-03-10,-0.0011475627598462475
2015-03-11,-0.0011470367746946033
2015-03-12,-0.0011852822281293856
2015-03-13,-0.0012051297535028527
2015-03-16,-0.0012028726817061345
2015-03-17,-0.001191824415275043
2015-03-18,-0.001061259903458385
2015-03-19,-0.001156030275059717
2015-03-20,-0.0012276234453129998
2015-03-23,-0.0011922810853441193
2015-03-24,-0.0011908626645203415
2015-03-25,-0.0012229537319463893
2015-03-26,-0.001240642369366595
2015-03-27,-0.0012202239309222482
2015-03-30,-0.001253313062731281
2015-03-31,-0.001255109393038299
2015-04-01,-0.001244563759433564
2015-04-02,-0.001253613099859277
2015-04-07,-0.001248856960549957
2015-04-08,-0.0012904465068181558
2015-04-09,-0.0013012203746751712
2015-04-10,-0.0013391443628529304
2015-04-13,-0.001317065002159566
2015-04-14,-0.0013868448565300283
2015-04-15,-0.0014053234706017227
2015-04-16,-0.001453831781624993
2015-04-17,-0.0014034846556594447
2015-04-20,-0.0014016272873911108
2015-04-21,-0.001398560252356742
2015-04-22,-0.0013749749930189845
2015-04-23,-0.001383874457513083
2015-04-24,-0.001332567329296947
2015-04-27,-0.0013175560239411365
2015-04-28,-0.001390311659935857
2015-04-29,-0.001354951203639321
2015-04-30,-0.0013099829336216118
2015-05-01,-0.0013095460547375083
2015-05-04,-0.0012533959880174548
2015-05-05,-0.001328219317667008
2015-05-06,-0.0012636263740577014
2015-05-07,-0.0012458935331169842
2015-05-08,-0.0012437170672493024
2015-05-11,-0.0012548384652915237
2015-05-12,-0.0012244326997938315
2015-05-13,-0.0012442381440424962
2015-05-14,-0.001224212603295731
2015-05-15,-0.0012436532392454908
2015-05-18,-0.0012522310881074928
2015-05-19,-0.001293197302144585
2015-05-20,-0.0012885948704305522
2015-05-21,-0.0013079013014639452
2015-05-22,-0.0013027737267436203
2015-05-25,-0.0013023638883059164
2015-05-26,-0.0013177419581926176
2015-05-27,-0.0013473040184406703
2015-05-28,-0.0013417186311497776
2015-05-29,-0.0013021448885336157
2015-06-01,-0.001313011539663288
2015-06-02,-0.0013185506067598996
2015-06-03,-0.0013289339705611697
2015-06-04,-0.0013161951841799038
2015-06-05,-0.001329026955121216
2015-06-08,-0.0013104650882711185
2015-06-09,-0.0013118819499915886
2015-06-10,-0.001292780084794711
2015-06-11,-0.001323623688052007
2015-06-12,-0.0013070890319571828
2015-06-15,-0.0013469607887936943
2015-06-16,-0.0013265133796455312
2015-06-17,-0.0013253718453906252
2015-06-18,-0.001366119091065479
2015-06-19,-0.001333831222028949
2015-06-22,-0.0013827181187049304
2015-06-23,-0.0013155153688223396
2015-06-24,-0.0013153695160588305
2015-06-25,-0.0013115769665892401
2015-06-26,-0.0012864166061276265
2015-06-29,-0.0012947292780690256
2015-06-30,-0.0012752969495895617
2015-07-01,-0.0013013492706586412
2015-07-02,-0.0012980077786390962
2015-07-03,-0.0012947882306182088
2015-07-06,-0.0013394457459375247
2015-07-07,-0.001331706402574156
2015-07-08,-0.0013317974390805948
2015-07-09,-0.0013434120606872193
2015-07-10,-0.0013606002343564503
2015-07-13,-0.0013922017352091076
2015-07-14,-0.0013522350213031641
2015-07-15,-0.0013612758488653089
2015-07-16,-0.001359753405118447
2015-07-17,-0.0013794109964961531
2015-07-20,-0.0013364615610914775
2015-07-21,-0.001325884137807552
2015-07-22,-0.0013080093331319746
2015-07-23,-0.0013045726884406805
2015-07-24,-0.0012937681769879957
2015-07-27,-0.0012808375976987236
2015-07-28,-0.0012847064165566538
2015-07-29,-0.0012593186078949379
2015-07-30,-0.001264682340595474
2015-07-31,-0.0012903554121744727
2015-08-03,-0.0012919357410727955
2015-08-04,-0.0013053515158793487
2015-08-05,-0.0013083632263920886
2015-08-06,-0.001315834611446024
2015-08-07,-0.0013057578861024673
2015-08-10,-0.001316175906982532
2015-08-11,-0.0013162737141557566
2015-08-12,-0.0013270217518174612
2015-08-13,-0.001316863961646094
2015-08-14,-0.0013466144863981506
2015-08-17,-0.001372813581418979
2015-08-18,-0.0013828622022516062
2015-08-19,-0.0013808121071938347
2015-08-20,-0.0013682642335764233
2015-08-21,-0.001367374303192957
2015-08-24,-0.0013641042825260747
2015-08-25,-0.0013628600969699456
2015-08-26,-0.0013703818985768225
2015-08-27,-0.001375218366747256
2015-08-28,-0.0013531885370380425
2015-08-31,-0.0013606368374150216
2015-09-01,-0.001366699179394756
2015-09-02,-0.0013814450549313711
2015-09-03,-0.00138152242626034
2015-09-04,-0.0013948479539096818
2015-09-07,-0.001396864791839315
2015-09-08,-0.001402622630322493
2015-09-09,-0.001402999413429751
2015-09-10,-0.001413191448245955
2015-09-11,-0.0014133830616980926
2015-09-14,-0.0014040918842614313
2015-09-15,-0.0014228637023397054
2015-09-16,-0.0014323268033948242
2015-09-17,-0.0014323952344636954
2015-09-18,-0.001441822264770433
2015-09-21,-0.0014374227059401887
2015-09-22,-0.0014666667086871829
2015-09-23,-0.0015069748093431297
2015-09-24,-0.001511681492360042
2015-09-25,-0.001510403092499297
2015-09-28,-0.001510675984411324
2015-09-29,-0.001505154770048268
2015-09-30,-0.0015099700158031752
2015-10-01,-0.0014869258990898922
2015-10-02,-0.0014834662535687655
2015-10-05,-0.0014895773045225133
2015-10-06,-0.0014915045330156176
2015-10-07,-0.0014833092537443779
2015-10-08,-0.0014983737980274966
2015-10-09,-0.0014964824262454165
2015-10-12,-0.0014869059540029727
2015-10-13,-0.0014865160649228787
2015-10-14,-0.0014861134951451402
2015-10-15,-0.001532815099562972
2015-10-16,-0.0015310603874623533
2015-10-19,-0.0015282533072371802
2015-10-20,-0.0015450069144286413
2015-10-21,-0.0015506293711022522
2015-10-22,-0.0015729045373450799
2015-10-23,-0.0016354595031091274
2015-10-26,-0.00160515832058671
2015-10-27,-0.0015934976266508125
2015-10-28,-0.0016104448238682628
2015-10-29,-0.0015991354797382697
2015-10-30,-0.0015791932938512166
2015-11-02,-0.001586384865047624
2015-11-03,-0.00155471596865348
2015-11-04,-0.0015654524364144763
2015-11-05,-0.00154871031201786
2015-11-06,-0.0015305439284015985
2015-11-10,-0.0016210012058486194
2015-11-11,-0.0016415001801692876
2015-11-12,-0.0017338817783529804
2015-11-13,-0.001764298845356848
2015-11-16,-0.001734994860411349
2015-11-17,-0.0017947074914334263
2015-11-18,-0.0017823089046176694
2015-11-19,-0.0018435549176719147
2015-11-20,-0.0018778412567571638
2015-11-23,-0.0019264956508268966
2015-11-24,-0.001955464876684947
2015-11-25,-0.0019120036795696928
2015-11-26,-0.00225096273469722
2015-11-27,-0.00224081484861142
2015-11-30,-0.0022103714742960664
2015-12-02,-0.0021451786696539093
2015-12-03,-0.002491364588873282
2015-12-04,-0.002265388647698946
2015-12-07,-0.0023218572495133775
2015-12-08,-0.00220018530701079
2015-12-09,-0.002382693327230854
2015-12-10,-0.002443529475921485
2015-12-11,-0.0024739475768946542
2015-12-14,-0.002812314847450876
2015-12-15,-0.0027797625270720495
2015-12-16,-0.0027885553660712934
2015-12-17,-0.00279654141590104
2015-12-18,-0.0028564132974011848
2015-12-21,-0.00281463528020899
2015-12-22,-0.0028138189759798764
2015-12-23,-0.0027756714175469805
2015-12-24,-0.0027533256136893286
2015-12-28,-0.002778934626848152
2015-12-29,-0.002801437626421372
2015-12-30,-0.0027972940974536446
2015-12-31,-0.002783801818363356
2016-01-04,-0.0028284141974071575
2016-01-05,-0.0029074899382149424
2016-01-06,-0.0030212726522940636
2016-01-07,-0.003240207988107829
2016-01-08,-0.003116044145413551
2016-01-11,-0.0030943394240581113
2016-01-12,-0.003136415996714054
2016-01-13,-0.003135585171867193
2016-01-14,-0.003124535511435032
2016-01-15,-0.003133839322892472
2016-01-18,-0.0031107215416133474
2016-01-19,-0.00316064953902971
2016-01-20,-0.0032592643230008283
2016-01-21,-0.0033479501975735397
2016-01-22,-0.0035758386295054634
2016-01-25,-0.003619031730226249
2016-01-26,-0.003757884126042491
2016-01-27,-0.003719071829860625
2016-01-28,-0.003657800850313911
2016-01-29,-0.003863269196995501
2016-02-01,-0.003963308465556842
2016-02-02,-0.003927953549261742
2016-02-03,-0.00396958785783875
2016-02-04,-0.004113601974961423
2016-02-05,-0.004053166429255466
2016-02-08,-0.0041010752902002415
2016-02-09,-0.004243390829099003
2016-02-10,-0.0041425666132051675
2016-02-11,-0.004264775293356897
2016-02-12,-0.004266401161224748
2016-02-15,-0.004034429978768852
2016-02-16,-0.004143594275260006
2016-02-17,-0.004129758810366335
2016-02-18,-0.004189800330993993
2016-02-19,-0.004300042888321537
2016-02-22,-0.004253167069753448
2016-02-23,-0.004198065830223866
2016-02-24,-0.0041831094521699395
2016-02-25,-0.004184665858731808
2016-02-26,-0.004250756192050386
2016-02-29,-0.004344555016731142
2016-03-01,-0.0043137756606505175
2016-03-02,-0.0041874564061439405
2016-03-03,-0.004293641064561449
2016-03-04,-0.004306927162688535
2016-03-07,-0.004107722414744165
2016-03-08,-0.004169846277451057
2016-03-09,-0.004125231163516038
2016-03-10,-0.00420353365401085
2016-03-11,-0.0036544482031581676
2016-03-14,-0.0037051903184692147
2016-03-15,-0.0036627789541550408
2016-03-16,-0.0036408282862177657
2016-03-17,-0.003708800587023251
2016-03-18,-0.003758451154956749
2016-03-21,-0.003764233912701948
2016-03-22,-0.0037822304486995004
2016-03-23,-0.003770285148260781
2016-03-24,-0.003777832292277201
2016-03-29,-0.0038183420104639042
2016-03-30,-0.0037665038511870176
2016-03-31,-0.003768399707469441
2016-04-01,-0.003712361453769901
2016-04-04,-0.0036957090083261264
2016-04-05,-0.0037142138229571695
2016-04-06,-0.003688633680880923
2016-04-07,-0.003780509046817763
2016-04-08,-0.0037795356772719834
2016-04-11,-0.003797150904730821
2016-04-12,-0.0038287732912657903
2016-04-13,-0.0038267230976989476
2016-04-14,-0.00382111075921807
2016-04-15,-0.0037899165694125383
2016-04-18,-0.0037647079116214697
2016-04-19,-0.003724441386860756
2016-04-20,-0.0037324107704754584
2016-04-21,-0.0037304948299111676
2016-04-22,-0.0036985382773597956
2016-04-25,-0.0037112994071071955
2016-04-26,-0.003699837283332571
2016-04-27,-0.003685491473958522
2016-04-28,-0.0036897131516941076
2016-04-29,-0.003678087640637461
2016-05-02,-0.0036495469072205973
2016-05-03,-0.0036373965842600767
2016-05-04,-0.0036567695138174003
2016-05-05,-0.003680650521579411
2016-05-06,-0.0036936948100712783
2016-05-09,-0.003699410893720325
2016-05-10,-0.0036788330648408166
2016-05-11,-0.0036758206829259157
2016-05-12,-0.0036774749598224334
2016-05-13,-0.0036619143308611896
2016-05-16,-0.003679527287657503
2016-05-17,-0.0036161272182782035
2016-05-18,-0.003625763115651809
2016-05-19,-0.0035955121826866786
2016-05-20,-0.003613691877368535
2016-05-23,-0.003598617839356103
2016-05-24,-0.0036146743683073378
2016-05-25,-0.003594118161524679
2016-05-26,-0.0036202354541530484
2016-05-27,-0.0036185452229990636
2016-05-30,-0.0036164784930266623
2016-05-31,-0.003612226659101264
2016-06-01,-0.0036415437490516307
2016-06-02,-0.003620940499818764
2016-06-03,-0.003618839418681159
2016-06-06,-0.0036425766853036465
2016-06-07,-0.003672448490797974
2016-06-08,-0.0036778419016966924
2016-06-09,-0.003683604548579397
2016-06-10,-0.0036915355582099797
2016-06-13,-0.0037113847588292996
2016-06-14,-0.003761189039805661
2016-06-15,-0.003779734779523951
2016-06-16,-0.003799177614465363
2016-06-17,-0.003773958518330895
2016-06-20,-0.0037311330227387013
2016-06-21,-0.003679822042610046
2016-06-22,-0.0036860710966167827
2016-06-23,-0.003756219325542278
2016-06-24,-0.004222911210603741
2016-06-27,-0.00408176061127387
2016-06-28,-0.003979045538522492
2016-06-29,-0.003922045927224063
2016-06-30,-0.00386536861706443
2016-07-01,-0.003901739334782023
2016-07-04,-0.003957287124661835
2016-07-05,-0.003940069312717304
2016-07-06,-0.003956372382108297
2016-07-07,-0.003966818018719996
2016-07-08,-0.003964608478977193
2016-07-11,-0.0039360552008692274
2016-07-12,-0.003914906384011905
2016-07-13,-0.0038756826742123926
2016-07-14,-0.00390769608241459
2016-07-15,-0.0037594110527282305
2016-07-18,-0.0037608230900536208
2016-07-19,-0.0037702707554073426
2016-07-20,-0.0037473436462575325
2016-07-21,-0.0037345263870962923
2016-07-22,-0.0036828262248824344
2016-07-25,-0.0036634550740901497
2016-07-26,-0.0036814411564510662
2016-07-27,-0.003679257820834379
2016-07-28,-0.0036771673969165086
2016-07-29,-0.003654689472118797
2016-08-01,-0.0036741071135824254
2016-08-02,-0.0036787443628297314
2016-08-03,-0.0036262376208585504
2016-08-04,-0.003595292455557753
2016-08-05,-0.0036032851962079803
2016-08-08,-0.0036091705071767
2016-08-09,-0.00360121048078469
2016-08-10,-0.003617176303643679
2016-08-11,-0.003598697055600181
2016-08-12,-0.0035955478710770522
2016-08-15,-0.0036084284797933213
2016-08-16,-0.0035989429458828503
2016-08-17,-0.0035933214042784363
2016-08-18,-0.003612796795364716
2016-08-19,-0.0036023044334654885
2016-08-22,-0.0036242733104431407
2016-08-23,-0.003611634407792366
2016-08-24,-0.003605607790532453
2016-08-25,-0.0035946766594372403
2016-08-26,-0.003595263834056069
2016-08-29,-0.003589018696792136
2016-08-30,-0.0035803680030664525
2016-08-31,-0.0035797507030354597
2016-09-01,-0.003579047112186339
2016-09-02,-0.0035737933308638624
2016-09-05,-0.0035843456285198313
2016-09-06,-0.0035726871882065707
2016-09-07,-0.0035838609095680983
2016-09-08,-0.003629119858849535
2016-09-09,-0.003547711657229956
2016-09-12,-0.003538256278138122
2016-09-13,-0.0035191316698424298
2016-09-14,-0.0035075198316543857
2016-09-15,-0.003503841376751166
2016-09-16,-0.003513209221295325
2016-09-19,-0.0035011154959238232
2016-09-20,-0.003509817147542076
2016-09-21,-0.003518540611372341
2016-09-22,-0.0035272474265808265
2016-09-23,-0.003525921803326769
2016-09-26,-0.0035292796873685186
2016-09-27,-0.003542320308862599
2016-09-28,-0.0035574145244713406
2016-09-29,-0.003551384019690408
2016-09-30,-0.0035667182601764567
2016-10-03,-0.003513010894738676
2016-10-04,-0.0035118334476758116
2016-10-05,-0.003505531279669751
2016-10-06,-0.0034961997815934186
2016-10-07,-0.0034989224594972252
2016-10-10,-0.0034932173093313937
2016-10-11,-0.0034748905979104794
2016-10-12,-0.0034940101587293488
2016-10-13,-0.00348367665347446
2016-10-14,-0.0034919209745392136
2016-10-17,-0.003513304888283225
2016-10-18,-0.0035323363942204714
2016-10-19,-0.0035413482986604325
2016-10-20,-0.0035487823499846818
2016-10-21,-0.0035368517135597514
2016-10-24,-0.003515991063884297
2016-10-25,-0.003516924744576746
2016-10-26,-0.0035088226262578064
2016-10-27,-0.0035210343487458826
2016-10-28,-0.0035100880929961847
2016-10-31,-0.0035457133120551836
2016-11-01,-0.0035518167952660593
2016-11-02,-0.003552238589980619
2016-11-03,-0.0035514937047240657
2016-11-04,-0.0035423551644420894
2016-11-07,-0.0035417486032332597
2016-11-08,-0.0035463743051530284
2016-11-09,-0.0035607919971433998
2016-11-10,-0.003565541554839548
2016-11-11,-0.0035761002030488985
2016-11-14,-0.003578121735827143
2016-11-15,-0.0035699090635350943
2016-11-16,-0.003561868218994104
2016-11-17,-0.003589731480710417
2016-11-18,-0.0035897138266838447
2016-11-21,-0.0035738846218288196
2016-11-22,-0.0035964038742545084
2016-11-23,-0.0036042741552494806
2016-11-24,-0.0036126560168534545
2016-11-25,-0.0036108863403509525
2016-11-28,-0.003619960274779713
2016-11-29,-0.0036300832265159346
2016-11-30,-0.0036373087528472035
2016-12-01,-0.003635841985211651
2016-12-02,-0.0036184401600798987
2016-12-05,-0.0036401152172919264
2016-12-06,-0.0036343024062327274
2016-12-07,-0.0036313868273164717
2016-12-08,-0.003640060763433416
2016-12-09,-0.0037037784830230283
2016-12-12,-0.0036399881582887352
2016-12-13,-0.003619708968857881
2016-12-14,-0.003609569377100835
2016-12-15,-0.003619708968857881
2016-12-16,-0.0035892901994919327
2016-12-19,-0.0033859147244488966
2016-12-20,-0.0034061464419739584
2016-12-21,-0.0034263884799003498
2016-12-22,-0.003386435779264726
2016-12-23,-0.0034194022526377018
2016-12-27,-0.0034675620534811717
2016-12-28,-0.0034577060793486835
2016-12-29,-0.0034679092557715263
2016-12-30,-0.003488704574542507
2017-01-02,-0.003519232953452501
2017-01-03,-0.0035145682847073294
2017-01-04,-0.0034901088492873514
2017-01-05,-0.003479266343402815
2017-01-06,-0.0035162134924368346
2017-01-09,-0.0035282849514723107
2017-01-10,-0.0035182559527034566
2017-01-11,-0.0035885906399519226
2017-01-12,-0.0035890990975684456
2017-01-13,-0.0036013772102204103
2017-01-16,-0.00360249625961119
2017-01-17,-0.003642553442861062
2017-01-18,-0.0036022003367716894
2017-01-19,-0.0035524822633320693
2017-01-20,-0.0035529685932656793
2017-01-23,-0.003523185181485634
2017-01-24,-0.0035632971095409458
2017-01-25,-0.003515673765393126
2017-01-26,-0.0035059869949897824
2017-01-27,-0.003456086080882582
2017-01-30,-0.0034412388880563204
2017-01-31,-0.0034834102061935047
2017-02-01,-0.0034837101092477043
2017-02-02,-0.003500524044001125
2017-02-03,-0.0034611725956985445
2017-02-06,-0.0034650103898170555
2017-02-07,-0.003469145656190374
2017-02-08,-0.0034797278650777175
2017-02-09,-0.0034619842112418122
2017-02-10,-0.003492293669237777
2017-02-13,-0.0034642435048276897
2017-02-14,-0.00346618713590837
2017-02-15,-0.00348580320728854
2017-02-16,-0.0034383280861044305
2017-02-17,-0.0034986066158221554
2017-02-20,-0.0034995249333806006
2017-02-21,-0.0035372998249822377
2017-02-22,-0.0035582907782658944
2017-02-23,-0.003555922224277743
2017-02-24,-0.003593706183296432
2017-02-27,-0.003570631695291897
2017-02-28,-0.0035775307104785265
2017-03-01,-0.003546020142354753
2017-03-02,-0.0035366110435462194
2017-03-03,-0.0034574230582234103
2017-03-06,-0.0033928756505445176
2017-03-07,-0.003353763255647601
2017-03-08,-0.003394525583301865
2017-03-09,-0.003423619578294403
2017-03-10,-0.003346455933898526
2017-03-13,-0.003435138539250352
2017-03-14,-0.0033933366353202698
2017-03-15,-0.003414516465363555
2017-03-16,-0.0034093164836607607
2017-03-17,-0.0033292283225281128
2017-03-20,-0.003331109833297108
2017-03-21,-0.0032932578978735736
2017-03-22,-0.00331327794606466
2017-03-23,-0.0033319637843050023
2017-03-24,-0.0033363562191269466
2017-03-27,-0.003335544744374059
2017-03-28,-0.003359533702256559
2017-03-29,-0.003376883250237516
2017-03-30,-0.00339161631978237
2017-03-31,-0.00341460105893453
2017-04-03,-0.0035025877007126166
2017-04-04,-0.0035373153605918035
2017-04-05,-0.0035236528601278274
2017-04-06,-0.0035289072022200835
2017-04-07,-0.0035157041351871264
2017-04-10,-0.003511004757945292
2017-04-11,-0.003548645066536204
2017-04-12,-0.0035913866181095017
2017-04-13,-0.003602130745434643
2017-04-18,-0.003654460256828396
2017-04-19,-0.0036641546232624883
2017-04-20,-0.0036351928179619024
2017-04-21,-0.003644553375376429
2017-04-24,-0.0035749330372025073
2017-04-25,-0.0035449346389616054
2017-04-26,-0.003508716246878821
2017-04-27,-0.003524869090404941
2017-04-28,-0.003541543866815673
2017-05-02,-0.0035834711240378255
2017-05-03,-0.0035830449001297646
2017-05-04,-0.0036038513573908274
2017-05-05,-0.003560648058787092
2017-05-08,-0.003574057501366947
2017-05-09,-0.0035152438863743003
2017-05-10,-0.0035575569604339866
2017-05-11,-0.003547602051848358
2017-05-12,-0.0035587163968705785
2017-05-15,-0.0035621588615784255
2017-05-16,-0.0035662657066192582
2017-05-17,-0.003595848782886969
2017-05-18,-0.00357557155347075
2017-05-19,-0.003545963824490564
2017-05-22,-0.0035766694811398114
2017-05-23,-0.0035423834571980148
2017-05-24,-0.003565482981882138
2017-05-25,-0.003572883785873319
2017-05-26,-0.0035652641832278
2017-05-29,-0.003584905368689692
2017-05-30,-0.003565702934406688
2017-05-31,-0.0035835592773145503
2017-06-01,-0.0035836226423616624
2017-06-02,-0.0036051099376381702
2017-06-05,-0.0035917239968449714
2017-06-06,-0.003600768845545457
2017-06-07,-0.0036073538975898195
2017-06-08,-0.003607951940310321
2017-06-09,-0.003599601558190366
2017-06-12,-0.0036179791096641054
2017-06-13,-0.0036107746363677135
2017-06-14,-0.0036111889358241035
2017-06-15,-0.003610686333278591
2017-06-16,-0.003604075105225328
2017-06-19,-0.0035929921345529948
2017-06-20,-0.0035839193017927875
2017-06-21,-0.0036011624736462175
2017-06-22,-0.0036130607519298586
2017-06-23,-0.0035834396798504467
2017-06-26,-0.003592890926570865
2017-06-27,-0.0035886942317839322
2017-06-28,-0.00359262361751467
2017-06-29,-0.0035798913092009747
2017-06-30,-0.0035505774672955084
2017-07-03,-0.0035640821623616815
2017-07-04,-0.003563410546816944
2017-07-05,-0.0035498503881871307
2017-07-06,-0.0035544001402309563
2017-07-07,-0.003552049966362898
2017-07-10,-0.0035575750933396475
2017-07-11,-0.0035650430484825513
2017-07-12,-0.003554042862001986
2017-07-13,-0.0035557317769508673
2017-07-14,-0.0035578777592769847
2017-07-17,-0.0035616881527703714
2017-07-18,-0.003571162884020342
2017-07-19,-0.0035715938651692124
2017-07-20,-0.0035799176177920013
2017-07-21,-0.0035892673715893085
2017-07-24,-0.0035896071745256707
2017-07-25,-0.003606811824907614
2017-07-26,-0.003586295760619368
2017-07-27,-0.00357868773971284
2017-07-28,-0.00359829350488948
2017-07-31,-0.0036105963382377765
2017-08-01,-0.0036106229188038797
2017-08-02,-0.0036125398231662063
2017-08-03,-0.003612630664624298
2017-08-04,-0.0036126789716847767
2017-08-07,-0.0036151376064732384
2017-08-08,-0.003615420375525973
2017-08-09,-0.003617912004809246
2017-08-10,-0.003594738654278203
2017-08-11,-0.003589790302042147
2017-08-14,-0.003589735350701061
2017-08-15,-0.0036012175131337953
2017-08-16,-0.0035933214042784363
2017-08-17,-0.0035928245039490536
2017-08-18,-0.0036023044334654885
2017-08-21,-0.0036202507248861565
2017-08-22,-0.003609599231306545
2017-08-23,-0.0036086630505097624
2017-08-24,-0.0035981537642192593
2017-08-25,-0.0035977075823423873
2017-08-28,-0.0036155300176529404
2017-08-29,-0.0036048918864800615
2017-08-30,-0.003597274935964542
2017-08-31,-0.0036254092070488178
2017-09-04,-0.003628376638731803
2017-09-05,-0.0036134804710254357
2017-09-08,-0.0036353828166059855
2017-09-11,-0.0036472804136660534
2017-09-12,-0.0036479063200294706
2017-09-15,-0.003628754645473927
2017-09-22,-0.0036302004483777135
2017-09-27,-0.003608426901358056
2017-09-28,-0.0036114099496757
2017-09-29,-0.003617755852428176
2017-10-02,-0.0035934078027101825
2017-10-03,-0.003593554741812093
2017-10-04,-0.0035936134924840035
2017-10-05,-0.0035948695842702143
2017-10-06,-0.003597666389567015
2017-10-13,-0.0035871218696527417
2017-10-18,-0.0036111987774909557
2017-10-20,-0.0036079343498715212
2017-10-24,-0.003581019807533784
2017-10-25,-0.0036007652814975437
2017-10-27,-0.0036005495098293625
2017-10-30,-0.0035396732015662655
2017-11-02,-0.0036215072810210094
2017-11-06,-0.003636139707765489
2017-11-09,-0.003654056747065129
2017-11-16,-0.003660726263496806
2017-11-17,-0.003660707904234934
2017-11-20,-0.003662906391281438
2017-11-21,-0.0036437315560756997
2017-11-22,-0.0036561089934162485
2017-11-23,-0.003667051138318369
2017-11-24,-0.0036676781180219635
2017-11-27,-0.003650383303663576
2017-11-28,-0.003670646894830731
2017-11-29,-0.003670628437159342
2017-11-30,-0.003635841985211651
2017-12-01,-0.0034561911936301392
2017-12-05,-0.0034561254884105767
2017-12-07,-0.0034387091116619105
2017-12-08,-0.0034010316267527106
2017-12-13,-0.0035892901994919327
2017-12-15,-0.0036501277559625395
2017-12-18,-0.0035364271499628997
2017-12-19,-0.003526550853459212
2017-12-20,-0.003497622445436364
2017-12-22,-0.0034695617152293834
2017-12-27,-0.003424268132493666
2017-12-29,-0.003397344161287717
2018-01-02,-0.003414818240249031
2018-01-12,-0.003384298051734159
2018-01-17,-0.003411256764490507
2018-01-18,-0.003421845444067719
2018-01-19,-0.0034518133344216893
2018-01-23,-0.0034751422046131347
2018-01-24,-0.0034754893755652868
2018-01-25,-0.003475850342597987
2018-01-26,-0.0034962657272009237
2018-01-29,-0.003478199621416274
2018-01-30,-0.0034928826620566175
2018-01-31,-0.0035138834004580597
2018-02-01,-0.0035157914826163153
2018-02-02,-0.0035262188676954717
2018-02-07,-0.00354009956863054
2018-02-08,-0.0035324319326248623
2018-02-09,-0.0035503327250613406
2018-02-12,-0.0035633729296092125
2018-02-13,-0.0035756533709614667
2018-02-15,-0.003559150753201356
2018-02-16,-0.0035590169093296887
2018-02-19,-0.00354918958660419
2018-02-20,-0.003549377311810185
2018-02-21,-0.0035696977236314973
2018-02-22,-0.0035524544989913695
2018-02-23,-0.003560255048371495
2018-02-26,-0.003553519924288989
2018-02-27,-0.003533915963062269
2018-03-02,-0.0035418821483914594
2018-03-07,-0.0035438489777781875
2018-03-08,-0.0035529940151606825
2018-03-09,-0.003592917737396406
2018-03-12,-0.0035678910923412402
2018-03-13,-0.003566723807259052
2018-03-14,-0.003578050406768987
2018-03-15,-0.0035790157850749222
2018-03-16,-0.0035887417559946322
2018-03-19,-0.0035978844691379724
2018-03-20,-0.003588611058154633
2018-03-21,-0.003578675694410167
2018-03-22,-0.0035869882279588117
2018-03-23,-0.003596700728132893
2018-03-26,-0.0035958542503091158
2018-03-27,-0.0035988828746041884
2018-03-28,-0.0035952741877865856
2018-03-29,-0.0035719507641053306
2018-04-03,-0.0035872633933305576
2018-04-04,-0.003597769106349914
2018-04-05,-0.0036088395408402515
2018-04-06,-0.0036090589796380266
2018-04-09,-0.003610939786159659
2018-04-10,-0.003603118370141819
2018-04-11,-0.0036013803704608898
2018-04-12,-0.003600618170816453
2018-04-13,-0.0036125039531928983
2018-04-16,-0.0036047390522482617
2018-04-17,-0.003614472509509968
2018-04-18,-0.003624170113944506
2018-04-19,-0.0036238682593877462
2018-04-20,-0.0036235677160180156
2018-04-23,-0.0036148983800374083
2018-04-24,-0.003614886186702027
2018-04-25,-0.0036148364000807014
2018-04-26,-0.0036147666701675657
2018-04-27,-0.0036147993546850766
2018-04-30,-0.003612284765267506
2018-05-01,-0.0036130126408927426
2018-05-02,-0.0036328661622859223
2018-05-03,-0.003608347600402639
2018-05-04,-0.0036046800493654317
2018-05-07,-0.003607166125289246
2018-05-08,-0.003614569929585473
2018-05-09,-0.0036166876316362307
2018-05-10,-0.0035996850286793202
2018-05-11,-0.0035924726041705723
2018-05-14,-0.003603961392051426
2018-05-15,-0.0036061547982441412
2018-05-16,-0.0035858774557673613
2018-05-17,-0.0035955121826866786
2018-05-18,-0.00358549744781415
2018-05-21,-0.0035892849904694333
2018-05-22,-0.003623368773659545
2018-05-23,-0.00363074001861448
2018-05-24,-0.003612733892019033
2018-05-25,-0.0036222909508427086
2018-05-28,-0.003637366781083075
2018-05-29,-0.003625284003288211
2018-05-30,-0.003619818741675455
2018-05-31,-0.0036290086675780523
2018-06-01,-0.0036350560429798053
2018-06-04,-0.0036000861961935863
2018-06-05,-0.003587158574282313
2018-06-06,-0.0035873858223646913
2018-06-07,-0.0035944160707406746
2018-06-08,-0.003589614278894638
2018-06-11,-0.003581891533593445
2018-06-12,-0.0035608354356788242
2018-06-13,-0.0035624942847219013
2018-06-14,-0.0035716964606133717
2018-06-15,-0.0035940824188022387
2018-06-18,-0.003583002679631848
2018-06-19,-0.0035745947551202814
2018-06-20,-0.003582183784342637
2018-06-21,-0.003583102936036506
2018-06-22,-0.0035812620238400527
2018-06-25,-0.0036001255611205285
2018-06-26,-0.0036096746719784935
2018-06-27,-0.003609262925949027
2018-06-28,-0.0035988735171517327
2018-06-29,-0.0035872375581756325
2018-07-02,-0.003598560308370174
2018-07-03,-0.003577844474940323
2018-07-04,-0.00359219240201255
2018-07-05,-0.0035987041379522953
2018-07-06,-0.003595262111639934
2018-07-09,-0.00359738198391862
2018-07-10,-0.0035871883070201414
2018-07-11,-0.0035996178977472236
2018-07-12,-0.0036000597272732773
2018-07-13,-0.003598931316734326
2018-07-16,-0.003601513801766853
2018-07-17,-0.0036010280053596928
2018-07-18,-0.0035904757780273328
2018-07-19,-0.003599160632039122
2018-07-20,-0.0035892673715893085
2018-07-23,-0.0036072599733399445
2018-07-24,-0.003596868550529309
2018-07-25,-0.0036061786794345132
2018-07-26,-0.0036025644716902376
2018-07-27,-0.0036049302539096374
2018-07-30,-0.0035845000989641225
2018-07-31,-0.0036106229188038797
2018-08-01,-0.0036125398231662063
2018-08-02,-0.003612630664624298
2018-08-03,-0.0035972321385842544
2018-08-06,-0.0035986101155424345
2018-08-07,-0.003605445200937694
2018-08-08,-0.00360035543729131
2018-08-09,-0.003590092959043441
2018-08-10,-0.0035920382144009957
2018-08-13,-0.003590979899618146
2018-08-14,-0.003581253931440413
2018-08-15,-0.0035833338779970125
2018-08-16,-0.0035928245039490536
2018-08-17,-0.0035923197576179823
2018-08-20,-0.0036102717091388995
2018-08-21,-0.0035809917573626773
2018-08-22,-0.0035908858315394556
2018-08-23,-0.0035859392198717495
2018-08-24,-0.0035877359958885165
2018-08-27,-0.0036022170498772902
2018-08-28,-0.0035849644882681424
2018-08-29,-0.0035774445548663082
2018-08-30,-0.0035771586741604076
2018-08-31,-0.003610996907123225
2018-09-03,-0.003613854282309065
2018-09-04,-0.0036092933488958362
2018-09-05,-0.003604899487953659
2018-09-06,-0.003614830719597233
2018-09-07,-0.0036089014283479243
2018-09-10,-0.003604926408518764
2018-09-11,-0.003605867712411522
2018-09-12,-0.003597216519103575
2018-09-13,-0.0036079308948782
2018-09-14,-0.0036086916240897974
2018-09-17,-0.003601479042943044
2018-09-18,-0.0036205407681396567
2018-09-19,-0.0036201965893094237
2018-09-20,-0.0036104859909647335
2018-09-21,-0.0035987835383034616
2018-09-24,-0.003596907621335361
2018-09-25,-0.00361896878380043
2018-09-26,-0.0035954141575039837
2018-09-27,-0.0035880493028693965
2018-09-28,-0.0035877099756332353
2018-10-01,-0.0035484166813170848
2018-10-02,-0.0035583626620472875
2018-10-03,-0.003558274815573577
2018-10-04,-0.0035649981004190136
2018-10-05,-0.003571392718955545
2018-10-08,-0.0035781579849833733
2018-10-09,-0.003565312286959765
2018-10-10,-0.0035426037624923554
2018-10-11,-0.0035358026734336194
2018-10-12,-0.0035656737506392453
2018-10-15,-0.00359317749222292
2018-10-16,-0.003582243333592966
2018-10-17,-0.003581262758146176
2018-10-18,-0.0035900308792652293
2018-10-19,-0.00360858866993972
2018-10-22,-0.0036020084976237017
2018-10-23,-0.0036009074628855953
2018-10-24,-0.0035957399710733317
2018-10-25,-0.003598719391938097
2018-10-26,-0.0036064383879892406
2018-10-29,-0.0035580805644196785
2018-10-30,-0.00354732761813216
2018-10-31,-0.0036317655560054465
2018-11-01,-0.003627610509827918
2018-11-02,-0.0036336993002951067
2018-11-05,-0.0036526782431243647
2018-11-06,-0.0036504660867509846
2018-11-07,-0.0036552465535088594
2018-11-08,-0.0036516481018306966
2018-11-09,-0.003662378557652411
2018-11-12,-0.0036691837757859237
2018-11-13,-0.003661005649726612
2018-11-14,-0.0036631292240698905
2018-11-15,-0.0036708684113975435
2018-11-16,-0.0036708499502602944
2018-11-19,-0.003670794570064493
2018-11-20,-0.003670776110412725
2018-11-21,-0.0036707576507609575
2018-11-22,-0.003683645965514388
2018-11-23,-0.0036707207318295715
2018-11-26,-0.003670665352502119
2018-11-27,-0.0036720955117439014
2018-11-28,-0.003673525670985683
2018-11-29,-0.0037010321754253127
2018-11-30,-0.0037010134105212606
2018-12-03,-0.0036806764671945937
2018-12-04,-0.003700938352681415
2018-12-05,-0.0036835363812454296
2018-12-06,-0.0036849663382708476
2018-12-07,-0.0036878445060097567
2018-12-10,-0.0037008257739152743
2018-12-11,-0.0037008257739152743
2018-12-12,-0.0037008257739152743
2018-12-13,-0.0036906861663725194
2018-12-14,-0.0036906861663725194
2018-12-17,-0.0035270833631619895
2018-12-18,-0.003537921227858512
2018-12-19,-0.0035477911940257254
2018-12-20,-0.0035583282568123274
2018-12-21,-0.003541981054410616
2018-12-24,-0.003580591726763101
2018-12-27,-0.0035718794266540394
2018-12-28,-0.003563089451744095
2018-12-31,-0.0035850472485754008
2019-01-02,-0.003580499150002183
2019-01-03,-0.003577122832739399
2019-01-04,-0.0035728343913620057
2019-01-07,-0.00359134934934094
2019-01-08,-0.003589266138308906
2019-01-09,-0.0035616983110071366
2019-01-10,-0.0035751667682210842
2019-01-11,-0.0035767183173688547
2019-01-14,-0.003592444840112266
2019-01-15,-0.0036023486853325867
2019-01-16,-0.0036022003367716894
2019-01-17,-0.0035926813403304807
2019-01-18,-0.0035831162745658565
2019-01-21,-0.0035856656667073764
2019-01-22,-0.003577876441036695
2019-01-23,-0.0035784621975036924
2019-01-24,-0.003558985057688479
2019-01-25,-0.0035766293327913444
2019-01-28,-0.003558805084585918
2019-01-29,-0.0035534256344650923
2019-01-30,-0.003564788595231984
2019-01-31,-0.0035664468124802077
2019-02-01,-0.003581888629167239
2019-02-04,-0.0035857504642517043
2019-02-05,-0.003586433474039007
2019-02-06,-0.0035738651863032357
2019-02-07,-0.003565412136067705
2019-02-08,-0.003590590378090502
2019-02-11,-0.0035935702391265557
2019-02-12,-0.003594529494946925
2019-02-13,-0.0035854932446845863
2019-02-14,-0.0035893583260760585
2019-02-15,-0.0035992921270137654
2019-02-18,-0.003590129318096824
2019-02-19,-0.0035906503306354525
2019-02-20,-0.003591171343174081
2019-02-21,-0.0035826521374396235
2019-02-22,-0.003582656339396235
2019-02-25,-0.00357666433119114
2019-02-26,-0.0035674577766570473
2019-02-27,-0.0035518757742921316
2019-02-28,-0.003554562236740023
2019-03-01,-0.003522601216691445
2019-03-04,-0.0035225745149927135
2019-03-05,-0.0035333433461743604
2019-03-06,-0.0035406329975119495
2019-03-07,-0.0035406080219464084
2019-03-08,-0.0035752852937634546
2019-03-11,-0.0035663802920050352
2019-03-12,-0.0035654775005089156
2019-03-13,-0.003586101090849067
2019-03-14,-0.003569032868226584
2019-03-15,-0.0035787595283639797
2019-03-18,-0.0035779248953024885
2019-03-19,-0.0035686533280080645
2019-03-20,-0.0035686977180849184
2019-03-21,-0.0035592351039471226
2019-03-22,-0.0035690200015006768
2019-03-25,-0.003575906636497645
2019-03-26,-0.003585591230319583
2019-03-27,-0.0035789804634461827
2019-03-28,-0.0036448058459084874
2019-03-29,-0.003659975626148655
2019-04-01,-0.0036817338111099994
2019-04-02,-0.0036961809713614625
2019-04-03,-0.003696057264343433
2019-04-04,-0.003696037296295179
2019-04-05,-0.0037158442131300495
2019-04-08,-0.003725534767791885
2019-04-09,-0.0037153030533716228
2019-04-10,-0.0037051857807130616
2019-04-11,-0.003705106162819357
2019-04-12,-0.0037149530934016298
2019-04-15,-0.003694719422075734
2019-04-16,-0.003674454531344736
2019-04-17,-0.0036841472770792276
2019-04-18,-0.003693170936964002
2019-04-23,-0.0036798363769276437
2019-04-24,-0.0036820158348894213
2019-04-25,-0.0036916887209532097
2019-04-26,-0.0036880583923838217
2019-04-29,-0.003680456165325929
2019-04-30,-0.0036752209850346588
2019-05-01,-0.0036674060021570903
2019-05-02,-0.0036626645278629564
2019-05-03,-0.003667028498336392
2019-05-06,-0.0036798090385817377
2019-05-07,-0.0036668164399544082
2019-05-08,-0.00367649608384401
2019-05-09,-0.0036861688182146224
2019-05-10,-0.003705973638095589
2019-05-13,-0.003696575673553623
2019-05-14,-0.0037158546556172642
2019-05-15,-0.0037254813653044977
2019-05-16,-0.003745074333294309
2019-05-17,-0.003753611240900281
2019-05-20,-0.003750762285393969
2019-05-21,-0.003756358102517296
2019-05-22,-0.003740343934800578
2019-05-23,-0.003747246486094618
2019-05-24,-0.0037734575610431746
2019-05-27,-0.003769499365298407
2019-05-28,-0.0037725207859678482
2019-05-29,-0.0037760690609077224
2019-05-30,-0.0037892413896431216
2019-05-31,-0.0038140323590005933
2019-06-03,-0.0038264505613401223
2019-06-04,-0.003844922913768782
2019-06-05,-0.003864128266287127
2019-06-06,-0.004006355623682976
2019-06-07,-0.0038413583951311943
2019-06-10,-0.003851212682135459
2019-06-11,-0.0038595678815433443
2019-06-12,-0.0038796293794974212
2019-06-13,-0.003908102840708853
2019-06-14,-0.003943856560556916
2019-06-17,-0.003960576710468368
2019-06-18,-0.004096072930201549
2019-06-19,-0.004341374339167781
2019-06-20,-0.004367523472322335
2019-06-21,-0.004376182764559484
2019-06-24,-0.004371304604373805
2019-06-25,-0.004398324682122467
2019-06-26,-0.004401158343950025
2019-06-27,-0.004367051548126979
2019-06-28,-0.004388630949658533
2019-07-01,-0.004395079068720233
2019-07-02,-0.00455597737701997
2019-07-03,-0.004571679166997827
2019-07-04,-0.0045512799432450984
2019-07-05,-0.004568572218047762
2019-07-08,-0.004443731112032967
2019-07-09,-0.004414819781358984
2019-07-10,-0.004319415284683517
2019-07-11,-0.004444358073686266
2019-07-12,-0.004431370687173276
2019-07-15,-0.004467887272082725
2019-07-16,-0.0045469502764739975
2019-07-17,-0.004591533382575536
2019-07-18,-0.004637046271127415
2019-07-19,-0.004732832531868217
2019-07-22,-0.0046845089733569935
2019-07-23,-0.004633804246846031
2019-07-24,-0.004714174046306892
2019-07-25,-0.004786799572775692
2019-07-26,-0.0045527237813081925
2019-07-29,-0.004550252688519289
2019-07-30,-0.004526621124017042
2019-07-31,-0.004562333065216419
2019-08-01,-0.004613842643153931
2019-08-02,-0.004690962964050221
2019-08-05,-0.004764269111569286
2019-08-06,-0.004797126819949559
2019-08-07,-0.004754004443294095
2019-08-08,-0.004804343396558268
2019-08-09,-0.004834631406235622
2019-08-12,-0.0048350836574801576
2019-08-13,-0.004840460550838325
2019-08-14,-0.004812053942056846
2019-08-15,-0.00486133182650373
2019-08-16,-0.00498050939310886
2019-08-19,-0.004976812078872249
2019-08-20,-0.004960262659082004
2019-08-21,-0.004938533102005603
2019-08-22,-0.004874488074851602
2019-08-23,-0.004832104174888622
2019-08-26,-0.004928188435174144
2019-08-27,-0.004891055337594079
2019-08-28,-0.004990457771995147
2019-08-29,-0.005077788598614434
2019-08-30,-0.005122344154389349
2019-09-02,-0.005256467676158544
2019-09-03,-0.005300002942611273
2019-09-04,-0.005180699282300142
2019-09-05,-0.0052102001179318265
2019-09-06,-0.005170187923020817
2019-09-09,-0.005141779584975852
2019-09-10,-0.005136844456195557
2019-09-11,-0.005117578438418385
2019-09-12,-0.005126451223945134
2019-09-13,-0.004509328827991286
2019-09-16,-0.004585174725156631
2019-09-17,-0.004575664013401486
2019-09-18,-0.004566703172531737
2019-09-19,-0.004515345393181703
2019-09-20,-0.004514162248129013
2019-09-23,-0.0045216540416918895
2019-09-24,-0.0045455447800388845
2019-09-25,-0.004584424634662072
2019-09-26,-0.004616650095528464
2019-09-27,-0.004613817330632598
2019-09-30,-0.004603564636459635
2019-10-01,-0.004586521305801161
2019-10-02,-0.004637610282296014
2019-10-03,-0.00462490534598785
2019-10-04,-0.004624598818669923
2019-10-07,-0.004611634687908522
2019-10-08,-0.0046100311768471815
2019-10-09,-0.00460069515187583
2019-10-10,-0.004577684778038222
2019-10-11,-0.004561039914959981
2019-10-14,-0.004581692104868432
2019-10-15,-0.0044906235582097016
2019-10-16,-0.0044993688203364655
2019-10-17,-0.004487361603338181
2019-10-18,-0.0044745369389729015
2019-10-21,-0.004427672463786427
2019-10-22,-0.004443971695221753
2019-10-23,-0.004438573601476913
2019-10-24,-0.004442454818988112
2019-10-25,-0.0044159157478099115
2019-10-28,-0.004382070548140886
2019-10-29,-0.004409537499623824
2019-10-30,-0.004407863435316257
2019-10-31,-0.004627892917161092
2019-11-01,-0.004598569577984111
2019-11-04,-0.004651916325371851
2019-11-05,-0.004589000292015745
2019-11-06,-0.0046101274655058685
2019-11-07,-0.004593654239175342
2019-11-08,-0.0045818806975870124
2019-11-11,-0.004592992665416242
2019-11-12,-0.004612504937533302
2019-11-13,-0.004615993700399618
2019-11-14,-0.004593841622197291
2019-11-15,-0.004593812709817698
2019-11-18,-0.004606122129298059
2019-11-19,-0.004627504637925326
2019-11-20,-0.00464437928720752
2019-11-21,-0.004613923425538374
2019-11-22,-0.0046341782031157205
2019-11-25,-0.00464423153066831
2019-11-26,-0.004612328931962105
2019-11-27,-0.004613748439288365
2019-11-28,-0.004603578084367636
2019-11-29,-0.004589061604997554
2019-12-02,-0.0045831806002306
2019-12-03,-0.004593292371402345
2019-12-04,-0.004586020131092768
2019-12-05,-0.004593234567017626
2019-12-06,-0.004593205664825267
2019-12-09,-0.004593118958248189
2019-12-10,-0.004613398526256377
2019-12-11,-0.004603258741275878
2019-12-12,-0.004603258741275878
2019-12-13,-0.004613398526256377
2019-12-16,-0.004676310116458744
2019-12-17,-0.0046763809409845
2019-12-18,-0.004654417775802393
2019-12-19,-0.004594509291526978
2019-12-20,-0.004581924319756249
2019-12-23,-0.004572671621719073
2019-12-24,-0.00454204561896387
2019-12-26,-0.004540473214047839
2019-12-27,-0.004535573427932493
2019-12-30,-0.004533844209013176
2019-12-31,-0.004501049275380715
2020-01-02,-0.004505377246345785
2020-01-03,-0.004591993341944116
2020-01-06,-0.004595089409858965
2020-01-07,-0.0046149322952813866
2020-01-08,-0.004674970886895241
2020-01-09,-0.004574592139684676
2020-01-10,-0.004543105296994461
2020-01-13,-0.004523988802164611
2020-01-14,-0.004523756309740255
2020-01-15,-0.004533532406714691
2020-01-16,-0.004543305877829414
2020-01-17,-0.0045430514533965315
2020-01-20,-0.00453224662687194
2020-01-21,-0.004524497249052018
2020-01-22,-0.004501688683221791
2020-01-23,-0.004521477734665322
2020-01-24,-0.004578026453326699
2020-01-27,-0.00464621254470467
2020-01-28,-0.004680579126272997
2020-01-29,-0.004715203782871819
2020-01-30,-0.004739488895080354
2020-01-31,-0.004882635548391004
2020-02-03,-0.004880311212992582
2020-02-04,-0.004879750545102359
2020-02-05,-0.004825668000114752
2020-02-06,-0.004775173017557365
2020-02-07,-0.004784937248139101
2020-02-10,-0.004793757020296281
2020-02-11,-0.004813463385925819
2020-02-12,-0.004852934202604511
2020-02-13,-0.004832597742324645
2020-02-14,-0.004892630543884419
2020-02-17,-0.004888808403140738
2020-02-18,-0.004896241218540255
2020-02-19,-0.004864568712661608
2020-02-20,-0.004844021928764013
2020-02-21,-0.004843054824149079
2020-02-24,-0.004839730690299119
2020-02-25,-0.004958933622027514
2020-02-26,-0.005102709141038935
2020-02-27,-0.0051621134178278
2020-02-28,-0.005536472937321496
2020-03-02,-0.005562291530250393
2020-03-03,-0.0060775980420558024
2020-03-04,-0.006036763248881602
2020-03-05,-0.006127198854543042
2020-03-06,-0.00604885187168221
2020-03-09,-0.006142803614951689
2020-03-10,-0.006612910557069587
2020-03-11,-0.006320341529680424
2020-03-12,-0.006527283256311825
2020-03-13,-0.005596700700234569
2020-03-16,-0.005591360538775803
2020-03-17,-0.005730814987898588
2020-03-18,-0.005656391788269296
2020-03-19,-0.00539967809011906
2020-03-20,-0.005279255752838888
2020-03-23,-0.005276495861347906
2020-03-24,-0.0053452910436923235
2020-03-25,-0.0051781048933978715
2020-03-26,-0.0050858163600131364
2020-03-27,-0.005058558816513111
2020-03-30,-0.005053248871658253
2020-03-31,-0.005069087855677558
2020-04-01,-0.004962247247802676
2020-04-02,-0.004866532631674568
2020-04-03,-0.004842320350773493
2020-04-06,-0.004854692368809075
2020-04-07,-0.004779573867437814
2020-04-08,-0.004656905569704038
2020-04-09,-0.004756509196330525
2020-04-14,-0.004844584940324251
2020-04-15,-0.00493284008203041
2020-04-16,-0.004861776062842125
2020-04-17,-0.004811353086170226
2020-04-20,-0.004789838949798104
2020-04-21,-0.004786757541683319
2020-04-22,-0.004793071066701372
2020-04-23,-0.004824912212489313
2020-04-24,-0.004833833835406507
2020-04-27,-0.005194514853263708
2020-04-28,-0.005013789238772187
2020-04-29,-0.005107589484717213
2020-04-30,-0.0050265501613853385
2020-05-01,-0.005015400632572843
2020-05-04,-0.0050653760310679875
2020-05-05,-0.005040330625388845
2020-05-06,-0.005002133820801827
2020-05-07,-0.0049592986885953
2020-05-08,-0.0049682349981950815
2020-05-11,-0.004925209824143737
2020-05-12,-0.004962944473382828
2020-05-13,-0.004942515872737307
2020-05-14,-0.00493206569040448
2020-05-15,-0.0049501065263399474
2020-05-18,-0.004884691530131311
2020-05-19,-0.004892784441579182
2020-05-20,-0.004854455910218071
2020-05-21,-0.004856017483247386
2020-05-22,-0.0048696589501863235
2020-05-25,-0.004875278916857592
2020-05-26,-0.0048681920978203485
2020-05-27,-0.004831775592499753
2020-05-28,-0.004839869884893672
2020-05-29,-0.004863523920701059
2020-06-01,-0.004840851964928184
2020-06-02,-0.004842826768781042
2020-06-03,-0.004849518626331799
2020-06-04,-0.004815753764124474
2020-06-05,-0.004808089493986604
2020-06-08,-0.004782595106837141
2020-06-09,-0.004832713438452434
2020-06-10,-0.004833888334632371
2020-06-11,-0.004843553595395997
2020-06-12,-0.0048635587047560665
2020-06-15,-0.004921346214814077
2020-06-16,-0.0049201318132555995
2020-06-17,-0.004988854547011672
2020-06-18,-0.004993620499825231
2020-06-19,-0.004970836133737072
2020-06-22,-0.00499247405370728
2020-06-23,-0.0050083711299362885
2020-06-24,-0.00493689557859186
2020-06-25,-0.00493532595216728
2020-06-26,-0.004872636842810406
2020-06-29,-0.004913450695277685
2020-06-30,-0.004886920281947814
2020-07-01,-0.004844290876891618
2020-07-02,-0.004823696435422052
2020-07-03,-0.0048364319768741644
2020-07-06,-0.00487089422286786
2020-07-07,-0.004852564384713254
2020-07-08,-0.004829751369223778
2020-07-09,-0.004819125067337158
2020-07-10,-0.004809762579242863
2020-07-13,-0.004796594554332909
2020-07-14,-0.004795939540596206
2020-07-15,-0.004784492251084246
2020-07-16,-0.004802291002276312
2020-07-17,-0.004751703597898173
2020-07-20,-0.004766574322466397
2020-07-21,-0.0047455965442323444
2020-07-22,-0.004751455910051428
2020-07-23,-0.004720051392387887
2020-07-24,-0.004704979620640575
2020-07-27,-0.004706792393076648
2020-07-28,-0.004710266453829896
2020-07-29,-0.004733552239186243
2020-07-30,-0.0047565305623913975
2020-07-31,-0.004802072826023505
2020-08-03,-0.0047796285475465465
2020-08-04,-0.004778869962251276
2020-08-05,-0.0047578770549370425
2020-08-06,-0.004767157972564881
2020-08-07,-0.004766449311941475
2020-08-10,-0.004773973211951092
2020-08-11,-0.004763194285421519
2020-08-12,-0.004762095969623721
2020-08-13,-0.004751439661782641
2020-08-14,-0.004730787487382584
2020-08-17,-0.004717147741398765
2020-08-18,-0.004725911318405011
2020-08-19,-0.004733807831999619
2020-08-20,-0.004730784049778343
2020-08-21,-0.004739681520977257
2020-08-24,-0.0047319150552173036
2020-08-25,-0.004717378022694258
2020-08-26,-0.004719882469429716
2020-08-27,-0.004714640066862679
2020-08-28,-0.004738560448219874
2020-08-31,-0.004743531636141211
2020-09-01,-0.004753711768119071
2020-09-02,-0.004794569903784924
2020-09-03,-0.004831353450208741
2020-09-04,-0.004840832022350234
2020-09-07,-0.004839429253999165
2020-09-08,-0.004848991433152024
2020-09-09,-0.004816981371110708
2020-09-10,-0.004796672059693059
2020-09-11,-0.004788352555927815
2020-09-14,-0.004795998048040815
2020-09-15,-0.004804455888931811
2020-09-16,-0.004792191372790397
2020-09-17,-0.004810355244952536
2020-09-18,-0.004797085582163472
2020-09-21,-0.00479488818682773
2020-09-22,-0.004803408438779848
2020-09-23,-0.004795917478328416
2020-09-24,-0.004790311390317311
2020-09-25,-0.004781419672926839
2020-09-28,-0.004763739904296085
2020-09-29,-0.004767138597051663
2020-09-30,-0.004770229737757814
2020-10-01,-0.00477086062301948
2020-10-02,-0.004777787400430014
2020-10-05,-0.004764389479685889
2020-10-06,-0.004770971296758773
2020-10-07,-0.004774412620407907
2020-10-08,-0.004785509456515068
2020-10-09,-0.004792879872008625
2020-10-12,-0.004801384925208716
2020-10-13,-0.004800103776212118
2020-10-14,-0.004768839730859462
2020-10-15,-0.0048052096022551906
2020-10-16,-0.004801565144465786
2020-10-19,-0.004787184562577185
2020-10-20,-0.004760006466691202
2020-10-21,-0.004751870236917451
2020-10-22,-0.004770402120858031
2020-10-23,-0.004773430099736499
2020-10-26,-0.004762997964715956
2020-10-27,-0.004750825735188493
2020-10-28,-0.004759635187137982
2020-10-29,-0.004779033863023732
2020-10-30,-0.00475411001972115
2020-11-02,-0.0048459718723200765
2020-11-03,-0.004872086843786253
2020-11-04,-0.004850571522612907
2020-11-05,-0.004847257111524374
2020-11-06,-0.00483679462272952
2020-11-09,-0.004830742441568506
2020-11-10,-0.004837564763629649
2020-11-11,-0.004825296978787306
2020-11-12,-0.004827132389815102
2020-11-13,-0.0048271004661318275
2020-11-16,-0.004827004702399913
2020-11-17,-0.004843877245646607
2020-11-18,-0.00484271819939202
2020-11-19,-0.004840739622991563
2020-11-20,-0.004843104971088304
2020-11-23,-0.004836922968119084
2020-11-24,-0.004836890918054087
2020-11-25,-0.004844102949260069
2020-11-26,-0.004838276039501625
2020-11-27,-0.0048440393971686925
2020-11-30,-0.004826557849639184
2020-12-01,-0.004855499302665456
2020-12-02,-0.004854018439771586
2020-12-03,-0.0048597814002538
2020-12-04,-0.004872786973451033
2020-12-07,-0.004846614125302233
2020-12-08,-0.004877033628173292
2020-12-09,-0.004877033628173292
2020-12-10,-0.004856753957624378
2020-12-11,-0.0048668937919108726
2020-12-14,-0.005290123586991751
2020-12-15,-0.0052695468200505925
2020-12-16,-0.005136372815759664
2020-12-17,-0.005115799284518556
2020-12-18,-0.0051034568805761885
2020-12-21,-0.005142262191490113
2020-12-22,-0.00512126504890564
2020-12-23,-0.0050811527738088965
2020-12-24,-0.005080571679365387
2020-12-28,-0.005068113448061347
2020-12-29,-0.005081691696105898
2020-12-30,-0.005093831241850606
2020-12-31,-0.00509863199123867
2021-01-04,-0.0051471543372393685
2021-01-05,-0.005126728751220964
2021-01-06,-0.005080673129506991
2021-01-07,-0.005051404450593739
2021-01-08,-0.005024918018595665
2021-01-11,-0.005031201452159466
2021-01-12,-0.004962940912134496
2021-01-13,-0.00502077582755987
2021-01-14,-0.0050911296528297996
2021-01-15,-0.00510268978584441
2021-01-18,-0.005071002434234765
2021-01-19,-0.005050655419897825
2021-01-20,-0.005020246074050983
2021-01-21,-0.004999539226687094
2021-01-22,-0.0049889189357048
2021-01-25,-0.005044827894267979
2021-01-26,-0.00503667311242603
2021-01-27,-0.005184614486568997
2021-01-28,-0.005224090356586166
2021-01-29,-0.005132812172439953
2021-02-01,-0.005126758080172486
2021-02-02,-0.005100683135002182
2021-02-03,-0.005050194183484117
2021-02-04,-0.005040293688233853
2021-02-05,-0.005020038784278881
2021-02-08,-0.005009953990825343
2021-02-09,-0.005019934211069668
2021-02-10,-0.005029922312719737
2021-02-11,-0.0050426856694604965
2021-02-12,-0.005032373197656883
2021-02-15,-0.004999656180946589
2021-02-16,-0.004969367206305139
2021-02-17,-0.004989478349943021
2021-02-18,-0.004969650602961794
2021-02-19,-0.004949293224756205
2021-02-22,-0.004957403051941229
2021-02-23,-0.004908138399234539
2021-02-24,-0.004936816100936428
2021-02-25,-0.004875250860669935
2021-02-26,-0.004874983363275761
2021-03-01,-0.0049135633154234444
2021-03-02,-0.004913437463822046
2021-03-03,-0.004903339290640612
2021-03-04,-0.004914102265894268
2021-03-05,-0.004918677740448053
2021-03-08,-0.004914713868317844
2021-03-09,-0.004904712731696235
2021-03-10,-0.00490472096821863
2021-03-11,-0.0048981856810842075
2021-03-12,-0.004885566193262763
2021-03-15,-0.004895884270721336
2021-03-16,-0.004907221773444311
2021-03-17,-0.004887087876058467
2021-03-18,-0.00487743940101709
2021-03-19,-0.004897065464942021
2021-03-22,-0.004895896353746419
2021-03-23,-0.004904485060585315
2021-03-24,-0.004903748483003724
2021-03-25,-0.00492457965706382
2021-03-26,-0.004941930510159196
2021-03-29,-0.004949983336686891
2021-03-30,-0.004932598368718797
2021-03-31,-0.004945943391682275
2021-04-01,-0.004946223201391302
2021-04-06,-0.004955551359003737
2021-04-07,-0.004949676789590836
2021-04-08,-0.0049729099621655245
2021-04-09,-0.004965462108210616
2021-04-12,-0.00493539146573049
2021-04-13,-0.0049373489301887275
2021-04-14,-0.004925024164766491
2021-04-15,-0.004928076319511279
2021-04-16,-0.004926178218277508
2021-04-19,-0.004904983496174202
2021-04-20,-0.004914621770115285
2021-04-21,-0.0049242118174665835
2021-04-22,-0.004923127571664094
2021-04-23,-0.004922377707896967
2021-04-26,-0.004919833118001593
2021-04-27,-0.004911732109870065
2021-04-28,-0.004918550600120479
2021-04-29,-0.004917878525294205
2021-04-30,-0.004923799058864878
2021-05-03,-0.004918880326710082
2021-05-04,-0.004913742399914972
2021-05-05,-0.004893526446936301
2021-05-06,-0.004913185219580049
2021-05-07,-0.004903135906008029
2021-05-10,-0.004906448997024922
2021-05-11,-0.0048810586110369725
2021-05-12,-0.004883097748780329
2021-05-13,-0.004900422190141146
2021-05-14,-0.0048926195991811465
2021-05-17,-0.0048824098614267475
2021-05-18,-0.004903063129134405
2021-05-19,-0.004882641313140576
2021-05-20,-0.004862219797770938
2021-05-21,-0.004871320004129731
2021-05-24,-0.004850101689192243
2021-05-25,-0.004859422182921516
2021-05-26,-0.004858946156731326
2021-05-27,-0.00484853416986461
2021-05-28,-0.00485072620335882
2021-05-31,-0.0048852199504501636
2021-06-01,-0.00486565635651037
2021-06-02,-0.004871401735104819
2021-06-03,-0.004876900326523052
2021-06-04,-0.004883245161043869
2021-06-07,-0.004868254952738829
2021-06-08,-0.004869169943425858
2021-06-09,-0.004865770008389813
2021-06-10,-0.00487925168612573
2021-06-11,-0.004890809136992692
2021-06-14,-0.004850615387096322
2021-06-15,-0.004861184357568896
2021-06-16,-0.004850135613186442
2021-06-17,-0.0048335585586056105
2021-06-18,-0.004833561654404958
2021-06-21,-0.0048320703423606875
2021-06-22,-0.0048221776735049545
2021-06-23,-0.004830949195794586
2021-06-24,-0.004830390329447356
2021-06-25,-0.004844037471784896
2021-06-28,-0.004835421305947391
2021-06-29,-0.004841591685889361
2021-06-30,-0.004856991257597599
2021-07-01,-0.004840944467345502
2021-07-02,-0.0048506643657114865
2021-07-05,-0.004831010661612278
2021-07-06,-0.004830502938812005
2021-07-07,-0.00483178230168543
2021-07-08,-0.0048427114311798865
2021-07-09,-0.004839250019472696
2021-07-12,-0.004841699607130042
2021-07-13,-0.004818205232971119
2021-07-14,-0.00482397820960333
2021-07-15,-0.00484297153000946
2021-07-16,-0.004843380332923873
2021-07-19,-0.004846402665124419
2021-07-20,-0.004845740512038832
2021-07-21,-0.004835309451925934
2021-07-22,-0.004843438825273392
2021-07-23,-0.004853233805508162
2021-07-26,-0.004835219259639345
2021-07-27,-0.004837606574790984
2021-07-28,-0.0048563856542590145
2021-07-29,-0.004845327444679673
2021-07-30,-0.004834232078211637
2021-08-02,-0.004868208758059859
2021-08-03,-0.004857931548607971
2021-08-04,-0.004878918973593335
2021-08-05,-0.004883985076196758
2021-08-06,-0.004883839455280343
2021-08-09,-0.004875705279621394
2021-08-10,-0.004865813588049575
2021-08-11,-0.004878053515751824
2021-08-12,-0.004887644099688508
2021-08-13,-0.004887223280542291
2021-08-16,-0.004888817221832459
2021-08-17,-0.004909129419509457
2021-08-18,-0.0049119724306590845
2021-08-19,-0.004901293622674718
2021-08-20,-0.004910585158408037
2021-08-23,-0.004907816132637421
2021-08-24,-0.004906893124047215
2021-08-25,-0.004905611720980945
2021-08-26,-0.004894896660806848
2021-08-27,-0.004904256476864064
2021-08-30,-0.004871446397525942
2021-08-31,-0.004899785501498004
2021-09-01,-0.004902376050961844
2021-09-02,-0.004927959006754552
2021-09-03,-0.004902288700323576
2021-09-06,-0.004924825635061883
2021-09-07,-0.004921474356652446
2021-09-08,-0.004920347768305758
2021-09-09,-0.004924432645760102
2021-09-10,-0.00491815290262594
2021-09-13,-0.004908377121120891
2021-09-14,-0.004921497052567936
2021-09-15,-0.004912763640324634
2021-09-16,-0.004920863199960904
2021-09-17,-0.004903935450587676
2021-09-20,-0.0049265132774809275
2021-09-21,-0.00492456415266263
2021-09-22,-0.0049152812149169485
2021-09-23,-0.004923720880972374
2021-09-24,-0.004894025155267677
2021-09-27,-0.004890117734398354
2021-09-28,-0.004889109768693929
2021-09-29,-0.004895097669955916
2021-09-30,-0.004890471886017662
2021-10-01,-0.00487101125030938
2021-10-04,-0.0048477559782980646
2021-10-05,-0.004877392153587862
2021-10-06,-0.004847184114403566
2021-10-07,-0.004867923739647463
2021-10-08,-0.004870204349945893
2021-10-11,-0.0048545292865409175
2021-10-12,-0.0048537602810291075
2021-10-13,-0.004852925089484818
2021-10-14,-0.004859511387112538
2021-10-15,-0.004868154777452982
2021-10-18,-0.004871288933290357
2021-10-19,-0.004850021464087128
2021-10-20,-0.0048586660645660714
2021-10-21,-0.004856103128788107
2021-10-22,-0.004863346788248858
2021-10-25,-0.004853320145201219
2021-10-26,-0.004851733841941537
2021-10-27,-0.004841262074950923
2021-10-28,-0.0048282244577276855
2021-10-29,-0.004834865271114266
2021-11-01,-0.00488836316503297
2021-11-02,-0.004914515021045212
2021-11-03,-0.004920365281186176
2021-11-04,-0.004925015039655537
2021-11-05,-0.004926129719392445
2021-11-08,-0.004937952911391132
2021-11-09,-0.004938650149320497
2021-11-10,-0.004949554021447404
2021-11-11,-0.004954518027724625
2021-11-12,-0.004960426984299694
2021-11-15,-0.004970426466755297
2021-11-16,-0.004974295826822994
2021-11-17,-0.004983469998859606
2021-11-18,-0.0049894244336822855
2021-11-19,-0.004989390327163792
2021-11-22,-0.0049960492213266235
2021-11-23,-0.004999395721357366
2021-11-24,-0.005002742221388109
2021-11-25,-0.005008547344138356
2021-11-26,-0.005010449403228415
2021-11-29,-0.005019474721541825
2021-11-30,-0.005017991515272928
2021-12-01,-0.00501650830900403
2021-12-02,-0.005020820428621796
2021-12-03,-0.005022234887829755
2021-12-06,-0.005871077676970257
2021-12-07,-0.005872479034328143
2021-12-08,-0.005873880391686028
2021-12-09,-0.005069831737035305
2021-12-10,-0.005069796525713813
2021-12-13,-0.005069690891749339
2021-12-14,-0.005069690891749339
2021-12-15,-0.005069690891749339
2021-12-16,-0.005079830767437311
2021-12-17,-0.005069690891749339
2021-12-20,-0.004891710623752892
2021-12-21,-0.004861330617067641
2021-12-22,-0.00480181871020897
2021-12-23,-0.004801922008214003
2021-12-24,-0.004802520747746427
2021-12-27,-0.0046947241984196
2021-12-28,-0.004677903542587395
2021-12-29,-0.004678682641775066
2021-12-30,-0.004679461740962738
2021-12-31,-0.004687008551582713
2022-01-03,-0.004635337033445729
2022-01-04,-0.004646054831270349
2022-01-05,-0.004656716494688954
2022-01-06,-0.0046783558804804354
2022-01-07,-0.004657384985531899
2022-01-10,-0.004652082887383711
2022-01-11,-0.004582077841722099
2022-01-12,-0.00459022338452059
2022-01-13,-0.004532382091296271
2022-01-14,-0.0045341723995680275
2022-01-17,-0.004497445281440593
2022-01-18,-0.0044167843221108605
2022-01-19,-0.004426655513777207
2022-01-20,-0.004439626993540025
2022-01-21,-0.0044926182532875536
2022-01-24,-0.004571718967312501
2022-01-25,-0.004544118144563709
2022-01-26,-0.004525765619343313
2022-01-27,-0.0044957248640430944
2022-01-28,-0.00442377574671237
2022-01-31,-0.004355181691988116
2022-02-01,-0.0042405513967724694
2022-02-02,-0.004186722144208011
2022-02-03,-0.004162637604519706
2022-02-04,-0.003485449705532895
2022-02-07,-0.003503547982338498
2022-02-08,-0.0035066783119674363
2022-02-09,-0.003697320464677463
2022-02-10,-0.0036710227893239373
2022-02-11,-0.0031811549314530166
2022-02-14,-0.003438697051800226
2022-02-15,-0.0034272504505780664
2022-02-16,-0.0034757910582439056
2022-02-17,-0.0037605489765980614
2022-02-18,-0.0038711851892995752
2022-02-21,-0.0039244022546818325
2022-02-22,-0.003982299127606515
2022-02-23,-0.0037918151231921896
2022-02-24,-0.004024962543232149
2022-02-25,-0.004979912603078408
2022-02-28,-0.005182887892703588
2022-03-01,-0.005430974901787021
2022-03-02,-0.005164331996088078
2022-03-03,-0.005142519893077118
2022-03-04,-0.005224372264267734
2022-03-07,-0.005349763836026219
2022-03-08,-0.005152607863601682
2022-03-09,-0.004930553717573063
2022-03-10,-0.004658872271809197
2022-03-11,-0.004608963636648748
2022-03-14,-0.004556313141589102
2022-03-15,-0.004567637327544628
2022-03-16,-0.004574562202797791
2022-03-17,-0.004567699116444016
2022-03-18,-0.004517418426342483
2022-03-21,-0.004532287703940661
2022-03-22,-0.0044160542215752425
2022-03-23,-0.004425657982481946
2022-03-24,-0.004333151466378817
2022-03-25,-0.004259659944171266
2022-03-28,-0.00411940003261392
2022-03-29,-0.003927835934155539
2022-03-30,-0.0037994654434445794
2022-03-31,-0.004072216058025291
2022-04-01,-0.004090300832010462
2022-04-04,-0.0042648094782436145
2022-04-05,-0.004188244784454037
2022-04-06,-0.004151379699670998
2022-04-07,-0.00399236213832919
2022-04-08,-0.003844059535728668
2022-04-11,-0.00366207206026215
2022-04-12,-0.003795736672590572
2022-04-13,-0.003724667290498211
2022-04-14,-0.0037464024522628125
2022-04-19,-0.003824420109234438
2022-04-20,-0.0038351086377994576
2022-04-21,-0.003845058589527856
2022-04-22,-0.0038553778296745657
2022-04-25,-0.0038945418418482565
2022-04-26,-0.0039020086256758933
2022-04-27,-0.0039099283377545925
2022-04-28,-0.0039172932705548195
2022-04-29,-0.003927612510701528
2022-05-02,-0.003955668913610919
2022-05-03,-0.0039774122711148194
2022-05-04,-0.003982451407974862
2022-05-05,-0.003987138631262353
2022-05-06,-0.003997628537146164
2022-05-09,-0.004029098254797597
2022-05-10,-0.004056093223057539
2022-05-11,-0.00405841942279743
2022-05-12,-0.004060567972449031
2022-05-13,-0.0040710578783328425
2022-05-16,-0.004102527595984276
2022-05-17,-0.004134774175000259
2022-05-18,-0.004134387437619998
2022-05-19,-0.004133997313635709
2022-05-20,-0.004148974401305982
2022-05-23,-0.004191831663032516
2022-05-24,-0.0042294887160559
2022-05-25,-0.004232244614247171
2022-05-26,-0.004242724206653442
2022-05-27,-0.0042538140149978925
2022-05-30,-0.004293041774476929
2022-05-31,-0.00432905224652224
2022-06-01,-0.004334905896480905
2022-06-02,-0.004341160294904388
2022-06-03,-0.004371723704275492
2022-06-06,-0.00440034971812401
2022-06-07,-0.004426191282283229
2022-06-08,-0.004435165125911357
2022-06-09,-0.004444741785538727
2022-06-10,-0.004482662686574058
2022-06-13,-0.00450393120875835
2022-06-14,-0.00452333031804422
2022-06-15,-0.004535424355341811
2022-06-16,-0.004548323276173067
2022-06-17,-0.004593601668872623
2022-06-20,-0.004606272433261182
2022-06-21,-0.004618880238222322
2022-06-22,-0.00463196268553959
2022-06-23,-0.00464504513285686
2022-06-24,-0.004679261345736142
2022-06-27,-0.004701172060974966
2022-06-28,-0.004710457369443204
2022-06-29,-0.004723539816760472
2022-06-30,-0.004736622264077741
2022-07-01,-0.004750707315400223
2022-07-04,-0.004790750139447527
2022-07-05,-0.0047966702596891645
2022-07-06,-0.004810135867076071
2022-07-07,-0.004833812807687955
2022-07-08,-0.0048418945450635215
2022-07-11,-0.004888310541781924
2022-07-12,-0.004890929511397506
2022-07-13,-0.004904395118784413
2022-07-14,-0.004922115448348393
2022-07-15,-0.004933081774726821
2022-07-18,-0.004985870944116321
2022-07-19,-0.004985188763105848
2022-07-20,-0.00499426088830884
2022-07-21,-0.005002655099151773
2022-07-22,-0.005011388267174736
2022-07-25,-0.00504487707372112
2022-07-26,-0.0050512315908043835
2022-07-27,-0.00505776576472978
2022-07-28,-0.00506378727531251
2022-07-29,-0.005072520443335472
2022-08-01,-0.005119012065423654
2022-08-02,-0.0051229328410407286
2022-08-03,-0.0051437257595423344
2022-08-04,-0.005148261070934847
2022-08-05,-0.005152449429169631
2022-08-08,-0.005185582626077321
2022-08-09,-0.005191804880008168
2022-08-10,-0.005217709691212695
2022-08-11,-0.005219605205610035
2022-08-12,-0.005221321468137072
2022-08-15,-0.005252153186730987
2022-08-16,-0.005260676918975609
2022-08-17,-0.005291693622883055
2022-08-18,-0.0052909493402852215
2022-08-19,-0.0052901935071045115
2022-08-22,-0.005318984588308864
2022-08-23,-0.005328581615376981
2022-08-24,-0.005354345962691019
2022-08-25,-0.005355790787125211
2022-08-26,-0.005362852366890301
2022-08-29,-0.005386163777785685
2022-08-30,-0.005395760804853802
2022-08-31,-0.005439206339336486
2022-09-01,-0.005443397452764375
2022-09-02,-0.005447900644648474
2022-09-05,-0.005481695031265037
2022-09-06,-0.005492959826803892
2022-09-07,-0.005512962697563201
2022-09-08,-0.005519621509003951
2022-09-09,-0.005526754213420455
2022-09-12,-0.0055605486000370186
2022-09-13,-0.0055718133955758725
2022-09-14,-0.005586719055789917
2022-09-15,-0.005595845565243528
2022-09-16,-0.005605607782192436
2022-09-19,-0.005639402168809
2022-09-20,-0.00564213509386714
2022-09-21,-0.005644580330897299
2022-09-22,-0.0056471694119414485
2022-09-23,-0.005649758492985598
2022-09-26,-0.00565959928328215
2022-09-27,-0.005661265569274124
2022-09-28,-0.005662703898206345
2022-09-29,-0.005665292979250495
2022-09-30,-0.005667882060294644
2022-10-03,-0.005651597236848153
2022-10-04,-0.005653065746533122
2022-10-05,-0.005654313828075539
2022-10-06,-0.005658796740365392
2022-10-07,-0.005667530725993189
2022-10-10,-0.005685893931774876
2022-10-11,-0.005685861371014099
2022-10-12,-0.005685694214104512
2022-10-13,-0.005690177126394366
2022-10-14,-0.005696431319241695
2022-10-17,-0.005720190626701599
2022-10-18,-0.005718656995495076
2022-10-19,-0.005717074600133485
2022-10-20,-0.0057150687009605875
2022-10-21,-0.005712800941759392
2022-10-24,-0.005705486054349831
2022-10-25,-0.005703824385920531
2022-10-26,-0.005703926083555414
2022-10-27,-0.005701027406750305
