Bonds,,Date,DE000A14J587,XS0214238239,DE000A1MA9H4,DE000A1R08U3
DE000A14J587,,10/12/2011,NA,101.92,NA,NA
XS0214238239,,10/13/2011,NA,102.92,NA,NA
DE000A1MA9H4,,10/14/2011,NA,102.76,NA,NA
DE000A1R08U3,,10/17/2011,NA,103.19,NA,NA
,,10/18/2011,NA,103.35,NA,NA
,,10/19/2011,NA,103.09,NA,NA
,,10/20/2011,NA,103.15,NA,NA
,,10/21/2011,NA,103.16,NA,NA
,,10/24/2011,NA,103.27,NA,NA
,,10/25/2011,NA,103.42,NA,NA
,,10/26/2011,NA,103.7,NA,NA
,,10/27/2011,NA,103.34,NA,NA
,,10/28/2011,NA,103.55,NA,NA
,,10/31/2011,NA,103.88,NA,NA
,,11/1/2011,NA,103.98,NA,NA
,,11/2/2011,NA,103.89,NA,NA
,,11/3/2011,NA,103.22,NA,NA
,,11/4/2011,NA,103.42,NA,NA
,,11/7/2011,NA,103.73,NA,NA
,,11/8/2011,NA,103.75,NA,NA
,,11/9/2011,NA,103.73,NA,NA
,,11/10/2011,NA,103.59,NA,NA
,,11/11/2011,NA,103.48,NA,NA
,,11/14/2011,NA,103.77,NA,NA
,,11/15/2011,NA,103.84,NA,NA
,,11/16/2011,NA,103.67,NA,NA
,,11/17/2011,NA,103.62,NA,NA
,,11/18/2011,NA,103.38,NA,NA
,,11/21/2011,NA,103.45,NA,NA
,,11/22/2011,NA,103.35,NA,NA
,,11/23/2011,NA,102.82,NA,NA
,,11/24/2011,NA,102.34,NA,NA
,,11/25/2011,NA,102.47,NA,NA
,,11/28/2011,NA,102.22,NA,NA
,,11/29/2011,NA,102.26,NA,NA
,,11/30/2011,NA,102.49,NA,NA
,,12/1/2011,NA,102.83,NA,NA
,,12/2/2011,NA,102.89,NA,NA
,,12/5/2011,NA,102.74,NA,NA
,,12/6/2011,NA,102.58,NA,NA
,,12/7/2011,NA,102.64,NA,NA
,,12/8/2011,NA,102.84,NA,NA
,,12/9/2011,NA,102.61,NA,NA
,,12/12/2011,NA,102.7,NA,NA
,,12/13/2011,NA,102.6,NA,NA
,,12/14/2011,NA,102.72,NA,NA
,,12/15/2011,NA,102.71,NA,NA
,,12/16/2011,NA,102.76,NA,NA
,,12/19/2011,NA,102.77,NA,NA
,,12/20/2011,NA,102.75,NA,NA
,,12/21/2011,NA,102.79,NA,NA
,,12/22/2011,NA,102.74,NA,NA
,,12/23/2011,NA,102.7,NA,NA
,,12/26/2011,NA,102.7,NA,NA
,,12/27/2011,NA,102.87,NA,NA
,,12/28/2011,NA,102.86,NA,NA
,,12/29/2011,NA,102.95,NA,NA
,,12/30/2011,NA,102.99,NA,NA
,,1/2/2012,NA,102.91,NA,NA
,,1/3/2012,NA,103.13,NA,NA
,,1/4/2012,NA,103.32,NA,NA
,,1/5/2012,NA,103.4,NA,NA
,,1/6/2012,NA,103.4,NA,NA
,,1/9/2012,NA,103.42,NA,NA
,,1/10/2012,NA,103.38,NA,NA
,,1/11/2012,NA,103.44,NA,NA
,,1/12/2012,NA,103.42,NA,NA
,,1/13/2012,NA,103.47,NA,NA
,,1/16/2012,NA,103.58,NA,NA
,,1/17/2012,NA,103.5,NA,NA
,,1/18/2012,NA,103.59,NA,NA
,,1/19/2012,NA,103.67,NA,NA
,,1/20/2012,NA,103.82,NA,NA
,,1/23/2012,NA,103.89,NA,NA
,,1/24/2012,NA,103.87,NA,NA
,,1/25/2012,NA,104.1,NA,NA
,,1/26/2012,NA,104.24,NA,NA
,,1/27/2012,NA,104.39,NA,NA
,,1/30/2012,NA,104.66,NA,NA
,,1/31/2012,NA,104.88,NA,NA
,,2/1/2012,NA,105.12,NA,NA
,,2/2/2012,NA,105.15,NA,NA
,,2/3/2012,NA,105.15,NA,NA
,,2/6/2012,NA,105.22,NA,NA
,,2/7/2012,NA,105.14,NA,NA
,,2/8/2012,NA,105.11,NA,NA
,,2/9/2012,NA,104.97,NA,NA
,,2/10/2012,NA,104.9,NA,NA
,,2/13/2012,NA,104.92,NA,NA
,,2/14/2012,NA,104.89,NA,NA
,,2/15/2012,NA,104.89,NA,NA
,,2/16/2012,NA,104.82,NA,NA
,,2/17/2012,NA,104.76,NA,NA
,,2/20/2012,NA,104.82,NA,NA
,,2/21/2012,NA,104.71,NA,NA
,,2/22/2012,NA,104.82,NA,NA
,,2/23/2012,NA,104.91,101.7,NA
,,2/24/2012,NA,104.94,102.46,NA
,,2/27/2012,NA,105.04,102.54,NA
,,2/28/2012,NA,105.04,102.6,NA
,,2/29/2012,NA,105.07,102.63,NA
,,3/1/2012,NA,105.06,102.45,NA
,,3/2/2012,NA,105.15,102.59,NA
,,3/5/2012,NA,105.09,102.33,NA
,,3/6/2012,NA,104.98,101.89,NA
,,3/7/2012,NA,104.91,101.67,NA
,,3/8/2012,NA,105.05,101.87,NA
,,3/9/2012,NA,105.15,102.03,NA
,,3/12/2012,NA,105.19,102.28,NA
,,3/13/2012,NA,105.08,102.24,NA
,,3/14/2012,NA,104.85,102.04,NA
,,3/15/2012,NA,104.71,102.05,NA
,,3/16/2012,NA,104.6,101.97,NA
,,3/19/2012,NA,104.56,102.16,NA
,,3/20/2012,NA,104.53,102.1,NA
,,3/21/2012,NA,104.56,102.18,NA
,,3/22/2012,NA,104.62,102.25,NA
,,3/23/2012,NA,104.62,102.21,NA
,,3/26/2012,NA,104.7,102.08,NA
,,3/27/2012,NA,104.62,102.25,NA
,,3/28/2012,NA,104.68,102.42,NA
,,3/29/2012,NA,104.69,102.5,NA
,,3/30/2012,NA,104.69,102.33,NA
,,4/2/2012,NA,104.71,102.41,NA
,,4/3/2012,NA,104.69,102.47,NA
,,4/4/2012,NA,104.71,102.4,NA
,,4/5/2012,NA,104.69,102.41,NA
,,4/6/2012,NA,104.69,102.41,NA
,,4/9/2012,NA,104.69,102.41,NA
,,4/10/2012,NA,104.58,102.47,NA
,,4/11/2012,NA,104.42,102.24,NA
,,4/12/2012,NA,104.45,102.08,NA
,,4/13/2012,NA,104.4,102.26,NA
,,4/16/2012,NA,104.47,102.01,NA
,,4/17/2012,NA,104.49,101.97,NA
,,4/18/2012,NA,104.5,102.01,NA
,,4/19/2012,NA,104.52,101.99,NA
,,4/20/2012,NA,104.43,101.89,NA
,,4/23/2012,NA,104.53,101.96,NA
,,4/24/2012,NA,104.52,101.86,NA
,,4/25/2012,NA,104.49,101.82,NA
,,4/26/2012,NA,104.58,102.03,NA
,,4/27/2012,NA,104.63,102.12,NA
,,4/30/2012,NA,104.72,102.33,NA
,,5/1/2012,NA,104.51,102.18,NA
,,5/2/2012,NA,104.76,102.52,NA
,,5/3/2012,NA,104.81,102.63,NA
,,5/4/2012,NA,104.85,102.75,NA
,,5/7/2012,NA,104.92,103.01,NA
,,5/8/2012,NA,104.84,102.97,NA
,,5/9/2012,NA,104.83,103.09,NA
,,5/10/2012,NA,104.83,103.1,NA
,,5/11/2012,NA,104.82,103.08,NA
,,5/14/2012,NA,104.89,103.12,NA
,,5/15/2012,NA,104.9,103.07,NA
,,5/16/2012,NA,104.8,102.6,NA
,,5/17/2012,NA,104.79,102.51,NA
,,5/18/2012,NA,104.65,102.5,NA
,,5/21/2012,NA,104.52,102.52,NA
,,5/22/2012,NA,104.51,102.47,NA
,,5/23/2012,NA,104.64,102.49,NA
,,5/24/2012,NA,104.42,102.3,NA
,,5/25/2012,NA,104.29,102.13,NA
,,5/28/2012,NA,104.36,102.14,NA
,,5/29/2012,NA,104.39,102.23,NA
,,5/30/2012,NA,104.39,102.2,NA
,,5/31/2012,NA,104.41,102.1,NA
,,6/1/2012,NA,104.29,101.9,NA
,,6/4/2012,NA,104.12,101.78,NA
,,6/5/2012,NA,104.06,101.75,NA
,,6/6/2012,NA,103.97,101.26,NA
,,6/7/2012,NA,103.12,99.69,NA
,,6/8/2012,NA,102.18,98.46,NA
,,6/11/2012,NA,101.87,98.23,NA
,,6/12/2012,NA,101.08,96.65,NA
,,6/13/2012,NA,100.31,95.81,NA
,,6/14/2012,NA,99.91,95.8,NA
,,6/15/2012,NA,100.04,96.54,NA
,,6/18/2012,NA,100.68,98.77,NA
,,6/19/2012,NA,100.95,99.79,NA
,,6/20/2012,NA,101.13,100.67,NA
,,6/21/2012,NA,101.45,100.61,NA
,,6/22/2012,NA,101.89,100.42,NA
,,6/25/2012,NA,102.02,100.66,NA
,,6/26/2012,NA,102,100.61,NA
,,6/27/2012,NA,102.07,100.36,NA
,,6/28/2012,NA,102.19,100.26,NA
,,6/29/2012,NA,102.47,100.44,NA
,,7/2/2012,NA,102.84,100.85,NA
,,7/3/2012,NA,103.03,101.33,NA
,,7/4/2012,NA,103.22,101.56,NA
,,7/5/2012,NA,103.2,101.55,NA
,,7/6/2012,NA,103.39,101.75,NA
,,7/9/2012,NA,103.55,101.76,NA
,,7/10/2012,NA,103.51,101.94,NA
,,7/11/2012,NA,103.6,101.87,NA
,,7/12/2012,NA,103.85,102.1,NA
,,7/13/2012,NA,104.02,102.18,NA
,,7/16/2012,NA,103.99,102.3,NA
,,7/17/2012,NA,103.98,102.42,NA
,,7/18/2012,NA,104.21,102.76,NA
,,7/19/2012,NA,104.28,102.93,NA
,,7/20/2012,NA,104.4,103.13,NA
,,7/23/2012,NA,104.33,103.02,NA
,,7/24/2012,NA,104.44,102.78,NA
,,7/25/2012,NA,104.55,102.79,NA
,,7/26/2012,NA,104.69,102.86,NA
,,7/27/2012,NA,104.57,102.9,NA
,,7/30/2012,NA,104.7,103.13,NA
,,7/31/2012,NA,104.82,103.48,NA
,,8/1/2012,NA,104.85,103.5,NA
,,8/2/2012,NA,104.88,103.61,NA
,,8/3/2012,NA,104.83,102.76,NA
,,8/6/2012,NA,105.04,103.01,NA
,,8/7/2012,NA,105.1,103.2,NA
,,8/8/2012,NA,105.15,103.22,NA
,,8/9/2012,NA,105.1,103.4,NA
,,8/10/2012,NA,105.12,103.66,NA
,,8/13/2012,NA,105.18,103.68,NA
,,8/14/2012,NA,105.17,103.7,NA
,,8/15/2012,NA,105.12,103.68,NA
,,8/16/2012,NA,105.28,103.67,NA
,,8/17/2012,NA,105.6,103.81,NA
,,8/20/2012,NA,105.69,103.94,NA
,,8/21/2012,NA,105.75,104.24,NA
,,8/22/2012,NA,105.62,104.2,NA
,,8/23/2012,NA,105.54,104.13,NA
,,8/24/2012,NA,105.53,103.95,NA
,,8/27/2012,NA,105.46,104.03,NA
,,8/28/2012,NA,105.43,103.97,NA
,,8/29/2012,NA,105.47,103.87,NA
,,8/30/2012,NA,105.44,103.64,NA
,,8/31/2012,NA,105.39,103.3,NA
,,9/3/2012,NA,105.38,103.18,NA
,,9/4/2012,NA,105.27,103.2,NA
,,9/5/2012,NA,105.22,103.05,NA
,,9/6/2012,NA,105.15,102.86,NA
,,9/7/2012,NA,105.04,102.89,NA
,,9/10/2012,NA,105.13,102.92,NA
,,9/11/2012,NA,105.1,102.8,NA
,,9/12/2012,NA,104.99,102.68,NA
,,9/13/2012,NA,104.98,102.76,NA
,,9/14/2012,NA,104.97,102.85,NA
,,9/17/2012,NA,105.03,102.87,NA
,,9/18/2012,NA,105.2,102.94,NA
,,9/19/2012,NA,105.22,102.94,NA
,,9/20/2012,NA,105.28,103.08,NA
,,9/21/2012,NA,105.22,102.89,NA
,,9/24/2012,NA,105.17,102.86,NA
,,9/25/2012,NA,105.12,102.71,NA
,,9/26/2012,NA,104.94,102.38,NA
,,9/27/2012,NA,104.87,102.11,NA
,,9/28/2012,NA,104.98,102.08,NA
,,10/1/2012,NA,104.95,102.18,NA
,,10/2/2012,NA,104.98,102.41,NA
,,10/3/2012,NA,105.03,102.77,NA
,,10/4/2012,NA,105.18,103.41,NA
,,10/5/2012,NA,105.18,103.87,NA
,,10/8/2012,NA,105.34,103.99,NA
,,10/9/2012,NA,105.44,104.39,NA
,,10/10/2012,NA,105.53,104.31,NA
,,10/11/2012,NA,105.85,104.72,NA
,,10/12/2012,NA,106.08,105.21,NA
,,10/15/2012,NA,106.23,105.34,NA
,,10/16/2012,NA,106.16,105.45,NA
,,10/17/2012,NA,106.3,105.73,NA
,,10/18/2012,NA,106.3,106.04,NA
,,10/19/2012,NA,106.41,106.09,NA
,,10/22/2012,NA,106.34,106.02,NA
,,10/23/2012,NA,106.29,106.08,NA
,,10/24/2012,NA,106.25,106.06,NA
,,10/25/2012,NA,106.18,106.11,NA
,,10/26/2012,NA,106.1,106.14,NA
,,10/29/2012,NA,106.09,106.03,NA
,,10/30/2012,NA,106.05,105.94,NA
,,10/31/2012,NA,106.13,106.03,NA
,,11/1/2012,NA,106.16,105.89,NA
,,11/2/2012,NA,106.17,106.07,NA
,,11/5/2012,NA,106.19,106.15,NA
,,11/6/2012,NA,106.2,106.14,NA
,,11/7/2012,NA,106.28,106.26,NA
,,11/8/2012,NA,106.28,106.27,NA
,,11/9/2012,NA,106.29,106.26,NA
,,11/12/2012,NA,106.26,106.2,NA
,,11/13/2012,NA,106.18,106.13,NA
,,11/14/2012,NA,106.11,106.13,NA
,,11/15/2012,NA,106.1,106.09,NA
,,11/16/2012,NA,106.01,106.07,NA
,,11/19/2012,NA,105.98,106.08,NA
,,11/20/2012,NA,105.78,106.01,NA
,,11/21/2012,NA,105.86,106.02,NA
,,11/22/2012,NA,105.79,106,NA
,,11/23/2012,NA,105.78,105.99,NA
,,11/26/2012,NA,105.68,105.95,NA
,,11/27/2012,NA,105.63,105.87,NA
,,11/28/2012,NA,105.57,105.82,NA
,,11/29/2012,NA,105.39,105.8,NA
,,11/30/2012,NA,105.35,105.69,NA
,,12/3/2012,NA,105.36,105.65,NA
,,12/4/2012,NA,105.3,105.46,NA
,,12/5/2012,NA,105.29,105.47,NA
,,12/6/2012,NA,105.29,105.33,NA
,,12/7/2012,NA,105.28,105.33,NA
,,12/10/2012,NA,104.88,104.69,NA
,,12/11/2012,NA,104.32,103.87,NA
,,12/12/2012,NA,104.4,103.91,NA
,,12/13/2012,NA,104.43,103.89,NA
,,12/14/2012,NA,104.4,103.78,NA
,,12/17/2012,NA,104.39,103.8,NA
,,12/18/2012,NA,104.36,103.77,NA
,,12/19/2012,NA,104.35,103.89,NA
,,12/20/2012,NA,104.39,104.06,NA
,,12/21/2012,NA,104.38,104.01,NA
,,12/24/2012,NA,104.73,104.13,NA
,,12/25/2012,NA,104.73,104.13,NA
,,12/26/2012,NA,104.38,104.13,NA
,,12/27/2012,NA,104.36,104.04,NA
,,12/28/2012,NA,104.28,104.04,NA
,,12/31/2012,NA,104.58,103.98,NA
,,1/1/2013,NA,104.58,103.98,NA
,,1/2/2013,NA,104.34,104,NA
,,1/3/2013,NA,104.42,104.16,NA
,,1/4/2013,NA,104.55,104.6,NA
,,1/7/2013,NA,104.48,104.7,NA
,,1/8/2013,NA,104.43,104.73,NA
,,1/9/2013,NA,104.5,104.9,NA
,,1/10/2013,NA,104.54,105.21,NA
,,1/11/2013,NA,104.54,105.66,NA
,,1/14/2013,NA,104.51,105.63,NA
,,1/15/2013,NA,104.54,105.57,NA
,,1/16/2013,NA,104.56,105.44,NA
,,1/17/2013,NA,104.59,105.52,NA
,,1/18/2013,NA,104.49,105.5,NA
,,1/21/2013,NA,104.5,105.37,NA
,,1/22/2013,NA,104.49,105.48,NA
,,1/23/2013,NA,104.51,105.51,NA
,,1/24/2013,NA,104.45,105.37,NA
,,1/25/2013,NA,104.27,104.95,NA
,,1/28/2013,NA,104.26,104.85,NA
,,1/29/2013,NA,104.22,104.56,NA
,,1/30/2013,NA,104.16,104.27,NA
,,1/31/2013,NA,103.86,103.72,NA
,,2/1/2013,NA,103.69,103.75,NA
,,2/4/2013,NA,103.74,103.84,NA
,,2/5/2013,NA,103.67,103.77,NA
,,2/6/2013,NA,103.72,103.9,NA
,,2/7/2013,NA,103.79,103.93,NA
,,2/8/2013,NA,103.87,104.02,NA
,,2/11/2013,NA,103.86,104.09,NA
,,2/12/2013,NA,103.88,104.03,NA
,,2/13/2013,NA,104.04,104.35,NA
,,2/14/2013,NA,104.09,104.66,NA
,,2/15/2013,NA,104.1,104.77,NA
,,2/18/2013,NA,104.02,104.06,NA
,,2/19/2013,NA,104,103.98,100.57
,,2/20/2013,NA,103.96,104.13,100.88
,,2/21/2013,NA,104.08,104.11,100.66
,,2/22/2013,NA,104.08,104.2,100.89
,,2/25/2013,NA,104.12,104.4,101.1
,,2/26/2013,NA,104.18,104.45,100.93
,,2/27/2013,NA,104.19,104.52,100.88
,,2/28/2013,NA,104.19,104.57,101.2
,,3/1/2013,NA,104.33,104.83,101.53
,,3/4/2013,NA,104.34,104.87,101.76
,,3/5/2013,NA,104.48,104.85,101.23
,,3/6/2013,NA,104.52,104.91,101.15
,,3/7/2013,NA,104.49,104.91,101.22
,,3/8/2013,NA,104.51,104.88,101.27
,,3/11/2013,NA,104.51,104.98,101.4
,,3/12/2013,NA,104.54,105.04,101.55
,,3/13/2013,NA,104.46,105.09,101.58
,,3/14/2013,NA,104.45,105.15,101.64
,,3/15/2013,NA,104.51,105.12,101.76
,,3/18/2013,NA,104.53,105.15,101.58
,,3/19/2013,NA,104.6,105.43,101.91
,,3/20/2013,NA,104.49,105.5,101.84
,,3/21/2013,NA,104.55,105.45,101.83
,,3/22/2013,NA,104.56,105.5,101.81
,,3/25/2013,NA,104.62,105.5,101.87
,,3/26/2013,NA,104.52,105.46,101.88
,,3/27/2013,NA,104.57,105.52,101.95
,,3/28/2013,NA,104.57,105.45,101.89
,,3/29/2013,NA,104.57,105.45,101.89
,,4/1/2013,NA,104.57,105.45,101.89
,,4/2/2013,NA,104.63,105.39,101.92
,,4/3/2013,NA,104.63,105.42,101.95
,,4/4/2013,NA,104.66,105.44,102
,,4/5/2013,NA,104.63,105.42,102.05
,,4/8/2013,NA,104.62,105.48,102.1
,,4/9/2013,NA,104.6,105.46,102.26
,,4/10/2013,NA,104.57,105.35,102.27
,,4/11/2013,NA,104.57,105.39,102.43
,,4/12/2013,NA,104.62,105.41,102.46
,,4/15/2013,NA,104.64,105.41,102.6
,,4/16/2013,NA,104.64,105.34,102.65
,,4/17/2013,NA,104.63,105.27,102.68
,,4/18/2013,NA,104.64,105.31,102.72
,,4/19/2013,NA,104.59,105.36,102.72
,,4/22/2013,NA,104.55,105.35,102.74
,,4/23/2013,NA,104.62,105.45,102.78
,,4/24/2013,NA,104.64,105.51,102.77
,,4/25/2013,NA,104.62,105.49,102.85
,,4/26/2013,NA,104.68,105.49,102.9
,,4/29/2013,NA,104.7,105.56,103.02
,,4/30/2013,NA,104.74,105.62,103.25
,,5/1/2013,NA,104.74,105.25,103.25
,,5/2/2013,NA,104.73,105.54,103.1
,,5/3/2013,NA,104.78,105.54,103.18
,,5/6/2013,NA,104.86,105.64,103.39
,,5/7/2013,NA,104.93,105.63,103.55
,,5/8/2013,NA,104.88,105.64,103.61
,,5/9/2013,NA,104.92,105.66,103.67
,,5/10/2013,NA,104.94,105.82,103.85
,,5/13/2013,NA,104.93,105.88,103.9
,,5/14/2013,NA,104.94,105.9,103.83
,,5/15/2013,NA,104.91,105.91,103.75
,,5/16/2013,NA,104.88,106.11,103.95
,,5/17/2013,NA,104.86,106.21,104.01
,,5/20/2013,NA,104.77,106.11,103.86
,,5/21/2013,NA,104.87,106.14,103.97
,,5/22/2013,NA,104.89,106.18,104.07
,,5/23/2013,NA,104.98,106.26,103.98
,,5/24/2013,NA,104.93,106.17,104.03
,,5/27/2013,NA,104.97,106.1,104.08
,,5/28/2013,NA,104.98,106.27,104.16
,,5/29/2013,NA,104.95,106.08,104.01
,,5/30/2013,NA,104.95,105.99,103.95
,,5/31/2013,NA,104.87,106.05,104.01
,,6/3/2013,NA,104.85,105.89,103.81
,,6/4/2013,NA,104.94,105.74,103.82
,,6/5/2013,NA,104.84,105.64,103.78
,,6/6/2013,NA,104.68,105.31,103.53
,,6/7/2013,NA,104.58,104.97,103.21
,,6/10/2013,NA,104.53,104.98,103.02
,,6/11/2013,NA,104.27,104.15,102.26
,,6/12/2013,NA,104.19,103.95,102.01
,,6/13/2013,NA,104.09,103.28,101.83
,,6/14/2013,NA,104.11,103.76,101.95
,,6/17/2013,NA,104.03,103.93,102.11
,,6/18/2013,NA,104.09,103.91,102.16
,,6/19/2013,NA,104.01,103.63,102.05
,,6/20/2013,NA,103.84,102.74,101.01
,,6/21/2013,NA,103.56,102,100.51
,,6/24/2013,NA,103.26,101.39,98.93
,,6/25/2013,NA,103.14,101.64,99.53
,,6/26/2013,NA,103.19,102.05,100.57
,,6/27/2013,NA,103.3,102.93,101.67
,,6/28/2013,NA,103.51,103.16,101.76
,,7/1/2013,NA,103.64,103.46,101.93
,,7/2/2013,NA,103.76,103.67,102.09
,,7/3/2013,NA,103.73,103.58,102.01
,,7/4/2013,NA,103.72,103.61,102.12
,,7/5/2013,NA,103.85,103.78,102.25
,,7/8/2013,NA,103.87,103.88,102.26
,,7/9/2013,NA,103.92,103.92,102.18
,,7/10/2013,NA,103.9,103.81,102.18
,,7/11/2013,NA,103.91,104,102.27
,,7/12/2013,NA,103.98,104.09,102.36
,,7/15/2013,NA,103.91,104.1,102.35
,,7/16/2013,NA,103.9,104.15,102.49
,,7/17/2013,NA,103.94,104.39,102.45
,,7/18/2013,NA,103.94,104.48,102.36
,,7/19/2013,NA,103.98,104.34,102.37
,,7/22/2013,NA,103.9,104.43,102.4
,,7/23/2013,NA,103.89,104.48,102.43
,,7/24/2013,NA,103.83,104.48,102.36
,,7/25/2013,NA,103.86,104.54,102.37
,,7/26/2013,NA,103.89,104.4,102.29
,,7/29/2013,NA,103.86,104.38,102.37
,,7/30/2013,NA,103.89,104.38,102.39
,,7/31/2013,NA,103.89,104.4,102.16
,,8/1/2013,NA,103.9,104.44,102.32
,,8/2/2013,NA,103.87,104.41,102.38
,,8/5/2013,NA,103.86,104.42,102.41
,,8/6/2013,NA,103.88,104.45,102.38
,,8/7/2013,NA,103.9,104.37,102.41
,,8/8/2013,NA,103.91,104.43,102.44
,,8/9/2013,NA,103.92,104.4,102.49
,,8/12/2013,NA,103.92,104.45,102.53
,,8/13/2013,NA,103.92,104.48,102.59
,,8/14/2013,NA,103.85,104.29,102.28
,,8/15/2013,NA,103.8,104.16,102.05
,,8/16/2013,NA,103.8,104.14,101.92
,,8/19/2013,NA,103.8,104.02,101.85
,,8/20/2013,NA,103.79,103.78,101.61
,,8/21/2013,NA,103.71,103.26,101.31
,,8/22/2013,NA,103.62,102.97,100.85
,,8/23/2013,NA,103.58,102.95,100.9
,,8/26/2013,NA,103.56,103.1,101.08
,,8/27/2013,NA,103.61,103.04,100.98
,,8/28/2013,NA,103.59,102.85,101.04
,,8/29/2013,NA,103.57,102.9,100.99
,,8/30/2013,NA,103.59,102.84,101.03
,,9/2/2013,NA,103.61,102.8,100.9
,,9/3/2013,NA,103.53,102.63,100.85
,,9/4/2013,NA,103.53,102.66,100.82
,,9/5/2013,NA,103.47,102.55,100.8
,,9/6/2013,NA,103.45,102.55,100.56
,,9/9/2013,NA,103.47,102.6,100.67
,,9/10/2013,NA,103.48,102.57,100.67
,,9/11/2013,NA,103.47,102.65,100.81
,,9/12/2013,NA,103.5,102.81,100.98
,,9/13/2013,NA,103.49,102.94,100.89
,,9/16/2013,NA,103.54,103.07,101.17
,,9/17/2013,NA,103.48,103.1,101.2
,,9/18/2013,NA,103.48,103.07,101.25
,,9/19/2013,NA,103.54,103.37,101.62
,,9/20/2013,NA,103.54,103.31,101.63
,,9/23/2013,NA,103.52,103.3,101.5
,,9/24/2013,NA,103.51,103.19,101.46
,,9/25/2013,NA,103.47,103.29,101.62
,,9/26/2013,NA,103.33,103.26,101.63
,,9/27/2013,NA,103.4,103.37,101.66
,,9/30/2013,NA,103.39,103.37,101.69
,,10/1/2013,NA,103.41,103.33,101.63
,,10/2/2013,NA,103.45,103.47,101.92
,,10/3/2013,NA,103.44,103.54,101.87
,,10/4/2013,NA,103.43,103.6,102.08
,,10/7/2013,NA,103.43,103.7,102.31
,,10/8/2013,NA,103.43,104.02,102.49
,,10/9/2013,NA,103.45,104.08,102.52
,,10/10/2013,NA,103.44,104.19,102.78
,,10/11/2013,NA,103.39,104.33,102.8
,,10/14/2013,NA,103.4,104.43,102.93
,,10/15/2013,NA,103.4,104.51,103.02
,,10/16/2013,NA,103.42,104.63,103
,,10/17/2013,NA,103.43,104.77,103.2
,,10/18/2013,NA,103.4,105,103.47
,,10/21/2013,NA,103.41,105.08,103.72
,,10/22/2013,NA,103.45,105.18,103.93
,,10/23/2013,NA,103.39,105.35,104.05
,,10/24/2013,NA,103.38,105.37,104.07
,,10/25/2013,NA,103.4,105.42,103.99
,,10/28/2013,NA,103.132,105.2,103.78
,,10/29/2013,NA,103.21,105.25,103.915
,,10/30/2013,NA,103.14,105.41,104.18
,,10/31/2013,NA,103.17,105.61,104.18
,,11/1/2013,NA,103.16,105.58,104.43
,,11/4/2013,NA,103.55,105.59,104.53
,,11/5/2013,NA,103.133,105.58,104.36
,,11/6/2013,NA,103.13,105.63,104.53
,,11/7/2013,NA,103.14,105.9,104.93
,,11/8/2013,NA,103.132,105.75,104.505
,,11/11/2013,NA,103.137,105.68,104.66
,,11/12/2013,NA,103.26,105.77,104.78
,,11/13/2013,NA,103.34,105.75,104.795
,,11/14/2013,NA,103.117,106,104.93
,,11/15/2013,NA,103.18,105.71,104.805
,,11/18/2013,NA,103.12,105.725,105.03
,,11/19/2013,NA,103.13,105.7,104.81
,,11/20/2013,NA,103.218,105.885,104.93
,,11/21/2013,NA,103.193,105.755,104.7
,,11/22/2013,NA,103.18,105.7,104.645
,,11/25/2013,NA,103.138,105.85,104.78
,,11/26/2013,NA,103.081,105.85,104.75
,,11/27/2013,NA,103.23,105.85,104.75
,,11/28/2013,NA,103.23,105.74,104.75
,,11/29/2013,NA,103.23,105.79,104.675
,,12/2/2013,NA,103.29,105.73,104.73
,,12/3/2013,NA,103.024,105.31,104.13
,,12/4/2013,NA,102.882,104.715,103.42
,,12/5/2013,NA,102.89,103.89,102.63
,,12/6/2013,NA,102.662,103.58,102.15
,,12/9/2013,NA,102.83,103.9,102.53
,,12/10/2013,NA,102.833,104,102.77
,,12/11/2013,NA,102.735,104.04,103.03
,,12/12/2013,NA,102.711,104.34,103.205
,,12/13/2013,NA,102.71,104.23,103.38
,,12/16/2013,NA,103.046,104.4,103.63
,,12/17/2013,NA,103.042,104.385,103.78
,,12/18/2013,NA,102.79,104.65,103.88
,,12/19/2013,NA,103.052,105.06,103.9
,,12/20/2013,NA,102.854,105.25,104.33
,,12/23/2013,NA,102.848,105.2,104.68
,,12/24/2013,NA,103.052,104.738,104.342
,,12/25/2013,NA,103.053,104.785,104.343
,,12/26/2013,NA,103.053,104.785,104.343
,,12/27/2013,NA,102.88,104.785,104.343
,,12/30/2013,NA,103.043,105.355,104.39
,,12/31/2013,NA,103.021,104.866,104.535
,,1/1/2014,NA,103.021,104.891,104.52
,,1/2/2014,NA,102.906,105.27,104.575
,,1/3/2014,NA,102.927,105.72,104.715
,,1/6/2014,NA,102.934,105.785,104.89
,,1/7/2014,NA,103,106.04,105.11
,,1/8/2014,NA,103.143,106.075,105.13
,,1/9/2014,NA,102.997,106.09,105.28
,,1/10/2014,NA,103.196,106.305,105.37
,,1/13/2014,NA,103.013,106.085,105.15
,,1/14/2014,NA,103.23,106.005,104.98
,,1/15/2014,NA,103.032,105.825,105.08
,,1/16/2014,NA,103.18,105.92,105.21
,,1/17/2014,NA,103.053,105.96,105.16
,,1/20/2014,NA,103.234,105.89,105.08
,,1/21/2014,NA,103.073,105.93,105.04
,,1/22/2014,NA,103.047,105.9,105.03
,,1/23/2014,NA,103.051,105.81,104.88
,,1/24/2014,NA,103.038,105.535,104.486
,,1/27/2014,NA,102.912,105.3,104.28
,,1/28/2014,NA,103.02,105.21,104.59
,,1/29/2014,NA,103.168,105.2,104.59
,,1/30/2014,NA,103.008,105.35,104.28
,,1/31/2014,NA,103.208,105.445,104.588
,,2/3/2014,NA,102.86,104.89,104.45
,,2/4/2014,NA,102.85,105.17,104.4
,,2/5/2014,NA,102.974,104.96,104.45
,,2/6/2014,NA,102.939,105,104.33
,,2/7/2014,NA,103.23,105.38,104.89
,,2/10/2014,NA,103.252,105.26,104.63
,,2/11/2014,NA,103.001,105.38,104.781
,,2/12/2014,NA,102.932,105.46,105.04
,,2/13/2014,NA,102.938,105.56,105.13
,,2/14/2014,NA,102.968,105.59,105.18
,,2/17/2014,NA,102.89,105.63,105.181
,,2/18/2014,NA,103.195,105.97,105.33
,,2/19/2014,NA,102.952,105.56,104.78
,,2/20/2014,NA,102.947,105.31,104.39
,,2/21/2014,NA,102.81,105.36,104.336
,,2/24/2014,NA,102.81,105.42,104.53
,,2/25/2014,NA,102.8,105.48,104.39
,,2/26/2014,NA,102.8,105.45,104.43
,,2/27/2014,NA,102.78,105.5,104.51
,,2/28/2014,NA,102.839,105.58,104.891
,,3/3/2014,NA,102.878,105.56,104.91
,,3/4/2014,NA,102.87,105.615,104.905
,,3/5/2014,NA,102.73,105.8,104.86
,,3/6/2014,NA,102.71,105.73,104.881
,,3/7/2014,NA,102.901,105.792,104.9
,,3/10/2014,NA,102.88,105.76,104.83
,,3/11/2014,NA,102.93,105.85,104.83
,,3/12/2014,NA,102.93,105.8,104.69
,,3/13/2014,NA,102.682,105.76,104.74
,,3/14/2014,NA,102.64,105.51,104.53
,,3/17/2014,NA,102.63,105.61,104.55
,,3/18/2014,NA,102.62,105.7,104.71
,,3/19/2014,NA,102.63,105.7,104.581
,,3/20/2014,NA,102.575,105.44,104.514
,,3/21/2014,NA,102.692,105.465,104.59
,,3/24/2014,NA,102.693,105.51,104.58
,,3/25/2014,NA,102.654,105.5,104.7
,,3/26/2014,NA,102.57,105.46,104.51
,,3/27/2014,NA,102.633,105.51,104.565
,,3/28/2014,NA,102.554,105.45,104.53
,,3/31/2014,NA,102.543,105.5,104.41
,,4/1/2014,NA,102.528,105.45,104.41
,,4/2/2014,NA,102.555,105.51,104.53
,,4/3/2014,NA,102.526,105.51,104.565
,,4/4/2014,NA,102.528,105.535,104.655
,,4/7/2014,NA,102.477,105.61,104.61
,,4/8/2014,NA,102.526,105.61,104.68
,,4/9/2014,NA,102.469,105.61,104.68
,,4/10/2014,NA,102.526,105.75,104.78
,,4/11/2014,NA,102.481,105.675,104.68
,,4/14/2014,NA,102.58,105.56,104.78
,,4/15/2014,NA,102.509,105.565,104.82
,,4/16/2014,NA,102.58,105.65,104.89
,,4/17/2014,NA,102.652,105.7,104.89
,,4/18/2014,NA,102.652,105.7,104.8
,,4/21/2014,NA,102.652,105.7,104.756
,,4/22/2014,NA,102.465,105.66,104.78
,,4/23/2014,NA,102.63,105.61,104.89
,,4/24/2014,NA,102.46,105.56,104.84
,,4/25/2014,NA,102.471,105.65,104.84
,,4/28/2014,NA,102.445,105.61,104.785
,,4/29/2014,NA,102.424,105.61,104.915
,,4/30/2014,NA,102.422,105.72,104.9
,,5/1/2014,NA,102.557,105.331,104.938
,,5/2/2014,NA,102.412,105.61,104.98
,,5/5/2014,NA,102.417,105.57,104.98
,,5/6/2014,NA,102.405,105.71,105.05
,,5/7/2014,NA,102.486,106,105.23
,,5/8/2014,NA,102.38,105.76,105.59
,,5/9/2014,NA,102.39,106.21,105.93
,,5/12/2014,NA,102.372,106.26,106.39
,,5/13/2014,NA,102.44,106.41,106.73
,,5/14/2014,NA,102.7,106.41,106.681
,,5/15/2014,NA,102.393,106.15,106.77
,,5/16/2014,NA,102.38,106.089,106.551
,,5/19/2014,NA,102.33,106.21,106.531
,,5/20/2014,NA,102.289,106.16,106.78
,,5/21/2014,NA,102.251,106.16,106.504
,,5/22/2014,NA,102.38,106.145,106.65
,,5/23/2014,NA,102.406,106.2,106.57
,,5/26/2014,NA,102.261,105.885,106.75
,,5/27/2014,NA,102.246,106.135,106.36
,,5/28/2014,NA,102.241,106.16,106.89
,,5/29/2014,NA,102.231,106.16,106.72
,,5/30/2014,NA,102.223,106.16,106.72
,,6/2/2014,NA,102.347,106.3,106.891
,,6/3/2014,NA,102.208,106.115,106.891
,,6/4/2014,NA,102.21,106.11,106.781
,,6/5/2014,NA,102.198,106.12,106.791
,,6/6/2014,NA,102.198,106.12,106.791
,,6/9/2014,NA,102.346,106.235,106.83
,,6/10/2014,NA,102.29,106.26,107
,,6/11/2014,NA,102.327,106.26,106.94
,,6/12/2014,NA,102.327,106.275,106.89
,,6/13/2014,NA,102.302,106.275,106.89
,,6/16/2014,NA,102.319,106.22,106.79
,,6/17/2014,NA,102.28,106.13,106.94
,,6/18/2014,NA,102.28,106.22,107.041
,,6/19/2014,NA,102.37,106.404,107.382
,,6/20/2014,NA,102.07,106.41,107.382
,,6/23/2014,NA,102.198,106.47,107.54
,,6/24/2014,NA,102.341,106.47,107.531
,,6/25/2014,NA,102.316,106.47,107.66
,,6/26/2014,NA,102.308,106.48,107.61
,,6/27/2014,NA,102.138,106.41,107.691
,,6/30/2014,NA,102.294,106.335,107.485
,,7/1/2014,NA,102.286,106.32,107.492
,,7/2/2014,NA,102.098,106.31,107.492
,,7/3/2014,NA,102.083,106.285,107.385
,,7/4/2014,NA,102.088,106.305,107.405
,,7/7/2014,NA,102.391,106.26,107.36
,,7/8/2014,NA,102.384,106.31,107.38
,,7/9/2014,NA,102.059,106.32,107.344
,,7/10/2014,NA,102.041,106.26,107.28
,,7/11/2014,NA,102.027,106.26,107.11
,,7/14/2014,NA,102.023,106.2,107.28
,,7/15/2014,NA,102.209,106.398,107.205
,,7/16/2014,NA,102.227,106.17,107.106
,,7/17/2014,NA,101.956,106.21,107.28
,,7/18/2014,NA,102.137,106.4,107.28
,,7/21/2014,NA,101.941,106.41,107.28
,,7/22/2014,NA,102.152,106.205,107.216
,,7/23/2014,NA,101.93,106.36,107.27
,,7/24/2014,NA,101.98,106.25,107.217
,,7/25/2014,NA,101.98,106.165,107.18
,,7/28/2014,NA,101.901,106.155,107.28
,,7/29/2014,NA,101.898,106.18,107.27
,,7/30/2014,NA,101.865,106.41,107.144
,,7/31/2014,NA,101.857,106.205,107.144
,,8/1/2014,NA,101.844,106.155,107.03
,,8/4/2014,NA,101.838,106.22,107.01
,,8/5/2014,NA,102.023,106.09,107.01
,,8/6/2014,NA,101.996,106.04,106.81
,,8/7/2014,NA,101.795,105.975,106.81
,,8/8/2014,NA,101.753,105.86,106.635
,,8/11/2014,NA,101.974,105.805,106.481
,,8/12/2014,NA,101.771,105.85,106.6
,,8/13/2014,NA,101.724,105.85,106.591
,,8/14/2014,NA,101.722,105.95,106.79
,,8/15/2014,NA,101.703,105.95,107.03
,,8/18/2014,NA,101.914,105.95,106.835
,,8/19/2014,NA,101.908,106.09,106.98
,,8/20/2014,NA,101.882,106.12,107.22
,,8/21/2014,NA,101.78,106.11,107.22
,,8/22/2014,NA,101.722,106.11,107.24
,,8/25/2014,NA,101.881,106.16,107.34
,,8/26/2014,NA,101.735,106.21,107.39
,,8/27/2014,NA,101.925,106.28,107.45
,,8/28/2014,NA,101.71,106.27,107.57
,,8/29/2014,NA,101.643,106.36,107.64
,,9/1/2014,NA,101.86,106.45,107.525
,,9/2/2014,NA,101.8,106.25,107.57
,,9/3/2014,NA,101.828,106.225,107.555
,,9/4/2014,NA,101.716,106.36,107.58
,,9/5/2014,NA,101.726,106.5,107.46
,,9/8/2014,NA,101.701,106.28,107.42
,,9/9/2014,NA,101.712,106.28,107.58
,,9/10/2014,NA,101.688,106.423,107.59
,,9/11/2014,NA,101.673,106.32,107.43
,,9/12/2014,NA,101.653,106.34,107.57
,,9/15/2014,NA,101.609,106.29,107.57
,,9/16/2014,NA,101.57,106.31,107.31
,,9/17/2014,NA,101.575,106.31,107.52
,,9/18/2014,NA,101.565,106.28,107.57
,,9/19/2014,NA,101.582,106.23,107.58
,,9/22/2014,NA,101.4,106.26,107.63
,,9/23/2014,NA,101.56,106.23,107.58
,,9/24/2014,NA,101.486,106.18,107.32
,,9/25/2014,NA,101.494,106.24,107.41
,,9/26/2014,NA,101.48,106.16,107.36
,,9/29/2014,NA,101.457,106.08,107.28
,,9/30/2014,NA,101.449,106.03,107.28
,,10/1/2014,NA,101.43,106.03,107.43
,,10/2/2014,NA,101.642,106.2,107.21
,,10/3/2014,NA,101.311,105.904,107.103
,,10/6/2014,NA,101.43,105.98,107.23
,,10/7/2014,NA,101.43,106.01,107.23
,,10/8/2014,NA,101.439,105.96,107.205
,,10/9/2014,NA,101.389,105.96,107.065
,,10/10/2014,NA,101.597,106.1,107.38
,,10/13/2014,NA,101.379,105.88,107.205
,,10/14/2014,NA,101.374,105.91,107.08
,,10/15/2014,NA,101.329,105.86,106.96
,,10/16/2014,NA,101.3,105.68,106.71
,,10/17/2014,NA,101.303,105.66,106.89
,,10/20/2014,NA,101.299,105.66,106.78
,,10/21/2014,NA,101.297,105.68,106.93
,,10/22/2014,NA,101.33,105.71,106.88
,,10/23/2014,NA,101.06,105.71,106.48
,,10/24/2014,NA,101.262,105.86,106.88
,,10/27/2014,NA,101.246,105.86,106.98
,,10/28/2014,NA,101.247,105.81,106.8
,,10/29/2014,NA,101.225,105.86,106.94
,,10/30/2014,NA,101.198,105.92,106.96
,,10/31/2014,NA,101.181,105.98,106.82
,,11/3/2014,NA,101.131,105.65,107.185
,,11/4/2014,NA,101.166,105.95,107.01
,,11/5/2014,NA,101.157,105.96,106.98
,,11/6/2014,NA,101.118,105.88,107.14
,,11/7/2014,NA,101.112,105.98,107.19
,,11/10/2014,NA,101.093,106.06,107.18
,,11/11/2014,NA,101.1,106.06,107.18
,,11/12/2014,NA,101.111,105.91,107.38
,,11/13/2014,NA,101.089,106.08,107.26
,,11/14/2014,NA,100.85,106.08,107.26
,,11/17/2014,NA,100.978,106.04,107.17
,,11/18/2014,NA,100.973,106.06,107.28
,,11/19/2014,NA,100.81,106.06,107.26
,,11/20/2014,NA,100.922,106.13,107.53
,,11/21/2014,NA,100.92,106.15,107.53
,,11/24/2014,NA,100.912,106.19,107.48
,,11/25/2014,NA,100.894,106.16,107.53
,,11/26/2014,NA,100.885,106.3,107.38
,,11/27/2014,NA,100.863,106.18,107.28
,,11/28/2014,NA,100.857,106.18,107.38
,,12/1/2014,NA,100.85,106.26,107.37
,,12/2/2014,NA,100.841,106.21,107.335
,,12/3/2014,NA,100.838,106.23,107.39
,,12/4/2014,NA,100.83,106.23,107.48
,,12/5/2014,NA,100.83,106.4,107.68
,,12/8/2014,NA,100.772,106.28,107.58
,,12/9/2014,NA,100.764,106.31,107.68
,,12/10/2014,NA,100.764,106.45,107.73
,,12/11/2014,NA,100.715,106.31,107.83
,,12/12/2014,NA,100.55,106.18,107.78
,,12/15/2014,NA,100.697,106.15,107.56
,,12/16/2014,NA,100.68,105.94,107.405
,,12/17/2014,NA,100.68,106,107.395
,,12/18/2014,NA,100.632,106,107.4
,,12/19/2014,NA,100.793,106.09,107.4
,,12/22/2014,NA,100.61,106,107.68
,,12/23/2014,NA,100.74,106.07,107.405
,,12/24/2014,NA,100.702,106.223,107.556
,,12/25/2014,NA,100.702,106.223,107.542
,,12/26/2014,NA,100.702,106.223,107.556
,,12/29/2014,NA,100.538,106.04,107.445
,,12/30/2014,NA,100.672,106,107.43
,,12/31/2014,NA,100.697,106.21,107.562
,,1/1/2015,NA,100.697,106.224,107.595
,,1/2/2015,NA,100.632,106.07,107.51
,,1/5/2015,NA,100.431,106.01,107.63
,,1/6/2015,NA,100.39,106.01,107.53
,,1/7/2015,NA,100.481,106.01,107.53
,,1/8/2015,NA,100.481,106.015,107.435
,,1/9/2015,NA,100.381,106.02,107.5
,,1/12/2015,NA,100.481,106.02,107.485
,,1/13/2015,NA,100.349,106.015,107.78
,,1/14/2015,NA,100.431,106.015,107.68
,,1/15/2015,NA,100.331,105.945,107.68
,,1/16/2015,NA,100.331,105.945,107.485
,,1/19/2015,NA,100.331,105.945,107.365
,,1/20/2015,NA,100.309,105.915,107.365
,,1/21/2015,NA,100.14,105.69,107.13
,,1/22/2015,NA,100.259,105.915,107.365
,,1/23/2015,NA,100.224,105.975,107.425
,,1/26/2015,NA,100.13,105.895,107.485
,,1/27/2015,NA,100.281,105.975,107.55
,,1/28/2015,NA,100.281,106.005,107.63
,,1/29/2015,NA,100.281,105.96,107.435
,,1/30/2015,NA,100.166,105.965,107.43
,,2/2/2015,NA,100.129,105.965,107.68
,,2/3/2015,NA,100.119,105.965,107.585
,,2/4/2015,NA,100.108,106.05,107.535
,,2/5/2015,NA,100.114,106.11,107.48
,,2/6/2015,NA,100.073,105.975,107.49
,,2/9/2015,NA,100.064,105.975,107.565
,,2/10/2015,NA,100.059,105.975,107.785
,,2/11/2015,NA,100.052,105.965,107.615
,,2/12/2015,NA,99.9,105.78,107.46
,,2/13/2015,NA,100.027,105.965,107.75
,,2/16/2015,NA,100.031,105.945,107.78
,,2/17/2015,NA,99.992,105.965,107.93
,,2/18/2015,NA,99.987,105.98,107.88
,,2/19/2015,99.25,99.85,105.8,107.72
,,2/20/2015,99.3,99.981,105.915,107.915
,,2/23/2015,99.33,99.981,106.01,107.985
,,2/24/2015,99.39,99.929,105.98,107.935
,,2/25/2015,99.52,99.925,105.82,107.895
,,2/26/2015,99.81,99.89,106.1,108.015
,,2/27/2015,99.71,99.885,105.98,108.065
,,3/2/2015,99.69,99.88,106.01,107.98
,,3/3/2015,99.69,99.863,106.1,108.23
,,3/4/2015,99.67,99.88,106.1353,108.06
,,3/5/2015,99.69,99.83,106.1032,108.11
,,3/6/2015,99.43,99.819,106.1374,108.05
,,3/9/2015,99.48,99.808,106.154,108.14
,,3/10/2015,99.44,99.83,106.05,108.04
,,3/11/2015,99.44,99.784,105.97,108.085
,,3/12/2015,99.54,99.83,105.96,108.09
,,3/13/2015,99.53,99.78,105.85,108.25
,,3/16/2015,99.5,99.81,105.94,108.18
,,3/17/2015,99.31,99.81,106.1,107.67
,,3/18/2015,99.3,99.81,106.1,108.28
,,3/19/2015,98.75,NA,105.8,107.98
,,3/20/2015,99.2,NA,106.1,108.1
,,3/23/2015,99.29,NA,105.9,107.88
,,3/24/2015,99.3,NA,105.7,107.98
,,3/25/2015,98.99,NA,105.9,107.98
,,3/26/2015,99.17,NA,106,107.88
,,3/27/2015,99.18,NA,105.82,107.95
,,3/30/2015,99.27,NA,105.8,107.83
,,3/31/2015,99.23,NA,105.75,107.88
,,4/1/2015,99.3,NA,105.75,107.78
,,4/2/2015,99.35,NA,105.78,108.08
,,4/3/2015,99.409,NA,106,107.971
,,4/6/2015,99.409,NA,106,107.978
,,4/7/2015,99.34,NA,105.75,108.08
,,4/8/2015,99.35,NA,105.73,107.98
,,4/9/2015,99.45,NA,105.78,107.93
,,4/10/2015,99.25,NA,105.78,108.08
,,4/13/2015,99.62,NA,105.78,107.93
,,4/14/2015,99.26,NA,105.78,107.84
,,4/15/2015,99.65,NA,105.73,107.9
,,4/16/2015,99.67,NA,105.74,107.93
,,4/17/2015,99.91,NA,105.88,107.88
,,4/20/2015,99.6,NA,105.8,107.88
,,4/21/2015,99.6,NA,105.88,107.78
,,4/22/2015,99.62,NA,105.83,107.83
,,4/23/2015,99.5,NA,105.68,107.83
,,4/24/2015,99.52,NA,105.64,107.74
,,4/27/2015,99.75,NA,105.85,107.98
,,4/28/2015,99.6,NA,105.78,107.78
,,4/29/2015,99.56,NA,105.64,107.78
,,4/30/2015,99.39,NA,105.68,107.73
,,5/1/2015,99.5,NA,105.865,107.799
,,5/4/2015,99.35,NA,105.66,107.65
,,5/5/2015,99.22,NA,105.61,107.63
,,5/6/2015,98.51,NA,105.6,107.53
,,5/7/2015,98.17,NA,105.6,107.28
,,5/8/2015,98.53,NA,105.694,107.48
,,5/11/2015,98.39,NA,105.58,107.43
,,5/12/2015,97.85,NA,105.53,107.53
,,5/13/2015,98.18,NA,105.55,107.58
,,5/14/2015,98.18,NA,105.48,107.39
,,5/15/2015,98.396,NA,105.42,107.25
,,5/18/2015,98.1,NA,105.55,107.33
,,5/19/2015,98.1,NA,105.43,107.33
,,5/20/2015,97.95,NA,105.45,107.33
,,5/21/2015,97.99,NA,105.43,107.39
,,5/22/2015,98.01,NA,105.39,107.33
,,5/25/2015,98.01,NA,105.39,107.33
,,5/26/2015,97.98,NA,105.38,107.33
,,5/27/2015,97.9,NA,105.38,107.48
,,5/28/2015,97.7,NA,105.303,107.38
,,5/29/2015,97.4,NA,105.55,107.18
,,6/1/2015,97.3,NA,105.25,107.14
,,6/2/2015,97.28,NA,105.208,107.38
,,6/3/2015,95.7,NA,104.98,107.13
,,6/4/2015,95.93,NA,105.02,107.08
,,6/5/2015,96.07,NA,105.005,106.83
,,6/8/2015,95.17,NA,104.975,106.78
,,6/9/2015,95.45,NA,104.957,106.93
,,6/10/2015,94.83,NA,104.95,106.68
,,6/11/2015,94.89,NA,105.13,106.68
,,6/12/2015,94.69,NA,105.2,106.73
,,6/15/2015,94.4,NA,104.85,106.78
,,6/16/2015,94.45,NA,104.58,106.73
,,6/17/2015,93.7,NA,104.85,106.73
,,6/18/2015,93.7,NA,104.48,106.73
,,6/19/2015,93.7,NA,104.9,106.73
,,6/22/2015,94.15,NA,104.282,106.78
,,6/23/2015,93.619,NA,104.68,106.73
,,6/24/2015,93.89,NA,104.68,106.73
,,6/25/2015,93.94,NA,104.67,106.73
,,6/26/2015,93.994,NA,104.67,106.73
,,6/29/2015,94.156,NA,104.706,106.465
,,6/30/2015,94.011,NA,104.53,106.28
,,7/1/2015,93.443,NA,104.674,106.63
,,7/2/2015,93.183,NA,104.753,106.59
,,7/3/2015,94.2,NA,104.774,106.38
,,7/6/2015,94.336,NA,104.542,106.26
,,7/7/2015,93.03,NA,104.505,106.22
,,7/8/2015,93.01,NA,104.581,106.15
,,7/9/2015,93.18,NA,104.474,106.13
,,7/10/2015,93.28,NA,104.42,106.15
,,7/13/2015,93.25,NA,104.529,106.17
,,7/14/2015,93.2,NA,104.541,106.38
,,7/15/2015,93.45,NA,104.576,106.38
,,7/16/2015,94.2,NA,104.538,106.38
,,7/17/2015,94.14,NA,104.9,106.58
,,7/20/2015,94.51,NA,104.65,106.44
,,7/21/2015,94.59,NA,104.669,106.51
,,7/22/2015,94.75,NA,104.74,106.62
,,7/23/2015,94.8,NA,104.714,106.63
,,7/24/2015,94.72,NA,104.704,106.63
,,7/27/2015,94.172,NA,104.698,106.63
,,7/28/2015,94.43,NA,104.695,106.6
,,7/29/2015,94.349,NA,104.676,106.61
,,7/30/2015,94.803,NA,104.663,106.6
,,7/31/2015,94.79,NA,104.65,106.63
,,8/3/2015,95.088,NA,104.651,106.67
,,8/4/2015,94.837,NA,104.662,106.73
,,8/5/2015,94.86,NA,104.7,106.73
,,8/6/2015,94.8,NA,104.78,106.73
,,8/7/2015,95.07,NA,104.83,106.73
,,8/10/2015,95.04,NA,104.78,106.63
,,8/11/2015,94.894,NA,104.78,106.63
,,8/12/2015,94.769,NA,104.746,106.58
,,8/13/2015,94.997,NA,104.751,106.59
,,8/14/2015,95.28,NA,104.753,106.88
,,8/17/2015,95.34,NA,104.73,106.98
,,8/18/2015,95.36,NA,104.88,106.655
,,8/19/2015,95.07,NA,104.78,106.58
,,8/20/2015,94.85,NA,104.69,106.43
,,8/21/2015,93.75,NA,104.6,106.415
,,8/24/2015,93,NA,104.165,106.03
,,8/25/2015,93.3,NA,104.368,106.095
,,8/26/2015,93.6,NA,104.416,106.08
,,8/27/2015,93.36,NA,104.377,106.13
,,8/28/2015,93.2,NA,104.55,106.125
,,8/31/2015,93.4,NA,104.435,106.195
,,9/1/2015,93.22,NA,104.47,106.48
,,9/2/2015,93.235,NA,104.45,106.38
,,9/3/2015,93.23,NA,104.32,106.215
,,9/4/2015,93.07,NA,104.44,106.245
,,9/7/2015,93.05,NA,104.385,106.21
,,9/8/2015,93.1,NA,104.41,106.18
,,9/9/2015,93.227,NA,104.28,106.225
,,9/10/2015,92.78,NA,104.405,106.19
,,9/11/2015,92.76,NA,104.24,106.18
,,9/14/2015,92.8,NA,104.38,106.18
,,9/15/2015,92.58,NA,104.34,106.18
,,9/16/2015,92.35,NA,104.28,106.23
,,9/17/2015,92.11,NA,104.28,106.21
,,9/18/2015,92.295,NA,104.115,106.217
,,9/21/2015,92.34,NA,104.06,106.15
,,9/22/2015,92.2,NA,104.105,105.99
,,9/23/2015,91.15,NA,103.88,105.37
,,9/24/2015,91.272,NA,104.064,105.449
,,9/25/2015,91.129,NA,103.43,104.78
,,9/28/2015,90.765,NA,104.045,104.78
,,9/29/2015,89.15,NA,103.2,104.78
,,9/30/2015,89.284,NA,103.03,103.923
,,10/1/2015,89.1,NA,102.8,103.752
,,10/2/2015,89,NA,102.93,103.78
,,10/5/2015,89,NA,103.13,103.515
,,10/6/2015,88.92,NA,103.18,103.88
,,10/7/2015,89.32,NA,103.48,103.84
,,10/8/2015,89.43,NA,103.43,104
,,10/9/2015,89.575,NA,103.51,104.24
,,10/12/2015,90.7,NA,103.51,104.375
,,10/13/2015,90.73,NA,103.51,104.47
,,10/14/2015,90.483,NA,103.5,104.78
,,10/15/2015,90.96,NA,103.51,104.83
,,10/16/2015,91.2,NA,103.48,104.555
,,10/19/2015,90.888,NA,103.51,105.18
,,10/20/2015,91.411,NA,103.635,105.08
,,10/21/2015,92.2,NA,103.635,105.08
,,10/22/2015,93.71,NA,104.01,105.36
,,10/23/2015,94.16,NA,103.885,105.93
,,10/26/2015,94.96,NA,103.96,106.01
,,10/27/2015,94.96,NA,104.025,106.23
,,10/28/2015,95.32,NA,104.065,106.26
,,10/29/2015,95.15,NA,103.97,105.97
,,10/30/2015,94.96,NA,104,106.045
,,11/2/2015,94.97,NA,104.08,105.99
,,11/3/2015,95.22,NA,104,106.09
,,11/4/2015,95.51,NA,104.094,106.28
,,11/5/2015,95.55,NA,104.097,105.9
,,11/6/2015,95.25,NA,104.062,106.279
,,11/9/2015,95.36,NA,104.063,106.12
,,11/10/2015,95.36,NA,103.9,106.115
,,11/11/2015,95.12,NA,104,106.09
,,11/12/2015,95.085,NA,104,106.28
,,11/13/2015,94.87,NA,103.875,106.005
,,11/16/2015,94.865,NA,103.785,105.87
,,11/17/2015,94.92,NA,103.78,105.88
,,11/18/2015,95.02,NA,103.78,105.93
,,11/19/2015,95.34,NA,103.84,106.02
,,11/20/2015,95.31,NA,103.845,106.045
,,11/23/2015,95.29,NA,103.895,105.795
,,11/24/2015,95.37,NA,103.907,106.08
,,11/25/2015,95.54,NA,103.907,106.13
,,11/26/2015,95.61,NA,103.55,106.13
,,11/27/2015,95.82,NA,103.895,106.18
,,11/30/2015,95.92,NA,103.88,105.835
,,12/1/2015,96,NA,103.98,106.145
,,12/2/2015,95.95,NA,103.98,106.14
,,12/3/2015,95.227,NA,103.587,105.968
,,12/4/2015,95.568,NA,103.567,105.868
,,12/7/2015,95.588,NA,103.587,105.893
,,12/8/2015,95.42,NA,103.697,105.98
,,12/9/2015,95.39,NA,103.705,105.91
,,12/10/2015,95.5,NA,103.94,106.08
,,12/11/2015,95.14,NA,103.615,105.685
,,12/14/2015,94.43,NA,103.23,105.205
,,12/15/2015,94.03,NA,103.165,105.16
,,12/16/2015,94.15,NA,103.23,104.78
,,12/17/2015,94.46,NA,103.264,104.98
,,12/18/2015,94.42,NA,103.23,104.58
,,12/21/2015,94.45,NA,103.23,105.08
,,12/22/2015,94.55,NA,103.131,104.83
,,12/23/2015,94.66,NA,103.12,104.78
,,12/24/2015,94.261,NA,103.475,104.996
,,12/25/2015,94.264,NA,103.474,105.051
,,12/28/2015,95.02,NA,103.28,104.88
,,12/29/2015,94.86,NA,103.18,104.58
,,12/30/2015,94.87,NA,103.18,104.58
,,12/31/2015,94.225,NA,103.448,104.92
,,1/1/2016,94.25,NA,103.449,104.923
,,1/4/2016,94.65,NA,103.075,104.88
,,1/5/2016,94.52,NA,103.18,104.4
,,1/6/2016,93.85,NA,103.065,104.78
,,1/7/2016,92.26,NA,102.532,103.93
,,1/8/2016,91.7,NA,102.54,103.795
,,1/11/2016,89.36,NA,102.616,103.325
,,1/12/2016,89.68,NA,102.39,103.78
,,1/13/2016,89.45,NA,102.425,103.455
,,1/14/2016,88.2,NA,102.366,103.28
,,1/15/2016,88.4,NA,102.33,103.08
,,1/18/2016,87.9,NA,102.24,103.08
,,1/19/2016,88.1,NA,102.361,103.18
,,1/20/2016,86.985,NA,102.076,102.9
,,1/21/2016,87.27,NA,102.35,103.4
,,1/22/2016,88.52,NA,102.5,103.7
,,1/25/2016,89.36,NA,102.51,103.7
,,1/26/2016,89.927,NA,102.65,103.7
,,1/27/2016,91.93,NA,102.6,104.025
,,1/28/2016,93.2,NA,102.9,104.545
,,1/29/2016,93.8,NA,102.915,104.655
,,2/1/2016,93.7,NA,102.8,104.61
,,2/2/2016,92.655,NA,102.732,104.45
,,2/3/2016,92.025,NA,102.8,104.5
,,2/4/2016,92.54,NA,102.8,104.6
,,2/5/2016,92.95,NA,102.7,104.6
,,2/8/2016,92.543,NA,102.7,104.1
,,2/9/2016,91.511,NA,102.845,104.288
,,2/10/2016,91.55,NA,102.51,104.45
,,2/11/2016,90.96,NA,102.496,103.75
,,2/12/2016,89.951,NA,102.43,103.704
,,2/15/2016,90.56,NA,102.45,103.65
,,2/16/2016,90.275,NA,102.45,103.66
,,2/17/2016,90.4,NA,102.45,103.595
,,2/18/2016,91.12,NA,102.556,103.85
,,2/19/2016,91.1,NA,102.56,103.875
,,2/22/2016,91.4,NA,102.56,104
,,2/23/2016,91.15,NA,102.54,103.95
,,2/24/2016,90.91,NA,102.6,103.82
,,2/25/2016,90.82,NA,102.8,104
,,2/26/2016,91.25,NA,102.8,104
,,2/29/2016,91.18,NA,102.85,104.1
,,3/1/2016,90.393,NA,102.8,103.95
,,3/2/2016,91.3,NA,102.564,104.125
,,3/3/2016,90.99,NA,102.6,104.2
,,3/4/2016,91.24,NA,102.585,104.021
,,3/7/2016,91.34,NA,102.55,104.1
,,3/8/2016,91.65,NA,102.585,104.25
,,3/9/2016,91.26,NA,102.53,104.35
,,3/10/2016,90.835,NA,102.615,104.475
,,3/11/2016,93.34,NA,102.77,104.85
,,3/14/2016,94.43,NA,102.95,105.5
,,3/15/2016,94.2,NA,102.95,104.85
,,3/16/2016,93.7,NA,102.765,105.264
,,3/17/2016,93.9,NA,102.74,105.6
,,3/18/2016,94.025,NA,102.737,105.26
,,3/21/2016,94.5,NA,102.73,105.28
,,3/22/2016,94.7,NA,102.77,105.28
,,3/23/2016,95.15,NA,102.9,105.4
,,3/24/2016,95.05,NA,102.745,105.7
,,3/25/2016,94.508,NA,103.074,105.757
,,3/28/2016,94.562,NA,103.074,105.779
,,3/29/2016,95.15,NA,102.945,105.65
,,3/30/2016,95.2,NA,102.775,105.5
,,3/31/2016,95.47,NA,102.87,105.7
,,4/1/2016,95.966,NA,102.85,105.78
,,4/4/2016,96.95,NA,102.86,106
,,4/5/2016,96.78,NA,102.84,106.02
,,4/6/2016,96.7,NA,102.84,105.9
,,4/7/2016,96.92,NA,102.81,105.95
,,4/8/2016,97,NA,102.792,105.885
,,4/11/2016,96.93,NA,102.775,105.899
,,4/12/2016,97.2,NA,102.785,106
,,4/13/2016,97.45,NA,102.815,106.075
,,4/14/2016,97.8,NA,102.825,106.22
,,4/15/2016,98.1,NA,102.775,106.17
,,4/18/2016,98,NA,102.76,106.15
,,4/19/2016,97.777,NA,102.935,106.4
,,4/20/2016,98.56,NA,102.945,106.55
,,4/21/2016,98.84,NA,102.95,106.25
,,4/22/2016,98.89,NA,102.925,106.35
,,4/25/2016,98.75,NA,102.925,106.4
,,4/26/2016,98.5,NA,102.875,106.28
,,4/27/2016,98.5,NA,102.85,106.26
,,4/28/2016,98.52,NA,102.78,106.21
,,4/29/2016,98.61,NA,102.8,106.2
,,5/2/2016,98.55,NA,102.74,106.2
,,5/3/2016,98.635,NA,102.8,106.202
,,5/4/2016,98.46,NA,102.765,106.1
,,5/5/2016,98.575,NA,102.76,106.15
,,5/6/2016,98.65,NA,103.077,106.14
,,5/9/2016,98.47,NA,103.055,106.085
,,5/10/2016,97.95,NA,102.8,105.954
,,5/11/2016,97.95,NA,102.934,105.783
,,5/12/2016,97.46,NA,102.866,105.728
,,5/13/2016,97.37,NA,102.829,105.734
,,5/16/2016,96.981,NA,102.823,105.714
,,5/17/2016,98.066,NA,102.638,105.88
,,5/18/2016,97.5,NA,102.775,105.727
,,5/19/2016,97.45,NA,102.785,105.698
,,5/20/2016,97.2,NA,102.768,105.656
,,5/23/2016,97.15,NA,102.575,105.581
,,5/24/2016,97.15,NA,102.758,105.81
,,5/25/2016,97.35,NA,102.768,105.857
,,5/26/2016,97.45,NA,102.636,105.866
,,5/27/2016,97.48,NA,102.68,105.572
,,5/30/2016,97.55,NA,102.724,105.574
,,5/31/2016,97.575,NA,102.636,105.606
,,6/1/2016,97.755,NA,102.705,105.648
,,6/2/2016,97.75,NA,102.688,105.931
,,6/3/2016,98.22,NA,102.59,105.713
,,6/6/2016,97.96,NA,102.695,106.012
,,6/7/2016,98.34,NA,102.686,105.849
,,6/8/2016,98.3,NA,102.675,105.963
,,6/9/2016,98.36,NA,102.649,105.956
,,6/10/2016,98.21,NA,102.654,106.051
,,6/13/2016,97.84,NA,102.604,105.771
,,6/14/2016,97.42,NA,102.556,105.693
,,6/15/2016,98,NA,102.561,105.711
,,6/16/2016,97.55,NA,102.569,105.508
,,6/17/2016,97.85,NA,102.565,105.663
,,6/20/2016,98,NA,102.576,105.67
,,6/21/2016,98,NA,102.591,105.638
,,6/22/2016,98.12,NA,102.591,105.829
,,6/23/2016,98.1,NA,102.56,105.765
,,6/24/2016,96.171,NA,102.322,104.775
,,6/27/2016,96.45,NA,102.015,104.617
,,6/28/2016,96.612,NA,102.251,105
,,6/29/2016,96.855,NA,102.185,105.063
,,6/30/2016,96.628,NA,102.13,104.965
,,7/1/2016,97.4,NA,102.185,105.089
,,7/4/2016,97.76,NA,102.25,104.985
,,7/5/2016,97.62,NA,102.243,105.283
,,7/6/2016,97.93,NA,102.244,105.287
,,7/7/2016,98.1,NA,102.314,105.12
,,7/8/2016,98.28,NA,102.18,105.246
,,7/11/2016,98.55,NA,102.265,105.728
,,7/12/2016,99.2,NA,102.319,105.583
,,7/13/2016,99.21,NA,102.297,105.8
,,7/14/2016,99.44,NA,102.356,106.007
,,7/15/2016,99.55,NA,102.362,105.881
,,7/18/2016,99.57,NA,102.394,105.917
,,7/19/2016,99.75,NA,102.404,106.084
,,7/20/2016,100.1,NA,102.388,106.224
,,7/21/2016,100.32,NA,102.36,106.376
,,7/22/2016,100.82,NA,102.349,106.396
,,7/25/2016,101.25,NA,102.363,106.489
,,7/26/2016,100.974,NA,102.348,106.491
,,7/27/2016,101.21,NA,102.34,106.565
,,7/28/2016,101.38,NA,102.304,106.497
,,7/29/2016,101.57,NA,102.294,106.5
,,8/1/2016,101.35,NA,102.284,106.547
,,8/2/2016,101.57,NA,102.267,106.552
,,8/3/2016,101.72,NA,102.253,106.571
,,8/4/2016,101.78,NA,102.225,106.571
,,8/5/2016,101.88,NA,102.213,106.645
,,8/8/2016,101.91,NA,102.205,106.622
,,8/9/2016,101.89,NA,102.195,106.635
,,8/10/2016,102.28,NA,102.258,106.669
,,8/11/2016,102.29,NA,102.154,106.586
,,8/12/2016,102.32,NA,102.146,106.929
,,8/15/2016,102.29,NA,102.129,106.714
,,8/16/2016,102.27,NA,102.129,106.659
,,8/17/2016,102.4,NA,102.135,106.656
,,8/18/2016,102.68,NA,102.08,106.636
,,8/19/2016,102.3,NA,102.07,106.62
,,8/22/2016,102.6,NA,102.085,106.682
,,8/23/2016,102.78,NA,102.089,106.637
,,8/24/2016,102.69,NA,102.025,106.629
,,8/25/2016,102.71,NA,102.005,106.663
,,8/26/2016,102.71,NA,102.026,106.579
,,8/29/2016,102.88,NA,102.014,106.615
,,8/30/2016,102.79,NA,102.005,106.643
,,8/31/2016,102.593,NA,101.99,106.669
,,9/1/2016,102.85,NA,101.995,106.686
,,9/2/2016,102.85,NA,101.949,106.719
,,9/5/2016,102.65,NA,101.938,106.662
,,9/6/2016,102.7,NA,101.929,106.671
,,9/7/2016,102.79,NA,101.88,106.686
,,9/8/2016,102.66,NA,101.881,106.642
,,9/9/2016,102.46,NA,101.879,106.573
,,9/12/2016,101.3,NA,101.852,106.71
,,9/13/2016,101.44,NA,101.792,106.389
,,9/14/2016,101.04,NA,101.787,106.356
,,9/15/2016,101.25,NA,101.754,106.584
,,9/16/2016,100.85,NA,101.744,106.339
,,9/19/2016,100.85,NA,101.731,106.321
,,9/20/2016,100.67,NA,101.722,106.248
,,9/21/2016,100.49,NA,101.709,106.189
,,9/22/2016,100.92,NA,101.679,106.212
,,9/23/2016,100.91,NA,101.666,106.264
,,9/26/2016,100.94,NA,101.656,106.241
,,9/27/2016,100.82,NA,101.655,106.228
,,9/28/2016,101.03,NA,101.649,106.219
,,9/29/2016,101.01,NA,101.617,106.228
,,9/30/2016,100.98,NA,101.61,106.243
,,10/3/2016,101.007,NA,101.602,106.102
,,10/4/2016,101.25,NA,101.595,106.228
,,10/5/2016,100.95,NA,101.582,106.134
,,10/6/2016,101,NA,101.56,106.154
,,10/7/2016,100.9,NA,101.585,106.203
,,10/10/2016,101,NA,101.55,106.136
,,10/11/2016,101.1,NA,101.54,106.144
,,10/12/2016,101,NA,101.531,106.135
,,10/13/2016,100.95,NA,101.499,106.107
,,10/14/2016,100.89,NA,101.485,106.089
,,10/17/2016,100.88,NA,101.476,106.073
,,10/18/2016,100.92,NA,101.465,106.047
,,10/19/2016,100.88,NA,101.454,106.113
,,10/20/2016,101,NA,101.421,106.132
,,10/21/2016,100.83,NA,101.406,106.094
,,10/24/2016,100.88,NA,101.415,106.101
,,10/25/2016,100.93,NA,101.384,106.137
,,10/26/2016,100.88,NA,101.377,106.25
,,10/27/2016,100.88,NA,101.346,106.11
,,10/28/2016,100.93,NA,101.335,106.204
,,10/31/2016,100.98,NA,101.318,106.118
,,11/1/2016,100.83,NA,101.255,106.104
,,11/2/2016,100.96,NA,101.298,106.043
,,11/3/2016,100.91,NA,101.266,106.189
,,11/4/2016,100.8,NA,101.258,106.188
,,11/7/2016,100.88,NA,101.247,106.006
,,11/8/2016,100.326,NA,101.2,106.05
,,11/9/2016,100.74,NA,101.209,105.957
,,11/10/2016,100.77,NA,101.179,105.979
,,11/11/2016,100.25,NA,101.168,105.911
,,11/14/2016,100.27,NA,101.141,105.827
,,11/15/2016,100.02,NA,101.112,105.8
,,11/16/2016,100.11,NA,101.101,105.936
,,11/17/2016,99.83,NA,101.069,105.817
,,11/18/2016,99.849,NA,101.052,105.775
,,11/21/2016,99.88,NA,101.044,105.722
,,11/22/2016,99.98,NA,101.04,105.93
,,11/23/2016,99.63,NA,101.027,105.798
,,11/24/2016,99.63,NA,100.995,105.92
,,11/25/2016,99.83,NA,101.038,105.766
,,11/28/2016,99.95,NA,101.013,105.797
,,11/29/2016,99.88,NA,100.995,105.802
,,11/30/2016,99.88,NA,100.969,105.754
,,12/1/2016,99.67,NA,100.94,105.898
,,12/2/2016,99.83,NA,100.926,105.772
,,12/5/2016,99.83,NA,100.908,105.82
,,12/6/2016,100.08,NA,100.917,105.741
,,12/7/2016,100.11,NA,100.906,105.756
,,12/8/2016,100.21,NA,100.88,105.79
,,12/9/2016,100.24,NA,100.865,105.763
,,12/12/2016,100.25,NA,100.855,105.79
,,12/13/2016,100.28,NA,100.841,106
,,12/14/2016,100.07,NA,100.842,105.804
,,12/15/2016,100.28,NA,100.804,105.766
,,12/16/2016,100.18,NA,100.799,105.807
,,12/19/2016,100.26,NA,100.791,106.048
,,12/20/2016,100.02,NA,100.778,105.846
,,12/21/2016,100.44,NA,100.778,106.022
,,12/22/2016,100.59,NA,100.725,105.842
,,12/23/2016,100.58,NA,100.7,105.973
,,12/26/2016,100.489,NA,100.706,105.977
,,12/27/2016,100.32,NA,100.696,105.831
,,12/28/2016,100.469,NA,100.678,106.016
,,12/29/2016,100.98,NA,100.66,105.754
,,12/30/2016,100.415,NA,100.641,105.902
,,1/2/2017,101.38,NA,100.628,105.877
,,1/3/2017,100.78,NA,100.635,105.868
,,1/4/2017,101.08,NA,100.65,106.004
,,1/5/2017,101.18,NA,100.55,105.884
,,1/6/2017,100.86,NA,100.51,105.859
,,1/9/2017,101.05,NA,100.53,105.886
,,1/10/2017,101.07,NA,100.52,105.874
,,1/11/2017,101.18,NA,100.54,105.801
,,1/12/2017,101.28,NA,100.444,105.908
,,1/13/2017,101.33,NA,100.49,105.9
,,1/16/2017,101.38,NA,100.421,105.934
,,1/17/2017,101.48,NA,100.435,105.915
,,1/18/2017,101.48,NA,100.45,105.868
,,1/19/2017,101.48,NA,100.38,105.865
,,1/20/2017,101.48,NA,100.355,105.8
,,1/23/2017,101.588,NA,100.365,105.813
,,1/24/2017,101.578,NA,100.39,105.769
,,1/25/2017,101.73,NA,100.35,105.761
,,1/26/2017,101.78,NA,100.335,105.731
,,1/27/2017,101.72,NA,100.29,105.762
,,1/30/2017,101.431,NA,100.3,105.778
,,1/31/2017,101.93,NA,100.26,105.7
,,2/1/2017,101.88,NA,100.281,105.863
,,2/2/2017,102.06,NA,100.231,105.749
,,2/3/2017,102.04,NA,100.185,105.875
,,2/6/2017,102.13,NA,100.19,105.884
,,2/7/2017,101.99,NA,100.165,105.865
,,2/8/2017,101.98,NA,100.18,105.749
,,2/9/2017,102.08,NA,100.16,105.787
,,2/10/2017,102.08,NA,100.115,105.75
,,2/13/2017,102.03,NA,100.15,105.7
,,2/14/2017,102.02,NA,100.105,105.773
,,2/15/2017,102.3,NA,100.06,105.7
,,2/16/2017,102.34,NA,100.05,105.699
,,2/17/2017,102.48,NA,100,105.738
,,2/20/2017,102.66,NA,100,105.775
,,2/21/2017,102.82,NA,100,105.75
,,2/22/2017,104.16,NA,100.05,105.762
,,2/23/2017,104.885,NA,100,105.775
,,2/24/2017,104.85,NA,100,105.841
,,2/27/2017,104.41,NA,100,105.775
,,2/28/2017,104.54,NA,100,105.726
,,3/1/2017,104.4,NA,NA,105.645
,,3/2/2017,104.46,NA,NA,105.596
,,3/3/2017,104.48,NA,NA,105.528
,,3/6/2017,104.53,NA,NA,105.539
,,3/7/2017,104.58,NA,NA,105.5
,,3/8/2017,104.3,NA,NA,105.364
,,3/9/2017,104.1,NA,NA,105.081
,,3/10/2017,103.94,NA,NA,105.024
,,3/13/2017,104.01,NA,NA,104.885
,,3/14/2017,103.1,NA,NA,104.86
,,3/15/2017,102.93,NA,NA,104.788
,,3/16/2017,103.135,NA,NA,104.796
,,3/17/2017,103.18,NA,NA,104.885
,,3/20/2017,103.13,NA,NA,104.98
,,3/21/2017,103.18,NA,NA,105
,,3/22/2017,103.18,NA,NA,104.9
,,3/23/2017,103.18,NA,NA,104.98
,,3/24/2017,103.29,NA,NA,104.94
,,3/27/2017,103.01,NA,NA,104.9
,,3/28/2017,103.08,NA,NA,104.88
,,3/29/2017,103.14,NA,NA,104.894
,,3/30/2017,103.1,NA,NA,104.855
,,3/31/2017,102.96,NA,NA,104.88
,,4/3/2017,103.11,NA,NA,104.96
,,4/4/2017,102.98,NA,NA,104.98
,,4/5/2017,102.9,NA,NA,104.878
,,4/6/2017,102.98,NA,NA,104.81
,,4/7/2017,102.88,NA,NA,104.93
,,4/10/2017,103.03,NA,NA,104.927
,,4/11/2017,103.03,NA,NA,104.83
,,4/12/2017,103.06,NA,NA,104.855
,,4/13/2017,103.06,NA,NA,104.85
,,4/14/2017,103.152,NA,NA,104.935
,,4/17/2017,103.152,NA,NA,104.935
,,4/18/2017,103.06,NA,NA,104.845
,,4/19/2017,103.07,NA,NA,104.8
,,4/20/2017,103.13,NA,NA,104.86
,,4/21/2017,103.09,NA,NA,104.8
,,4/24/2017,103.22,NA,NA,104.7
,,4/25/2017,103.28,NA,NA,104.715
,,4/26/2017,103.29,NA,NA,104.75
,,4/27/2017,103.49,NA,NA,104.705
,,4/28/2017,103.6,NA,NA,104.74
,,5/1/2017,103.523,NA,NA,104.821
,,5/2/2017,103.59,NA,NA,104.735
,,5/3/2017,103.63,NA,NA,104.765
,,5/4/2017,103.58,NA,NA,104.706
,,5/5/2017,103.55,NA,NA,104.85
,,5/8/2017,103.58,NA,NA,104.75
,,5/9/2017,103.71,NA,NA,104.705
,,5/10/2017,103.76,NA,NA,104.785
,,5/11/2017,103.69,NA,NA,104.8
,,5/12/2017,103.885,NA,NA,104.785
,,5/15/2017,103.831,NA,NA,104.758
,,5/16/2017,104.03,NA,NA,104.75
,,5/17/2017,104.02,NA,NA,104.71
,,5/18/2017,103.585,NA,NA,104.68
,,5/19/2017,104.03,NA,NA,104.66
,,5/22/2017,103.645,NA,NA,104.675
,,5/23/2017,103.8,NA,NA,104.63
,,5/24/2017,103.932,NA,NA,104.65
,,5/25/2017,104.009,NA,NA,104.67
,,5/26/2017,103.97,NA,NA,104.65
,,5/29/2017,104.171,NA,NA,104.61
,,5/30/2017,104.155,NA,NA,104.614
,,5/31/2017,104.43,NA,NA,104.64
,,6/1/2017,104.19,NA,NA,104.57
,,6/2/2017,104.39,NA,NA,104.58
,,6/5/2017,104.39,NA,NA,104.545
,,6/6/2017,104.71,NA,NA,104.515
,,6/7/2017,104.67,NA,NA,104.48
,,6/8/2017,104.77,NA,NA,104.55
,,6/9/2017,104.93,NA,NA,104.33
,,6/12/2017,104.758,NA,NA,104.48
,,6/13/2017,104.84,NA,NA,104.46
,,6/14/2017,104.94,NA,NA,104.49
,,6/15/2017,104.96,NA,NA,104.44
,,6/16/2017,104.961,NA,NA,104.36
,,6/19/2017,105.08,NA,NA,104.22
,,6/20/2017,105.109,NA,NA,104.42
,,6/21/2017,105.48,NA,NA,104.43
,,6/22/2017,105.27,NA,NA,104.42
,,6/23/2017,105.173,NA,NA,104.42
,,6/26/2017,105.11,NA,NA,104.44
,,6/27/2017,105.05,NA,NA,104.38
,,6/28/2017,105.3,NA,NA,104.345
,,6/29/2017,105.13,NA,NA,104.33
,,6/30/2017,104.971,NA,NA,104.32
,,7/3/2017,105.21,NA,NA,104.32
,,7/4/2017,105.05,NA,NA,104.29
,,7/5/2017,105.07,NA,NA,104.26
,,7/6/2017,104.74,NA,NA,104.185
,,7/7/2017,104.785,NA,NA,104.13
,,7/10/2017,104.735,NA,NA,104.105
,,7/11/2017,104.86,NA,NA,104.16
,,7/12/2017,104.63,NA,NA,104.1
,,7/13/2017,104.76,NA,NA,104.11
,,7/14/2017,104.732,NA,NA,104.11
,,7/17/2017,104.865,NA,NA,104.1
,,7/18/2017,104.849,NA,NA,104.1
,,7/19/2017,104.98,NA,NA,104.1
,,7/20/2017,105.01,NA,NA,104.11
,,7/21/2017,105.06,NA,NA,104.11
,,7/24/2017,105.105,NA,NA,103.98
,,7/25/2017,105.03,NA,NA,104.06
,,7/26/2017,105.13,NA,NA,103.87
,,7/27/2017,105.2,NA,NA,104.01
,,7/28/2017,105.175,NA,NA,104.01
,,7/31/2017,105.29,NA,NA,104.04
,,8/1/2017,105.16,NA,NA,103.89
,,8/2/2017,105.37,NA,NA,104.061
,,8/3/2017,105.575,NA,NA,104.06
,,8/4/2017,105.48,NA,NA,104.03
,,8/7/2017,105.68,NA,NA,103.92
,,8/8/2017,105.506,NA,NA,104
,,8/9/2017,105.67,NA,NA,103.96
,,8/10/2017,105.426,NA,NA,103.648
,,8/11/2017,105.49,NA,NA,103.78
,,8/14/2017,105.48,NA,NA,103.93
,,8/15/2017,105.68,NA,NA,103.93
,,8/16/2017,105.78,NA,NA,103.93
,,8/17/2017,105.83,NA,NA,103.88
,,8/18/2017,105.472,NA,NA,103.83
,,8/21/2017,105.545,NA,NA,103.82
,,8/22/2017,105.41,NA,NA,103.85
,,8/23/2017,105.51,NA,NA,103.84
,,8/24/2017,105.494,NA,NA,103.78
,,8/25/2017,105.68,NA,NA,103.83
,,8/28/2017,105.745,NA,NA,103.745
,,8/29/2017,105.635,NA,NA,103.71
,,8/30/2017,105.78,NA,NA,103.78
,,8/31/2017,105.642,NA,NA,103.72
,,9/1/2017,105.64,NA,NA,103.69
,,9/4/2017,105.73,NA,NA,103.665
,,9/5/2017,105.66,NA,NA,103.665
,,9/6/2017,105.66,NA,NA,103.655
,,9/7/2017,105.6,NA,NA,103.7
,,9/8/2017,105.76,NA,NA,103.665
,,9/11/2017,105.715,NA,NA,103.635
,,9/12/2017,105.631,NA,NA,103.625
,,9/13/2017,105.847,NA,NA,103.625
,,9/14/2017,105.98,NA,NA,103.62
,,9/15/2017,105.78,NA,NA,103.605
,,9/18/2017,105.64,NA,NA,103.585
,,9/19/2017,105.69,NA,NA,103.585
,,9/20/2017,106.43,NA,NA,103.59
,,9/21/2017,106.53,NA,NA,103.54
,,9/22/2017,106.428,NA,NA,103.53
,,9/25/2017,106.415,NA,NA,103.545
,,9/26/2017,106.545,NA,NA,103.53
,,9/27/2017,106.56,NA,NA,103.5
,,9/28/2017,106.59,NA,NA,103.405
,,9/29/2017,106.65,NA,NA,103.405
,,10/2/2017,106.54,NA,NA,103.4
,,10/3/2017,106.31,NA,NA,103.487
,,10/4/2017,106.508,NA,NA,103.395
,,10/5/2017,106.54,NA,NA,103.375
,,10/6/2017,106.765,NA,NA,103.35
,,10/9/2017,106.91,NA,NA,103.34
,,10/10/2017,106.849,NA,NA,103.35
,,10/11/2017,106.875,NA,NA,103.33
,,10/12/2017,106.84,NA,NA,103.32
,,10/13/2017,107.202,NA,NA,103.3
,,10/16/2017,107.49,NA,NA,103.285
,,10/17/2017,107.365,NA,NA,103.08
,,10/18/2017,107.46,NA,NA,103.265
,,10/19/2017,107.515,NA,NA,103.285
,,10/20/2017,107.27,NA,NA,103.28
,,10/23/2017,107.535,NA,NA,103.28
,,10/24/2017,107.442,NA,NA,103.28
,,10/25/2017,107.55,NA,NA,103.26
,,10/26/2017,107.695,NA,NA,103.27
,,10/27/2017,108.03,NA,NA,103.28
,,10/30/2017,108.57,NA,NA,103.23
,,10/31/2017,108.26,NA,NA,103.17
,,11/1/2017,108.89,NA,NA,103.235
,,11/2/2017,108.61,NA,NA,103.02
,,11/3/2017,108.88,NA,NA,103.18
,,11/6/2017,108.74,NA,NA,103.17
,,11/7/2017,108.7,NA,NA,103.165
,,11/8/2017,108.575,NA,NA,102.885
,,11/9/2017,108.625,NA,NA,103.03
,,11/10/2017,108.105,NA,NA,102.95
,,11/13/2017,108.6,NA,NA,102.855
,,11/14/2017,108.6,NA,NA,103.05
,,11/15/2017,108.33,NA,NA,103.02
,,11/16/2017,108.38,NA,NA,102.93
,,11/17/2017,108.11,NA,NA,102.98
,,11/20/2017,108.19,NA,NA,102.965
,,11/21/2017,108.205,NA,NA,102.94
,,11/22/2017,108.485,NA,NA,102.93
,,11/23/2017,108.54,NA,NA,102.965
,,11/24/2017,108.29,NA,NA,102.83
,,11/27/2017,108.55,NA,NA,102.885
,,11/28/2017,108.55,NA,NA,102.8
,,11/29/2017,108.19,NA,NA,102.865
,,11/30/2017,108.61,NA,NA,102.85
,,12/1/2017,108.37,NA,NA,102.82
,,12/4/2017,108.46,NA,NA,102.84
,,12/5/2017,108.51,NA,NA,102.805
,,12/6/2017,108.31,NA,NA,102.81
,,12/7/2017,108.49,NA,NA,102.7
,,12/8/2017,108.48,NA,NA,102.745
,,12/11/2017,108.48,NA,NA,102.735
,,12/12/2017,108.38,NA,NA,102.73
,,12/13/2017,108.12,NA,NA,102.71
,,12/14/2017,108.35,NA,NA,102.715
,,12/15/2017,108.32,NA,NA,102.685
,,12/18/2017,108.14,NA,NA,102.61
,,12/19/2017,107.94,NA,NA,102.613
,,12/20/2017,108.13,NA,NA,102.61
,,12/21/2017,108.07,NA,NA,102.53
,,12/22/2017,108.1,NA,NA,102.57
,,12/25/2017,108.062,NA,NA,102.594
,,12/26/2017,108.215,NA,NA,102.594
,,12/27/2017,108.2,NA,NA,102.275
,,12/28/2017,107.85,NA,NA,102.21
,,12/29/2017,108.128,NA,NA,102.515
,,1/1/2018,108.24,NA,NA,102.528
,,1/2/2018,108.025,NA,NA,102.545
,,1/3/2018,107.96,NA,NA,102.54
,,1/4/2018,108.12,NA,NA,102.5
,,1/5/2018,107.95,NA,NA,102.5
,,1/8/2018,108.28,NA,NA,102.285
,,1/9/2018,107.98,NA,NA,102.485
,,1/10/2018,108.17,NA,NA,102.435
,,1/11/2018,108.06,NA,NA,102.345
,,1/12/2018,108.07,NA,NA,102.4
,,1/15/2018,108.09,NA,NA,102.385
,,1/16/2018,108.27,NA,NA,102.385
,,1/17/2018,107.892,NA,NA,102.073
,,1/18/2018,107.96,NA,NA,102.345
,,1/19/2018,108.28,NA,NA,102.35
,,1/22/2018,108.01,NA,NA,102.31
,,1/23/2018,108.03,NA,NA,102.28
,,1/24/2018,107.91,NA,NA,102.095
,,1/25/2018,107.845,NA,NA,102.275
,,1/26/2018,108.02,NA,NA,102.235
,,1/29/2018,107.62,NA,NA,102.03
,,1/30/2018,107.615,NA,NA,102.225
,,1/31/2018,107.77,NA,NA,102.215
,,2/1/2018,107.62,NA,NA,102.19
,,2/2/2018,107.75,NA,NA,102.175
,,2/5/2018,107.47,NA,NA,102.15
,,2/6/2018,107.48,NA,NA,102.14
,,2/7/2018,107.275,NA,NA,102.125
,,2/8/2018,107.08,NA,NA,102.04
,,2/9/2018,106.563,NA,NA,101.98
,,2/12/2018,106.74,NA,NA,102.03
,,2/13/2018,106.39,NA,NA,101.94
,,2/14/2018,106.345,NA,NA,101.885
,,2/15/2018,106.31,NA,NA,101.9
,,2/16/2018,106.44,NA,NA,101.91
,,2/19/2018,106.445,NA,NA,101.92
,,2/20/2018,106.07,NA,NA,101.92
,,2/21/2018,106.195,NA,NA,101.92
,,2/22/2018,106.21,NA,NA,101.885
,,2/23/2018,106.22,NA,NA,101.905
,,2/26/2018,105.95,NA,NA,101.79
,,2/27/2018,106.05,NA,NA,101.93
,,2/28/2018,106.09,NA,NA,101.78
,,3/1/2018,106.122,NA,NA,101.77
,,3/2/2018,105.5,NA,NA,101.87
,,3/5/2018,105.23,NA,NA,101.809
,,3/6/2018,105.215,NA,NA,101.835
,,3/7/2018,105.3,NA,NA,101.829
,,3/8/2018,105.34,NA,NA,101.65
,,3/9/2018,105.225,NA,NA,101.781
,,3/12/2018,105.285,NA,NA,101.715
,,3/13/2018,105.475,NA,NA,101.66
,,3/14/2018,105.25,NA,NA,101.754
,,3/15/2018,105.38,NA,NA,101.65
,,3/16/2018,105.26,NA,NA,101.57
,,3/19/2018,105.165,NA,NA,101.67
,,3/20/2018,104.855,NA,NA,101.5
,,3/21/2018,105.235,NA,NA,101.682
,,3/22/2018,104.86,NA,NA,101.54
,,3/23/2018,104.61,NA,NA,101.57
,,3/26/2018,104.75,NA,NA,101.27
,,3/27/2018,104.88,NA,NA,101.565
,,3/28/2018,104.805,NA,NA,101.3
,,3/29/2018,104.565,NA,NA,101.295
,,3/30/2018,104.695,NA,NA,101.518
,,4/2/2018,104.836,NA,NA,101.518
,,4/3/2018,104.69,NA,NA,101.46
,,4/4/2018,104.515,NA,NA,101.45
,,4/5/2018,104.775,NA,NA,101.42
,,4/6/2018,104.98,NA,NA,101.44
,,4/9/2018,104.55,NA,NA,101.44
,,4/10/2018,104.68,NA,NA,101.225
,,4/11/2018,104.98,NA,NA,101.43
,,4/12/2018,104.94,NA,NA,101.41
,,4/13/2018,105.2,NA,NA,101.395
,,4/16/2018,105.28,NA,NA,101.385
,,4/17/2018,105.285,NA,NA,101.38
,,4/18/2018,105.08,NA,NA,101.39
,,4/19/2018,105.076,NA,NA,101.155
,,4/20/2018,105.165,NA,NA,101.33
,,4/23/2018,104.87,NA,NA,101.295
,,4/24/2018,105.09,NA,NA,101.09
,,4/25/2018,105.065,NA,NA,101.095
,,4/26/2018,105.26,NA,NA,101.28
,,4/27/2018,105.28,NA,NA,101.26
,,4/30/2018,105.17,NA,NA,101.22
,,5/1/2018,105.214,NA,NA,101.22
,,5/2/2018,105.28,NA,NA,101.22
,,5/3/2018,105.405,NA,NA,101.22
,,5/4/2018,105.3,NA,NA,101.15
,,5/7/2018,105.38,NA,NA,101.16
,,5/8/2018,105.13,NA,NA,100.975
,,5/9/2018,105.16,NA,NA,101.15
,,5/10/2018,105.345,NA,NA,101.115
,,5/11/2018,105.115,NA,NA,101.13
,,5/14/2018,104.975,NA,NA,101.07
,,5/15/2018,104.885,NA,NA,100.87
,,5/16/2018,105.205,NA,NA,101.055
,,5/17/2018,104.825,NA,NA,100.825
,,5/18/2018,105.08,NA,NA,101.02
,,5/21/2018,104.88,NA,NA,101
,,5/22/2018,104.72,NA,NA,100.78
,,5/23/2018,104.74,NA,NA,100.98
,,5/24/2018,104.76,NA,NA,100.96
,,5/25/2018,104.98,NA,NA,100.92
,,5/28/2018,105.13,NA,NA,100.76
,,5/29/2018,104.179,NA,NA,100.585
,,5/30/2018,103.9,NA,NA,100.87
,,5/31/2018,104.229,NA,NA,100.568
,,6/1/2018,104.099,NA,NA,100.528
,,6/4/2018,104.26,NA,NA,100.856
,,6/5/2018,104.1,NA,NA,100.785
,,6/6/2018,103.94,NA,NA,100.775
,,6/7/2018,103.77,NA,NA,100.775
,,6/8/2018,103.96,NA,NA,100.76
,,6/11/2018,103.78,NA,NA,100.7
,,6/12/2018,103.89,NA,NA,100.76
,,6/13/2018,103.9,NA,NA,100.755
,,6/14/2018,104.11,NA,NA,100.74
,,6/15/2018,104.32,NA,NA,100.75
,,6/18/2018,104.32,NA,NA,100.715
,,6/19/2018,104.23,NA,NA,100.705
,,6/20/2018,104.3,NA,NA,100.695
,,6/21/2018,104.48,NA,NA,100.685
,,6/22/2018,104.48,NA,NA,100.7
,,6/25/2018,104.5,NA,NA,100.645
,,6/26/2018,104.38,NA,NA,100.645
,,6/27/2018,104.38,NA,NA,100.59
,,6/28/2018,104.27,NA,NA,100.525
,,6/29/2018,104.22,NA,NA,100.5
,,7/2/2018,104.18,NA,NA,100.52
,,7/3/2018,104.32,NA,NA,100.475
,,7/4/2018,104.2,NA,NA,100.505
,,7/5/2018,104.22,NA,NA,100.465
,,7/6/2018,104.28,NA,NA,100.485
,,7/9/2018,104.26,NA,NA,100.475
,,7/10/2018,104.32,NA,NA,100.47
,,7/11/2018,104.04,NA,NA,100.465
,,7/12/2018,104.3,NA,NA,100.415
,,7/13/2018,104.34,NA,NA,100.44
,,7/16/2018,104.15,NA,NA,100.405
,,7/17/2018,104.23,NA,NA,100.46
,,7/18/2018,104.38,NA,NA,100.44
,,7/19/2018,104.46,NA,NA,100.35
,,7/20/2018,104.28,NA,NA,100.378
,,7/23/2018,104.31,NA,NA,100.33
,,7/24/2018,104.48,NA,NA,100.295
,,7/25/2018,104.41,NA,NA,100.315
,,7/26/2018,104.54,NA,NA,100.295
,,7/27/2018,104.71,NA,NA,100.28
,,7/30/2018,104.44,NA,NA,100.25
,,7/31/2018,104.5,NA,NA,100.245
,,8/1/2018,104.39,NA,NA,100.22
,,8/2/2018,104.52,NA,NA,100.19
,,8/3/2018,104.82,NA,NA,100.2
,,8/6/2018,104.76,NA,NA,100.18
,,8/7/2018,104.8,NA,NA,100.15
,,8/8/2018,104.71,NA,NA,100.15
,,8/9/2018,105.1,NA,NA,100.15
,,8/10/2018,105.2,NA,NA,100.15
,,8/13/2018,104.86,NA,NA,100.13
,,8/14/2018,104.82,NA,NA,100.12
,,8/15/2018,105.13,NA,NA,100.05
,,8/16/2018,104.93,NA,NA,100.075
,,8/17/2018,104.839,NA,NA,100.005
,,8/20/2018,104.98,NA,NA,100.046
,,8/21/2018,104.88,NA,NA,100.03
,,8/22/2018,104.86,NA,NA,100.02
,,8/23/2018,105.09,NA,NA,100.011
,,8/24/2018,105.08,NA,NA,100.02
,,8/27/2018,104.93,NA,NA,100.02
,,8/28/2018,105,NA,NA,NA
,,8/29/2018,105.01,NA,NA,NA
,,8/30/2018,105.14,NA,NA,NA
,,8/31/2018,105.22,NA,NA,NA
,,9/3/2018,105.21,NA,NA,NA
,,9/4/2018,104.97,NA,NA,NA
,,9/5/2018,104.76,NA,NA,NA
,,9/6/2018,104.9,NA,NA,NA
,,9/7/2018,104.64,NA,NA,NA
,,9/10/2018,104.96,NA,NA,NA
,,9/11/2018,104.78,NA,NA,NA
,,9/12/2018,105.04,NA,NA,NA
,,9/13/2018,104.81,NA,NA,NA
,,9/14/2018,104.76,NA,NA,NA
,,9/17/2018,104.845,NA,NA,NA
,,9/18/2018,105.13,NA,NA,NA
,,9/19/2018,105.18,NA,NA,NA
,,9/20/2018,105.28,NA,NA,NA
,,9/21/2018,105.34,NA,NA,NA
,,9/24/2018,105.03,NA,NA,NA
,,9/25/2018,105,NA,NA,NA
,,9/26/2018,105.3,NA,NA,NA
,,9/27/2018,105.02,NA,NA,NA
,,9/28/2018,105.2,NA,NA,NA
,,10/1/2018,105.16,NA,NA,NA
,,10/2/2018,105.23,NA,NA,NA
,,10/3/2018,104.86,NA,NA,NA
,,10/4/2018,105.13,NA,NA,NA
,,10/5/2018,104.88,NA,NA,NA
,,10/8/2018,104.8,NA,NA,NA
,,10/9/2018,104.52,NA,NA,NA
,,10/10/2018,104.66,NA,NA,NA
,,10/11/2018,104.6,NA,NA,NA
,,10/12/2018,104.48,NA,NA,NA
,,10/15/2018,104.41,NA,NA,NA
,,10/16/2018,104.41,NA,NA,NA
,,10/17/2018,104.22,NA,NA,NA
,,10/18/2018,104.21,NA,NA,NA
,,10/19/2018,104.17,NA,NA,NA
,,10/22/2018,104.15,NA,NA,NA
,,10/23/2018,104.08,NA,NA,NA
,,10/24/2018,103.92,NA,NA,NA
,,10/25/2018,103.62,NA,NA,NA
,,10/26/2018,103.03,NA,NA,NA
,,10/29/2018,103.06,NA,NA,NA
,,10/30/2018,103.03,NA,NA,NA
,,10/31/2018,102.82,NA,NA,NA
,,11/1/2018,102.72,NA,NA,NA
,,11/2/2018,102.53,NA,NA,NA
,,11/5/2018,102.52,NA,NA,NA
,,11/6/2018,102.72,NA,NA,NA
,,11/7/2018,102.58,NA,NA,NA
,,11/8/2018,102.78,NA,NA,NA
,,11/9/2018,101.52,NA,NA,NA
,,11/12/2018,101.04,NA,NA,NA
,,11/13/2018,100.66,NA,NA,NA
,,11/14/2018,100.11,NA,NA,NA
,,11/15/2018,99.9,NA,NA,NA
,,11/16/2018,99.98,NA,NA,NA
,,11/19/2018,98.87,NA,NA,NA
,,11/20/2018,97.75,NA,NA,NA
,,11/21/2018,97.74,NA,NA,NA
,,11/22/2018,97.56,NA,NA,NA
,,11/23/2018,97.3,NA,NA,NA
,,11/26/2018,97.94,NA,NA,NA
,,11/27/2018,98.03,NA,NA,NA
,,11/28/2018,98.23,NA,NA,NA
,,11/29/2018,98.2,NA,NA,NA
,,11/30/2018,98,NA,NA,NA
,,12/3/2018,98.03,NA,NA,NA
,,12/4/2018,97.598,NA,NA,NA
,,12/5/2018,97.57,NA,NA,NA
,,12/6/2018,97.41,NA,NA,NA
,,12/7/2018,97.58,NA,NA,NA
,,12/10/2018,97.6,NA,NA,NA
,,12/11/2018,97.78,NA,NA,NA
,,12/12/2018,97.88,NA,NA,NA
,,12/13/2018,98.16,NA,NA,NA
,,12/14/2018,98.48,NA,NA,NA
,,12/17/2018,98.48,NA,NA,NA
,,12/18/2018,98.18,NA,NA,NA
,,12/19/2018,97.9,NA,NA,NA
,,12/20/2018,98.18,NA,NA,NA
,,12/21/2018,97.98,NA,NA,NA
,,12/24/2018,97.2,NA,NA,NA
,,12/25/2018,97.265,NA,NA,NA
,,12/26/2018,97.265,NA,NA,NA
,,12/27/2018,97.73,NA,NA,NA
,,12/28/2018,97.067,NA,NA,NA
,,12/31/2018,97.367,NA,NA,NA
,,1/1/2019,97.411,NA,NA,NA
,,1/2/2019,97.73,NA,NA,NA
,,1/3/2019,97.73,NA,NA,NA
,,1/4/2019,97.48,NA,NA,NA
,,1/7/2019,97.6,NA,NA,NA
,,1/8/2019,97.7,NA,NA,NA
,,1/9/2019,97.67,NA,NA,NA
,,1/10/2019,97.62,NA,NA,NA
,,1/11/2019,97.86,NA,NA,NA
,,1/14/2019,97.78,NA,NA,NA
,,1/15/2019,97.98,NA,NA,NA
,,1/16/2019,98.1,NA,NA,NA
,,1/17/2019,98.78,NA,NA,NA
,,1/18/2019,98.349,NA,NA,NA
,,1/21/2019,99.48,NA,NA,NA
,,1/22/2019,99.68,NA,NA,NA
,,1/23/2019,99.68,NA,NA,NA
,,1/24/2019,99.98,NA,NA,NA
,,1/25/2019,100.39,NA,NA,NA
,,1/28/2019,100.09,NA,NA,NA
,,1/29/2019,101,NA,NA,NA
,,1/30/2019,101.53,NA,NA,NA
,,1/31/2019,101.69,NA,NA,NA
,,2/1/2019,101.48,NA,NA,NA
,,2/4/2019,101.78,NA,NA,NA
,,2/5/2019,102.23,NA,NA,NA
,,2/6/2019,102.22,NA,NA,NA
,,2/7/2019,101.92,NA,NA,NA
,,2/8/2019,102.14,NA,NA,NA
,,2/11/2019,101.38,NA,NA,NA
,,2/12/2019,99.77,NA,NA,NA
,,2/13/2019,99.76,NA,NA,NA
,,2/14/2019,100.2,NA,NA,NA
,,2/15/2019,100.48,NA,NA,NA
,,2/18/2019,98.48,NA,NA,NA
,,2/19/2019,97.96,NA,NA,NA
,,2/20/2019,97.24,NA,NA,NA
,,2/21/2019,96.98,NA,NA,NA
,,2/22/2019,97.05,NA,NA,NA
,,2/25/2019,97.32,NA,NA,NA
,,2/26/2019,97.78,NA,NA,NA
,,2/27/2019,98.24,NA,NA,NA
,,2/28/2019,98.48,NA,NA,NA
,,3/1/2019,98.68,NA,NA,NA
,,3/4/2019,99.46,NA,NA,NA
,,3/5/2019,99.82,NA,NA,NA
,,3/6/2019,99.74,NA,NA,NA
,,3/7/2019,99.48,NA,NA,NA
,,3/8/2019,99.48,NA,NA,NA
,,3/11/2019,99.25,NA,NA,NA
,,3/12/2019,99.52,NA,NA,NA
,,3/13/2019,99.74,NA,NA,NA
,,3/14/2019,100.12,NA,NA,NA
,,3/15/2019,100.38,NA,NA,NA
,,3/18/2019,100.22,NA,NA,NA
,,3/19/2019,100.62,NA,NA,NA
,,3/20/2019,100.56,NA,NA,NA
,,3/21/2019,100.28,NA,NA,NA
,,3/22/2019,100.18,NA,NA,NA
,,3/25/2019,100.08,NA,NA,NA
,,3/26/2019,100.46,NA,NA,NA
,,3/27/2019,100.58,NA,NA,NA
,,3/28/2019,100.56,NA,NA,NA
,,3/29/2019,100.88,NA,NA,NA
,,4/1/2019,101.38,NA,NA,NA
,,4/2/2019,101.58,NA,NA,NA
,,4/3/2019,101.56,NA,NA,NA
,,4/4/2019,101.18,NA,NA,NA
,,4/5/2019,101.53,NA,NA,NA
,,4/8/2019,101.78,NA,NA,NA
,,4/9/2019,101.333,NA,NA,NA
,,4/10/2019,101.76,NA,NA,NA
,,4/11/2019,102.02,NA,NA,NA
,,4/12/2019,101.89,NA,NA,NA
,,4/15/2019,102.32,NA,NA,NA
,,4/16/2019,102.44,NA,NA,NA
,,4/17/2019,103.12,NA,NA,NA
,,4/18/2019,103.58,NA,NA,NA
,,4/19/2019,102.902,NA,NA,NA
,,4/22/2019,102.959,NA,NA,NA
,,4/23/2019,103.58,NA,NA,NA
,,4/24/2019,103.62,NA,NA,NA
,,4/25/2019,103.53,NA,NA,NA
,,4/26/2019,103.41,NA,NA,NA
,,4/29/2019,103.33,NA,NA,NA
,,4/30/2019,103.22,NA,NA,NA
,,5/1/2019,103.134,NA,NA,NA
,,5/2/2019,102.86,NA,NA,NA
,,5/3/2019,102.46,NA,NA,NA
,,5/6/2019,101.9,NA,NA,NA
,,5/7/2019,101.97,NA,NA,NA
,,5/8/2019,100.26,NA,NA,NA
,,5/9/2019,100.12,NA,NA,NA
,,5/10/2019,101.78,NA,NA,NA
,,5/13/2019,101.01,NA,NA,NA
,,5/14/2019,101.03,NA,NA,NA
,,5/15/2019,100.78,NA,NA,NA
,,5/16/2019,100.88,NA,NA,NA
,,5/17/2019,100.92,NA,NA,NA
,,5/20/2019,101.53,NA,NA,NA
,,5/21/2019,101.48,NA,NA,NA
,,5/22/2019,101.28,NA,NA,NA
,,5/23/2019,100.72,NA,NA,NA
,,5/24/2019,100.48,NA,NA,NA
,,5/27/2019,100.4,NA,NA,NA
,,5/28/2019,100.8,NA,NA,NA
,,5/29/2019,100.2,NA,NA,NA
,,5/30/2019,100.25,NA,NA,NA
,,5/31/2019,99.78,NA,NA,NA
,,6/3/2019,99.42,NA,NA,NA
,,6/4/2019,99.81,NA,NA,NA
,,6/5/2019,99.86,NA,NA,NA
,,6/6/2019,99.78,NA,NA,NA
,,6/7/2019,100.1,NA,NA,NA
,,6/10/2019,100.087,NA,NA,NA
,,6/11/2019,100.32,NA,NA,NA
,,6/12/2019,100.38,NA,NA,NA
,,6/13/2019,100.28,NA,NA,NA
,,6/14/2019,100.38,NA,NA,NA
,,6/17/2019,100.38,NA,NA,NA
,,6/18/2019,100.92,NA,NA,NA
,,6/19/2019,101.359,NA,NA,NA
,,6/20/2019,101.9,NA,NA,NA
,,6/21/2019,102.1,NA,NA,NA
,,6/24/2019,102.28,NA,NA,NA
,,6/25/2019,102.58,NA,NA,NA
,,6/26/2019,102.58,NA,NA,NA
,,6/27/2019,103.08,NA,NA,NA
,,6/28/2019,103.12,NA,NA,NA
,,7/1/2019,103.23,NA,NA,NA
,,7/2/2019,103.2,NA,NA,NA
,,7/3/2019,104.06,NA,NA,NA
,,7/4/2019,104.78,NA,NA,NA
,,7/5/2019,104.26,NA,NA,NA
,,7/8/2019,104.28,NA,NA,NA
,,7/9/2019,103.78,NA,NA,NA
,,7/10/2019,103.86,NA,NA,NA
,,7/11/2019,103.84,NA,NA,NA
,,7/12/2019,103.78,NA,NA,NA
,,7/15/2019,103.72,NA,NA,NA
,,7/16/2019,103.82,NA,NA,NA
,,7/17/2019,103.78,NA,NA,NA
,,7/18/2019,103.78,NA,NA,NA
,,7/19/2019,103.78,NA,NA,NA
,,7/22/2019,103.9,NA,NA,NA
,,7/23/2019,103.85,NA,NA,NA
,,7/24/2019,104.02,NA,NA,NA
,,7/25/2019,104.12,NA,NA,NA
,,7/26/2019,104.28,NA,NA,NA
,,7/29/2019,104.51,NA,NA,NA
,,7/30/2019,104.28,NA,NA,NA
,,7/31/2019,104.38,NA,NA,NA
,,8/1/2019,104.38,NA,NA,NA
,,8/2/2019,104.3,NA,NA,NA
,,8/5/2019,103.7,NA,NA,NA
,,8/6/2019,103.96,NA,NA,NA
,,8/7/2019,104.06,NA,NA,NA
,,8/8/2019,104.45,NA,NA,NA
,,8/9/2019,103.84,NA,NA,NA
,,8/12/2019,104.2,NA,NA,NA
,,8/13/2019,103.8,NA,NA,NA
,,8/14/2019,103.8,NA,NA,NA
,,8/15/2019,103.08,NA,NA,NA
,,8/16/2019,102.3,NA,NA,NA
,,8/19/2019,101.05,NA,NA,NA
,,8/20/2019,100.42,NA,NA,NA
,,8/21/2019,100.77,NA,NA,NA
,,8/22/2019,101.34,NA,NA,NA
,,8/23/2019,102.35,NA,NA,NA
,,8/26/2019,101.9,NA,NA,NA
,,8/27/2019,101.95,NA,NA,NA
,,8/28/2019,102.3,NA,NA,NA
,,8/29/2019,102.251,NA,NA,NA
,,8/30/2019,102.65,NA,NA,NA
,,9/2/2019,102.4,NA,NA,NA
,,9/3/2019,102.24,NA,NA,NA
,,9/4/2019,102.41,NA,NA,NA
,,9/5/2019,102.384,NA,NA,NA
,,9/6/2019,102.72,NA,NA,NA
,,9/9/2019,102.591,NA,NA,NA
,,9/10/2019,102.539,NA,NA,NA
,,9/11/2019,102.775,NA,NA,NA
,,9/12/2019,103.162,NA,NA,NA
,,9/13/2019,103.476,NA,NA,NA
,,9/16/2019,103.737,NA,NA,NA
,,9/17/2019,103.789,NA,NA,NA
,,9/18/2019,103.758,NA,NA,NA
,,9/19/2019,103.859,NA,NA,NA
,,9/20/2019,104.121,NA,NA,NA
,,9/23/2019,104.067,NA,NA,NA
,,9/24/2019,104.359,NA,NA,NA
,,9/25/2019,103.749,NA,NA,NA
,,9/26/2019,103.903,NA,NA,NA
,,9/27/2019,103.902,NA,NA,NA
,,9/30/2019,103.385,NA,NA,NA
,,10/1/2019,103.429,NA,NA,NA
,,10/2/2019,103.22,NA,NA,NA
,,10/3/2019,103.119,NA,NA,NA
,,10/4/2019,102.906,NA,NA,NA
,,10/7/2019,102.751,NA,NA,NA
,,10/8/2019,102.544,NA,NA,NA
,,10/9/2019,102.39,NA,NA,NA
,,10/10/2019,102.421,NA,NA,NA
,,10/11/2019,102.42,NA,NA,NA
,,10/14/2019,102.68,NA,NA,NA
,,10/15/2019,102.68,NA,NA,NA
,,10/16/2019,102.68,NA,NA,NA
,,10/17/2019,102.826,NA,NA,NA
,,10/18/2019,102.5,NA,NA,NA
,,10/21/2019,102.48,NA,NA,NA
,,10/22/2019,102.46,NA,NA,NA
,,10/23/2019,102.46,NA,NA,NA
,,10/24/2019,102.4,NA,NA,NA
,,10/25/2019,102.65,NA,NA,NA
,,10/28/2019,102.45,NA,NA,NA
,,10/29/2019,102.4,NA,NA,NA
,,10/30/2019,102.34,NA,NA,NA
,,10/31/2019,102.21,NA,NA,NA
,,11/1/2019,102.24,NA,NA,NA
,,11/4/2019,102.5,NA,NA,NA
,,11/5/2019,102.64,NA,NA,NA
,,11/6/2019,102.76,NA,NA,NA
,,11/7/2019,102.78,NA,NA,NA
,,11/8/2019,102.8,NA,NA,NA
,,11/11/2019,102.85,NA,NA,NA
,,11/12/2019,102.86,NA,NA,NA
,,11/13/2019,102.78,NA,NA,NA
,,11/14/2019,102.35,NA,NA,NA
,,11/15/2019,102.25,NA,NA,NA
,,11/18/2019,102.02,NA,NA,NA
,,11/19/2019,102.03,NA,NA,NA
,,11/20/2019,102.09,NA,NA,NA
,,11/21/2019,100.5,NA,NA,NA
,,11/22/2019,100.1,NA,NA,NA
,,11/25/2019,100.31,NA,NA,NA
,,11/26/2019,100.43,NA,NA,NA
,,11/27/2019,100.44,NA,NA,NA
,,11/28/2019,100.4,NA,NA,NA
,,11/29/2019,100.36,NA,NA,NA
,,12/2/2019,100.34,NA,NA,NA
,,12/3/2019,100.22,NA,NA,NA
,,12/4/2019,100.25,NA,NA,NA
,,12/5/2019,100.25,NA,NA,NA
,,12/6/2019,100.65,NA,NA,NA
,,12/9/2019,100.5,NA,NA,NA
,,12/10/2019,100.62,NA,NA,NA
,,12/11/2019,100.9,NA,NA,NA
,,12/12/2019,101,NA,NA,NA
,,12/13/2019,101.11,NA,NA,NA
,,12/16/2019,101.68,NA,NA,NA
,,12/17/2019,101.6,NA,NA,NA
,,12/18/2019,101.91,NA,NA,NA
,,12/19/2019,101.91,NA,NA,NA
,,12/20/2019,102.17,NA,NA,NA
,,12/23/2019,101.95,NA,NA,NA
,,12/24/2019,101.683,NA,NA,NA
,,12/25/2019,101.709,NA,NA,NA
,,12/26/2019,101.708,NA,NA,NA
,,12/27/2019,101.91,NA,NA,NA
,,12/30/2019,101.864,NA,NA,NA
,,12/31/2019,101.739,NA,NA,NA
,,1/1/2020,101.774,NA,NA,NA
,,1/2/2020,102.22,NA,NA,NA
,,1/3/2020,102.42,NA,NA,NA
,,1/6/2020,101.95,NA,NA,NA
,,1/7/2020,102.36,NA,NA,NA
,,1/8/2020,102.59,NA,NA,NA
,,1/9/2020,102.62,NA,NA,NA
,,1/10/2020,102.7,NA,NA,NA
,,1/13/2020,102.97,NA,NA,NA
,,1/14/2020,103.19,NA,NA,NA
,,1/15/2020,103.01,NA,NA,NA
,,1/16/2020,103.16,NA,NA,NA
,,1/17/2020,103.3,NA,NA,NA
,,1/20/2020,103.18,NA,NA,NA
,,1/21/2020,103.4,NA,NA,NA
,,1/22/2020,103.43,NA,NA,NA
,,1/23/2020,103.48,NA,NA,NA
,,1/24/2020,103.45,NA,NA,NA
,,1/27/2020,102.95,NA,NA,NA
,,1/28/2020,102.95,NA,NA,NA
,,1/29/2020,103.28,NA,NA,NA
,,1/30/2020,103.08,NA,NA,NA
,,1/31/2020,101.4,NA,NA,NA
,,2/3/2020,101.14,NA,NA,NA
,,2/4/2020,101.71,NA,NA,NA
,,2/5/2020,101.81,NA,NA,NA
,,2/6/2020,102,NA,NA,NA
,,2/7/2020,101.85,NA,NA,NA
,,2/10/2020,101.88,NA,NA,NA
,,2/11/2020,101.94,NA,NA,NA
,,2/12/2020,101.81,NA,NA,NA
,,2/13/2020,103.2,NA,NA,NA
,,2/14/2020,103.84,NA,NA,NA
,,2/17/2020,103.12,NA,NA,NA
,,2/18/2020,102.05,NA,NA,NA
,,2/19/2020,100.973,NA,NA,NA
,,2/20/2020,101.4,NA,NA,NA
,,2/21/2020,101.16,NA,NA,NA
,,2/24/2020,99.29,NA,NA,NA
,,2/25/2020,98.862,NA,NA,NA
,,2/26/2020,98.287,NA,NA,NA
,,2/27/2020,97.819,NA,NA,NA
,,2/28/2020,97.341,NA,NA,NA
,,3/2/2020,97.25,NA,NA,NA
,,3/3/2020,98.66,NA,NA,NA
,,3/4/2020,99.72,NA,NA,NA
,,3/5/2020,99.42,NA,NA,NA
,,3/6/2020,97,NA,NA,NA
,,3/9/2020,89.7,NA,NA,NA
,,3/10/2020,92,NA,NA,NA
,,3/11/2020,91,NA,NA,NA
,,3/12/2020,84.2,NA,NA,NA
,,3/13/2020,84.25,NA,NA,NA
,,3/16/2020,83.9,NA,NA,NA
,,3/17/2020,77.1,NA,NA,NA
,,3/18/2020,78.125,NA,NA,NA
,,3/19/2020,70.5,NA,NA,NA
,,3/20/2020,76,NA,NA,NA
,,3/23/2020,73.75,NA,NA,NA
,,3/24/2020,77.125,NA,NA,NA
,,3/25/2020,83.875,NA,NA,NA
,,3/26/2020,85.125,NA,NA,NA
,,3/27/2020,85.625,NA,NA,NA
,,3/30/2020,84.86,NA,NA,NA
,,3/31/2020,86.125,NA,NA,NA
,,4/1/2020,86,NA,NA,NA
,,4/2/2020,87.951,NA,NA,NA
,,4/3/2020,86.125,NA,NA,NA
,,4/6/2020,86.625,NA,NA,NA
,,4/7/2020,89.875,NA,NA,NA
,,4/8/2020,91,NA,NA,NA
,,4/9/2020,95.66,NA,NA,NA
,,4/10/2020,93.75,NA,NA,NA
,,4/13/2020,93.75,NA,NA,NA
,,4/14/2020,96.7,NA,NA,NA
,,4/15/2020,95.15,NA,NA,NA
,,4/16/2020,93.72,NA,NA,NA
,,4/17/2020,94,NA,NA,NA
,,4/20/2020,93.903,NA,NA,NA
,,4/21/2020,91.708,NA,NA,NA
,,4/22/2020,91.3,NA,NA,NA
,,4/23/2020,92.55,NA,NA,NA
,,4/24/2020,93.6,NA,NA,NA
,,4/27/2020,92.61,NA,NA,NA
,,4/28/2020,93.022,NA,NA,NA
,,4/29/2020,93.132,NA,NA,NA
,,4/30/2020,93.126,NA,NA,NA
,,5/1/2020,93.347,NA,NA,NA
,,5/4/2020,89.531,NA,NA,NA
,,5/5/2020,89.368,NA,NA,NA
,,5/6/2020,89.298,NA,NA,NA
,,5/7/2020,88.68,NA,NA,NA
,,5/8/2020,88.27,NA,NA,NA
,,5/11/2020,88.166,NA,NA,NA
,,5/12/2020,84.426,NA,NA,NA
,,5/13/2020,83.754,NA,NA,NA
,,5/14/2020,80.511,NA,NA,NA
,,5/15/2020,81.466,NA,NA,NA
,,5/18/2020,85.111,NA,NA,NA
,,5/19/2020,89.088,NA,NA,NA
,,5/20/2020,89.624,NA,NA,NA
,,5/21/2020,89.575,NA,NA,NA
,,5/22/2020,89.786,NA,NA,NA
,,5/25/2020,90.655,NA,NA,NA
,,5/26/2020,90.586,NA,NA,NA
,,5/27/2020,91.087,NA,NA,NA
,,5/28/2020,91.224,NA,NA,NA
,,5/29/2020,91.23,NA,NA,NA
,,6/1/2020,92.25,NA,NA,NA
,,6/2/2020,91.338,NA,NA,NA
,,6/3/2020,91.905,NA,NA,NA
,,6/4/2020,92.929,NA,NA,NA
,,6/5/2020,93.4,NA,NA,NA
,,6/8/2020,94.776,NA,NA,NA
,,6/9/2020,94.561,NA,NA,NA
,,6/10/2020,94,NA,NA,NA
,,6/11/2020,93.736,NA,NA,NA
,,6/12/2020,93.533,NA,NA,NA
,,6/15/2020,93.054,NA,NA,NA
,,6/16/2020,94.415,NA,NA,NA
,,6/17/2020,94.414,NA,NA,NA
,,6/18/2020,93.961,NA,NA,NA
,,6/19/2020,93.917,NA,NA,NA
,,6/22/2020,93.733,NA,NA,NA
,,6/23/2020,93.54,NA,NA,NA
,,6/24/2020,93.812,NA,NA,NA
,,6/25/2020,93.671,NA,NA,NA
,,6/26/2020,94.76,NA,NA,NA
,,6/29/2020,93.77,NA,NA,NA
,,6/30/2020,93.863,NA,NA,NA
,,7/1/2020,93.417,NA,NA,NA
,,7/2/2020,93.446,NA,NA,NA
,,7/3/2020,93.647,NA,NA,NA
,,7/6/2020,93.507,NA,NA,NA
,,7/7/2020,93.41,NA,NA,NA
,,7/8/2020,93.269,NA,NA,NA
,,7/9/2020,93.237,NA,NA,NA
,,7/10/2020,93.096,NA,NA,NA
,,7/13/2020,93.112,NA,NA,NA
,,7/14/2020,92.975,NA,NA,NA
,,7/15/2020,93.084,NA,NA,NA
,,7/16/2020,93.13,NA,NA,NA
,,7/17/2020,93.24,NA,NA,NA
,,7/20/2020,93.03,NA,NA,NA
,,7/21/2020,93.151,NA,NA,NA
,,7/22/2020,93.266,NA,NA,NA
,,7/23/2020,93.554,NA,NA,NA
,,7/24/2020,93.522,NA,NA,NA
,,7/27/2020,93.765,NA,NA,NA
,,7/28/2020,93.861,NA,NA,NA
,,7/29/2020,95.12,NA,NA,NA
,,7/30/2020,93.923,NA,NA,NA
,,7/31/2020,94.011,NA,NA,NA
,,8/3/2020,94.38,NA,NA,NA
,,8/4/2020,94.68,NA,NA,NA
,,8/5/2020,94.8,NA,NA,NA
,,8/6/2020,94.86,NA,NA,NA
,,8/7/2020,94.87,NA,NA,NA
,,8/10/2020,95.11,NA,NA,NA
,,8/11/2020,95.58,NA,NA,NA
,,8/12/2020,96.15,NA,NA,NA
,,8/13/2020,94.93,NA,NA,NA
,,8/14/2020,93.769,NA,NA,NA
,,8/17/2020,93.62,NA,NA,NA
,,8/18/2020,93.9,NA,NA,NA
,,8/19/2020,93.9,NA,NA,NA
,,8/20/2020,93.54,NA,NA,NA
,,8/21/2020,93.51,NA,NA,NA
,,8/24/2020,93.76,NA,NA,NA
,,8/25/2020,94.3,NA,NA,NA
,,8/26/2020,94.51,NA,NA,NA
,,8/27/2020,94,NA,NA,NA
,,8/28/2020,94.149,NA,NA,NA
,,8/31/2020,94,NA,NA,NA
,,9/1/2020,94.47,NA,NA,NA
,,9/2/2020,95.02,NA,NA,NA
,,9/3/2020,95.65,NA,NA,NA
,,9/4/2020,95.129,NA,NA,NA
,,9/7/2020,95.12,NA,NA,NA
,,9/8/2020,95.51,NA,NA,NA
,,9/9/2020,95.16,NA,NA,NA
,,9/10/2020,94.73,NA,NA,NA
,,9/11/2020,94.67,NA,NA,NA
,,9/14/2020,94.74,NA,NA,NA
,,9/15/2020,95.17,NA,NA,NA
,,9/16/2020,94.71,NA,NA,NA
,,9/17/2020,94.61,NA,NA,NA
,,9/18/2020,94.55,NA,NA,NA
,,9/21/2020,94.02,NA,NA,NA
,,9/22/2020,93.22,NA,NA,NA
,,9/23/2020,93.14,NA,NA,NA
,,9/24/2020,92.27,NA,NA,NA
,,9/25/2020,91.971,NA,NA,NA
,,9/28/2020,91.944,NA,NA,NA
,,9/29/2020,91.641,NA,NA,NA
,,9/30/2020,91.57,NA,NA,NA
,,10/1/2020,91.864,NA,NA,NA
,,10/2/2020,91.631,NA,NA,NA
,,10/5/2020,91.816,NA,NA,NA
,,10/6/2020,92.078,NA,NA,NA
,,10/7/2020,92.071,NA,NA,NA
,,10/8/2020,92.701,NA,NA,NA
,,10/9/2020,92.909,NA,NA,NA
,,10/12/2020,93.179,NA,NA,NA
,,10/13/2020,93.608,NA,NA,NA
,,10/14/2020,93.725,NA,NA,NA
,,10/15/2020,92.901,NA,NA,NA
,,10/16/2020,93.694,NA,NA,NA
,,10/19/2020,93.665,NA,NA,NA
,,10/20/2020,93.359,NA,NA,NA
,,10/21/2020,93.146,NA,NA,NA
,,10/22/2020,93.154,NA,NA,NA
,,10/23/2020,93.308,NA,NA,NA
,,10/26/2020,93.07,NA,NA,NA
,,10/27/2020,92.85,NA,NA,NA
,,10/28/2020,91.26,NA,NA,NA
,,10/29/2020,91.01,NA,NA,NA
,,10/30/2020,91.51,NA,NA,NA
,,11/2/2020,90.796,NA,NA,NA
,,11/3/2020,93.01,NA,NA,NA
,,11/4/2020,93.31,NA,NA,NA
,,11/5/2020,94.71,NA,NA,NA
,,11/6/2020,93.993,NA,NA,NA
,,11/9/2020,94.7,NA,NA,NA
,,11/10/2020,95.05,NA,NA,NA
,,11/11/2020,95.07,NA,NA,NA
,,11/12/2020,95.1,NA,NA,NA
,,11/13/2020,94.75,NA,NA,NA
,,11/16/2020,95.9,NA,NA,NA
,,11/17/2020,96.1,NA,NA,NA
,,11/18/2020,96.3,NA,NA,NA
,,11/19/2020,96.45,NA,NA,NA
,,11/20/2020,96.3,NA,NA,NA
,,11/23/2020,96.52,NA,NA,NA
,,11/24/2020,96.98,NA,NA,NA
,,11/25/2020,97.1,NA,NA,NA
,,11/26/2020,97.4,NA,NA,NA
,,11/27/2020,98.07,NA,NA,NA
,,11/30/2020,97.68,NA,NA,NA
,,12/1/2020,98.23,NA,NA,NA
,,12/2/2020,98.65,NA,NA,NA
,,12/3/2020,99.1,NA,NA,NA
,,12/4/2020,99.17,NA,NA,NA
,,12/7/2020,99,NA,NA,NA
,,12/8/2020,99.35,NA,NA,NA
,,12/9/2020,100.3,NA,NA,NA
,,12/10/2020,99.7,NA,NA,NA
,,12/11/2020,99.62,NA,NA,NA
,,12/14/2020,99.944,NA,NA,NA
,,12/15/2020,99.91,NA,NA,NA
,,12/16/2020,99.91,NA,NA,NA
,,12/17/2020,100.251,NA,NA,NA
,,12/18/2020,100.223,NA,NA,NA
,,12/21/2020,99.659,NA,NA,NA
,,12/22/2020,99.75,NA,NA,NA
,,12/23/2020,99.778,NA,NA,NA
,,12/24/2020,99.778,NA,NA,NA
,,12/25/2020,99.778,NA,NA,NA
,,12/28/2020,100.011,NA,NA,NA
,,12/29/2020,100.343,NA,NA,NA
,,12/30/2020,100.5,NA,NA,NA
,,12/31/2020,100.5,NA,NA,NA
,,1/1/2021,100.5,NA,NA,NA
,,1/4/2021,100.34,NA,NA,NA
,,1/5/2021,100.3,NA,NA,NA
,,1/6/2021,100.5,NA,NA,NA
,,1/7/2021,101.212,NA,NA,NA
,,1/8/2021,101.388,NA,NA,NA
,,1/11/2021,101.491,NA,NA,NA
,,1/12/2021,101.47,NA,NA,NA
,,1/13/2021,101.226,NA,NA,NA
,,1/14/2021,101.259,NA,NA,NA
,,1/15/2021,101.142,NA,NA,NA
,,1/18/2021,101.17,NA,NA,NA
,,1/19/2021,101.164,NA,NA,NA
,,1/20/2021,101.387,NA,NA,NA
,,1/21/2021,101.689,NA,NA,NA
,,1/22/2021,101.329,NA,NA,NA
,,1/25/2021,101.247,NA,NA,NA
,,1/26/2021,100.97,NA,NA,NA
,,1/27/2021,100.881,NA,NA,NA
,,1/28/2021,100.646,NA,NA,NA
,,1/29/2021,100.96,NA,NA,NA
,,2/1/2021,101.057,NA,NA,NA
,,2/2/2021,101.49,NA,NA,NA
,,2/3/2021,101.378,NA,NA,NA
,,2/4/2021,101.598,NA,NA,NA
,,2/5/2021,101.61,NA,NA,NA
,,2/8/2021,101.66,NA,NA,NA
,,2/9/2021,101.51,NA,NA,NA
,,2/10/2021,101.963,NA,NA,NA
,,2/11/2021,102.34,NA,NA,NA
,,2/12/2021,102.11,NA,NA,NA
,,2/15/2021,102.19,NA,NA,NA
,,2/16/2021,102.19,NA,NA,NA
,,2/17/2021,102.31,NA,NA,NA
,,2/18/2021,102.23,NA,NA,NA
,,2/19/2021,102.31,NA,NA,NA
,,2/22/2021,102.11,NA,NA,NA
,,2/23/2021,102.123,NA,NA,NA
,,2/24/2021,102.32,NA,NA,NA
,,2/25/2021,102.29,NA,NA,NA
,,2/26/2021,102.01,NA,NA,NA
,,3/1/2021,102.38,NA,NA,NA
,,3/2/2021,102.31,NA,NA,NA
,,3/3/2021,102.23,NA,NA,NA
,,3/4/2021,102.23,NA,NA,NA
,,3/5/2021,102.16,NA,NA,NA
,,3/8/2021,102.16,NA,NA,NA
,,3/9/2021,101.987,NA,NA,NA
,,3/10/2021,102.09,NA,NA,NA
,,3/11/2021,102.16,NA,NA,NA
,,3/12/2021,102.04,NA,NA,NA
,,3/15/2021,102.13,NA,NA,NA
,,3/16/2021,102.19,NA,NA,NA
,,3/17/2021,102.13,NA,NA,NA
,,3/18/2021,102,NA,NA,NA
,,3/19/2021,102.01,NA,NA,NA
,,3/22/2021,102.01,NA,NA,NA
,,3/23/2021,102,NA,NA,NA
,,3/24/2021,102.05,NA,NA,NA
,,3/25/2021,102.26,NA,NA,NA
,,3/26/2021,102.25,NA,NA,NA
,,3/29/2021,102.125,NA,NA,NA
,,3/30/2021,102.355,NA,NA,NA
,,3/31/2021,102.282,NA,NA,NA
,,4/1/2021,102.27,NA,NA,NA
,,4/2/2021,102.27,NA,NA,NA
,,4/5/2021,102.27,NA,NA,NA
,,4/6/2021,102.435,NA,NA,NA
,,4/7/2021,102.19,NA,NA,NA
,,4/8/2021,102.5,NA,NA,NA
,,4/9/2021,102.59,NA,NA,NA
,,4/12/2021,102.31,NA,NA,NA
,,4/13/2021,102.37,NA,NA,NA
,,4/14/2021,102.31,NA,NA,NA
,,4/15/2021,102.437,NA,NA,NA
,,4/16/2021,102.027,NA,NA,NA
,,4/19/2021,102.249,NA,NA,NA
,,4/20/2021,102.071,NA,NA,NA
,,4/21/2021,102.11,NA,NA,NA
,,4/22/2021,102.174,NA,NA,NA
,,4/23/2021,102.18,NA,NA,NA
,,4/26/2021,102.201,NA,NA,NA
,,4/27/2021,102.18,NA,NA,NA
,,4/28/2021,102.174,NA,NA,NA
,,4/29/2021,102.095,NA,NA,NA
,,4/30/2021,102.21,NA,NA,NA
,,5/3/2021,102.105,NA,NA,NA
,,5/4/2021,102.151,NA,NA,NA
,,5/5/2021,102.08,NA,NA,NA
,,5/6/2021,102.155,NA,NA,NA
,,5/7/2021,102.19,NA,NA,NA
,,5/10/2021,102.03,NA,NA,NA
,,5/11/2021,101.915,NA,NA,NA
,,5/12/2021,101.9,NA,NA,NA
,,5/13/2021,101.98,NA,NA,NA
,,5/14/2021,101.789,NA,NA,NA
,,5/17/2021,101.754,NA,NA,NA
,,5/18/2021,101.83,NA,NA,NA
,,5/19/2021,101.8,NA,NA,NA
,,5/20/2021,101.863,NA,NA,NA
,,5/21/2021,101.962,NA,NA,NA
,,5/24/2021,102.2,NA,NA,NA
,,5/25/2021,101.91,NA,NA,NA
,,5/26/2021,102,NA,NA,NA
,,5/27/2021,102.044,NA,NA,NA
,,5/28/2021,102.096,NA,NA,NA
,,5/31/2021,102.05,NA,NA,NA
,,6/1/2021,102.18,NA,NA,NA
,,6/2/2021,102.16,NA,NA,NA
,,6/3/2021,102.046,NA,NA,NA
,,6/4/2021,102.02,NA,NA,NA
,,6/7/2021,102.08,NA,NA,NA
,,6/8/2021,102.166,NA,NA,NA
,,6/9/2021,102.441,NA,NA,NA
,,6/10/2021,102.25,NA,NA,NA
,,6/11/2021,102.24,NA,NA,NA
,,6/14/2021,102.22,NA,NA,NA
,,6/15/2021,102.178,NA,NA,NA
,,6/16/2021,102.152,NA,NA,NA
,,6/17/2021,102.182,NA,NA,NA
,,6/18/2021,102.156,NA,NA,NA
,,6/21/2021,102.034,NA,NA,NA
,,6/22/2021,101.886,NA,NA,NA
,,6/23/2021,101.844,NA,NA,NA
,,6/24/2021,101.822,NA,NA,NA
,,6/25/2021,101.71,NA,NA,NA
,,6/28/2021,101.47,NA,NA,NA
,,6/29/2021,101.54,NA,NA,NA
,,6/30/2021,101.73,NA,NA,NA
,,7/1/2021,101.75,NA,NA,NA
,,7/2/2021,101.82,NA,NA,NA
,,7/5/2021,101.67,NA,NA,NA
,,7/6/2021,101.7,NA,NA,NA
,,7/7/2021,101.68,NA,NA,NA
,,7/8/2021,101.54,NA,NA,NA
,,7/9/2021,101.68,NA,NA,NA
,,7/12/2021,101.651,NA,NA,NA
,,7/13/2021,101.805,NA,NA,NA
,,7/14/2021,101.805,NA,NA,NA
,,7/15/2021,101.66,NA,NA,NA
,,7/16/2021,101.6,NA,NA,NA
,,7/19/2021,101.38,NA,NA,NA
,,7/20/2021,101.37,NA,NA,NA
,,7/21/2021,101.544,NA,NA,NA
,,7/22/2021,101.43,NA,NA,NA
,,7/23/2021,101.52,NA,NA,NA
,,7/26/2021,101.468,NA,NA,NA
,,7/27/2021,101.47,NA,NA,NA
,,7/28/2021,101.51,NA,NA,NA
,,7/29/2021,101.63,NA,NA,NA
,,7/30/2021,101.68,NA,NA,NA
,,8/2/2021,101.89,NA,NA,NA
,,8/3/2021,101.88,NA,NA,NA
,,8/4/2021,102.1,NA,NA,NA
,,8/5/2021,102.12,NA,NA,NA
,,8/6/2021,102.21,NA,NA,NA
,,8/9/2021,102.21,NA,NA,NA
,,8/10/2021,102.28,NA,NA,NA
,,8/11/2021,102.36,NA,NA,NA
,,8/12/2021,102.57,NA,NA,NA
,,8/13/2021,102.408,NA,NA,NA
,,8/16/2021,102.37,NA,NA,NA
,,8/17/2021,102.4,NA,NA,NA
,,8/18/2021,102.4,NA,NA,NA
,,8/19/2021,102.5,NA,NA,NA
,,8/20/2021,102.39,NA,NA,NA
,,8/23/2021,102.47,NA,NA,NA
,,8/24/2021,102.599,NA,NA,NA
,,8/25/2021,102.58,NA,NA,NA
,,8/26/2021,102.6,NA,NA,NA
,,8/27/2021,102.6,NA,NA,NA
,,8/30/2021,102.66,NA,NA,NA
,,8/31/2021,102.63,NA,NA,NA
,,9/1/2021,102.78,NA,NA,NA
,,9/2/2021,103.07,NA,NA,NA
,,9/3/2021,103.04,NA,NA,NA
,,9/6/2021,102.85,NA,NA,NA
,,9/7/2021,103.04,NA,NA,NA
,,9/8/2021,102.924,NA,NA,NA
,,9/9/2021,102.88,NA,NA,NA
,,9/10/2021,102.973,NA,NA,NA
,,9/13/2021,103.127,NA,NA,NA
,,9/14/2021,103.516,NA,NA,NA
,,9/15/2021,103.416,NA,NA,NA
,,9/16/2021,103.48,NA,NA,NA
,,9/17/2021,103.702,NA,NA,NA
,,9/20/2021,103.299,NA,NA,NA
,,9/21/2021,103.22,NA,NA,NA
,,9/22/2021,103.12,NA,NA,NA
,,9/23/2021,103.14,NA,NA,NA
,,9/24/2021,103.383,NA,NA,NA
,,9/27/2021,103.283,NA,NA,NA
,,9/28/2021,103.063,NA,NA,NA
,,9/29/2021,102.926,NA,NA,NA
,,9/30/2021,102.973,NA,NA,NA
,,10/1/2021,102.868,NA,NA,NA
,,10/4/2021,102.891,NA,NA,NA
,,10/5/2021,102.75,NA,NA,NA
,,10/6/2021,102.35,NA,NA,NA
,,10/7/2021,102.34,NA,NA,NA
,,10/8/2021,102.27,NA,NA,NA
,,10/11/2021,102.069,NA,NA,NA
,,10/12/2021,101.624,NA,NA,NA
,,10/13/2021,101.589,NA,NA,NA
,,10/14/2021,101.56,NA,NA,NA
,,10/15/2021,101.56,NA,NA,NA
,,10/18/2021,101.45,NA,NA,NA
,,10/19/2021,101.42,NA,NA,NA
,,10/20/2021,101.31,NA,NA,NA
,,10/21/2021,101.496,NA,NA,NA
,,10/22/2021,101.11,NA,NA,NA
,,10/25/2021,100.99,NA,NA,NA
,,10/26/2021,100.99,NA,NA,NA
,,10/27/2021,101.12,NA,NA,NA
,,10/28/2021,100.98,NA,NA,NA
,,10/29/2021,100.83,NA,NA,NA
,,11/1/2021,100.83,NA,NA,NA
,,11/2/2021,100.85,NA,NA,NA
,,11/3/2021,100.83,NA,NA,NA
,,11/4/2021,100.89,NA,NA,NA
,,11/5/2021,100.93,NA,NA,NA
,,11/8/2021,100.95,NA,NA,NA
,,11/9/2021,100.97,NA,NA,NA
,,11/10/2021,101.01,NA,NA,NA
,,11/11/2021,101.175,NA,NA,NA
,,11/12/2021,101,NA,NA,NA
,,11/15/2021,100.9,NA,NA,NA
,,11/16/2021,101.94,NA,NA,NA
,,11/17/2021,102.456,NA,NA,NA
,,11/18/2021,103.1,NA,NA,NA
,,11/19/2021,103.39,NA,NA,NA
,,11/22/2021,103.42,NA,NA,NA
,,11/23/2021,103.264,NA,NA,NA
,,11/24/2021,103.418,NA,NA,NA
,,11/25/2021,103.28,NA,NA,NA
,,11/26/2021,102.602,NA,NA,NA
,,11/29/2021,102.55,NA,NA,NA
,,11/30/2021,102.762,NA,NA,NA
,,12/1/2021,102.852,NA,NA,NA
,,12/2/2021,103.048,NA,NA,NA
,,12/3/2021,103.174,NA,NA,NA
,,12/6/2021,103.259,NA,NA,NA
,,12/7/2021,103.522,NA,NA,NA
,,12/8/2021,103.721,NA,NA,NA
,,12/9/2021,103.67,NA,NA,NA
,,12/10/2021,103.644,NA,NA,NA
,,12/13/2021,103.72,NA,NA,NA
,,12/14/2021,103.708,NA,NA,NA
,,12/15/2021,103.734,NA,NA,NA
,,12/16/2021,103.52,NA,NA,NA
,,12/17/2021,103.74,NA,NA,NA
,,12/20/2021,103.82,NA,NA,NA
,,12/21/2021,103.916,NA,NA,NA
,,12/22/2021,103.848,NA,NA,NA
,,12/23/2021,103.955,NA,NA,NA
,,12/24/2021,103.955,NA,NA,NA
,,12/27/2021,104.181,NA,NA,NA
,,12/28/2021,103.81,NA,NA,NA
,,12/29/2021,103.89,NA,NA,NA
,,12/30/2021,103.96,NA,NA,NA
,,12/31/2021,103.96,NA,NA,NA
,,1/3/2022,103.96,NA,NA,NA
,,1/4/2022,103.87,NA,NA,NA
,,1/5/2022,104.01,NA,NA,NA
,,1/6/2022,103.958,NA,NA,NA
,,1/7/2022,104.094,NA,NA,NA
,,1/10/2022,103.91,NA,NA,NA
,,1/11/2022,103.75,NA,NA,NA
,,1/12/2022,103.76,NA,NA,NA
,,1/13/2022,103.67,NA,NA,NA
,,1/14/2022,103.55,NA,NA,NA
,,1/17/2022,103.53,NA,NA,NA
,,1/18/2022,103.15,NA,NA,NA
,,1/19/2022,103.13,NA,NA,NA
,,1/20/2022,103.15,NA,NA,NA
,,1/21/2022,103.197,NA,NA,NA
,,1/24/2022,102.68,NA,NA,NA
,,1/25/2022,102.44,NA,NA,NA
,,1/26/2022,102.59,NA,NA,NA
,,1/27/2022,102.6,NA,NA,NA
,,1/28/2022,102.14,NA,NA,NA
,,1/31/2022,101.97,NA,NA,NA
,,2/1/2022,102.07,NA,NA,NA
,,2/2/2022,102.32,NA,NA,NA
,,2/3/2022,101.85,NA,NA,NA
,,2/4/2022,100.83,NA,NA,NA
,,2/7/2022,100.05,NA,NA,NA
,,2/8/2022,100.31,NA,NA,NA
,,2/9/2022,100.612,NA,NA,NA
,,2/10/2022,100.76,NA,NA,NA
,,2/11/2022,100.44,NA,NA,NA
,,2/14/2022,100.36,NA,NA,NA
,,2/15/2022,100.935,NA,NA,NA
,,2/16/2022,101.007,NA,NA,NA
,,2/17/2022,101.009,NA,NA,NA
,,2/18/2022,100.7,NA,NA,NA
,,2/21/2022,100.81,NA,NA,NA
,,2/22/2022,100.38,NA,NA,NA
,,2/23/2022,100.636,NA,NA,NA
,,2/24/2022,99.676,NA,NA,NA
,,2/25/2022,100.4,NA,NA,NA
,,2/28/2022,100.11,NA,NA,NA
,,3/1/2022,100.18,NA,NA,NA
,,3/2/2022,100.8,NA,NA,NA
,,3/3/2022,101.31,NA,NA,NA
,,3/4/2022,100.344,NA,NA,NA
,,3/7/2022,99.755,NA,NA,NA
,,3/8/2022,100.113,NA,NA,NA
,,3/9/2022,100,NA,NA,NA
,,3/10/2022,99.67,NA,NA,NA
,,3/11/2022,99.88,NA,NA,NA
,,3/14/2022,99.8,NA,NA,NA
,,3/15/2022,99.809,NA,NA,NA
,,3/16/2022,100.51,NA,NA,NA
,,3/17/2022,99.46,NA,NA,NA
,,3/18/2022,99.8,NA,NA,NA
,,3/21/2022,99.907,NA,NA,NA
,,3/22/2022,99.564,NA,NA,NA
,,3/23/2022,99.627,NA,NA,NA
,,3/24/2022,99.557,NA,NA,NA
,,3/25/2022,99.566,NA,NA,NA
,,3/28/2022,99.68,NA,NA,NA
,,3/29/2022,99.77,NA,NA,NA
,,3/30/2022,99.945,NA,NA,NA
,,3/31/2022,99.664,NA,NA,NA
,,4/1/2022,99.704,NA,NA,NA
,,4/4/2022,99.81,NA,NA,NA
,,4/5/2022,99.794,NA,NA,NA
,,4/6/2022,97.39,NA,NA,NA
,,4/7/2022,97.96,NA,NA,NA
,,4/8/2022,97.994,NA,NA,NA
,,4/11/2022,97.828,NA,NA,NA
,,4/12/2022,97.55,NA,NA,NA
,,4/13/2022,97.663,NA,NA,NA
,,4/14/2022,97.663,NA,NA,NA
,,4/15/2022,97.663,NA,NA,NA
,,4/18/2022,97.663,NA,NA,NA
,,4/19/2022,97.498,NA,NA,NA
,,4/20/2022,97.7,NA,NA,NA
,,4/21/2022,97.94,NA,NA,NA
,,4/22/2022,98,NA,NA,NA
,,4/25/2022,97.81,NA,NA,NA
,,4/26/2022,97.61,NA,NA,NA
,,4/27/2022,96.868,NA,NA,NA
,,4/28/2022,96.69,NA,NA,NA
,,4/29/2022,96.971,NA,NA,NA
,,5/2/2022,97.31,NA,NA,NA
,,5/3/2022,96.964,NA,NA,NA
,,5/4/2022,96.583,NA,NA,NA
,,5/5/2022,97.071,NA,NA,NA
,,5/6/2022,96.201,NA,NA,NA
,,5/9/2022,95.316,NA,NA,NA
,,5/10/2022,95.82,NA,NA,NA
,,5/11/2022,96.9,NA,NA,NA
,,5/12/2022,97.21,NA,NA,NA
,,5/13/2022,97.661,NA,NA,NA
,,5/16/2022,97.965,NA,NA,NA
,,5/17/2022,98.659,NA,NA,NA
,,5/18/2022,98.67,NA,NA,NA
,,5/19/2022,98.07,NA,NA,NA
,,5/20/2022,98.27,NA,NA,NA
,,5/23/2022,98.314,NA,NA,NA
,,5/24/2022,98.26,NA,NA,NA
,,5/25/2022,98.447,NA,NA,NA
,,5/26/2022,98.76,NA,NA,NA
,,5/27/2022,98.811,NA,NA,NA
,,5/30/2022,98.865,NA,NA,NA
,,5/31/2022,98.9,NA,NA,NA
,,6/1/2022,98.06,NA,NA,NA
,,6/2/2022,98.31,NA,NA,NA
,,6/3/2022,98.35,NA,NA,NA
,,6/6/2022,98.481,NA,NA,NA
,,6/7/2022,98.55,NA,NA,NA
,,6/8/2022,98.31,NA,NA,NA
,,6/9/2022,97.91,NA,NA,NA
,,6/10/2022,97.15,NA,NA,NA
,,6/13/2022,94.858,NA,NA,NA
,,6/14/2022,94.71,NA,NA,NA
,,6/15/2022,95.034,NA,NA,NA
,,6/16/2022,94.27,NA,NA,NA
,,6/17/2022,94.3,NA,NA,NA
,,6/20/2022,94.349,NA,NA,NA
,,6/21/2022,94.56,NA,NA,NA
,,6/22/2022,94.4,NA,NA,NA
,,6/23/2022,93.928,NA,NA,NA
,,6/24/2022,94.37,NA,NA,NA
,,6/27/2022,94.184,NA,NA,NA
,,6/28/2022,94.18,NA,NA,NA
,,6/29/2022,94.222,NA,NA,NA
,,6/30/2022,92.87,NA,NA,NA
,,7/1/2022,92.833,NA,NA,NA
,,7/4/2022,92.925,NA,NA,NA
,,7/5/2022,92.897,NA,NA,NA
,,7/6/2022,93.071,NA,NA,NA
,,7/7/2022,92.98,NA,NA,NA
,,7/8/2022,92.98,NA,NA,NA
,,7/11/2022,93.01,NA,NA,NA
,,7/12/2022,93.01,NA,NA,NA
,,7/13/2022,93.01,NA,NA,NA
,,7/14/2022,92.61,NA,NA,NA
,,7/15/2022,92.75,NA,NA,NA
,,7/18/2022,92.767,NA,NA,NA
,,7/19/2022,93.042,NA,NA,NA
,,7/20/2022,92.96,NA,NA,NA
,,7/21/2022,92.153,NA,NA,NA
,,7/22/2022,92.516,NA,NA,NA
,,7/25/2022,92.981,NA,NA,NA
,,7/26/2022,93.157,NA,NA,NA
,,7/27/2022,93.123,NA,NA,NA
,,7/28/2022,93.353,NA,NA,NA
,,7/29/2022,93.507,NA,NA,NA
,,8/1/2022,93.951,NA,NA,NA
,,8/2/2022,94.058,NA,NA,NA
,,8/3/2022,94.219,NA,NA,NA
,,8/4/2022,94.223,NA,NA,NA
,,8/5/2022,94.201,NA,NA,NA
,,8/8/2022,94.39,NA,NA,NA
,,8/9/2022,94.292,NA,NA,NA
,,8/10/2022,94.151,NA,NA,NA
,,8/11/2022,94.382,NA,NA,NA
,,8/12/2022,94.533,NA,NA,NA
,,8/15/2022,94.578,NA,NA,NA
,,8/16/2022,94.621,NA,NA,NA
,,8/17/2022,94.434,NA,NA,NA
,,8/18/2022,94.426,NA,NA,NA
,,8/19/2022,94.263,NA,NA,NA
,,8/22/2022,93.811,NA,NA,NA
,,8/23/2022,93.632,NA,NA,NA
,,8/24/2022,93.761,NA,NA,NA
,,8/25/2022,93.827,NA,NA,NA
,,8/26/2022,93.914,NA,NA,NA
,,8/29/2022,93.914,NA,NA,NA
,,8/30/2022,93.563,NA,NA,NA
,,8/31/2022,93.027,NA,NA,NA
,,9/1/2022,92.324,NA,NA,NA
,,9/2/2022,92.435,NA,NA,NA
,,9/5/2022,92.134,NA,NA,NA
,,9/6/2022,92.218,NA,NA,NA
,,9/7/2022,92.069,NA,NA,NA
,,9/8/2022,92.233,NA,NA,NA
,,9/9/2022,92.55,NA,NA,NA
,,9/12/2022,92.83,NA,NA,NA
,,9/13/2022,92.661,NA,NA,NA
,,9/14/2022,92.614,NA,NA,NA
,,9/15/2022,92.645,NA,NA,NA
,,9/16/2022,92.201,NA,NA,NA
,,9/19/2022,92.201,NA,NA,NA
,,9/20/2022,92.026,NA,NA,NA
,,9/21/2022,91.903,NA,NA,NA
,,9/22/2022,91.909,NA,NA,NA
,,9/23/2022,91.293,NA,NA,NA
,,9/26/2022,90.414,NA,NA,NA
,,9/27/2022,90.458,NA,NA,NA
,,9/28/2022,89.981,NA,NA,NA
,,9/29/2022,89.286,NA,NA,NA
,,9/30/2022,89.286,NA,NA,NA
,,10/3/2022,89.609,NA,NA,NA
,,10/4/2022,90.236,NA,NA,NA
,,10/5/2022,90.295,NA,NA,NA
,,10/6/2022,90.3,NA,NA,NA
,,10/7/2022,90.328,NA,NA,NA
,,10/10/2022,90.2,NA,NA,NA
,,10/11/2022,90.014,NA,NA,NA
,,10/12/2022,89.897,NA,NA,NA
,,10/13/2022,89.791,NA,NA,NA
,,10/14/2022,90.272,NA,NA,NA
,,10/17/2022,90.459,NA,NA,NA
,,10/18/2022,91.167,NA,NA,NA
,,10/19/2022,91.207,NA,NA,NA
,,10/20/2022,91.22,NA,NA,NA
,,10/21/2022,91.029,NA,NA,NA
,,10/24/2022,91.141,NA,NA,NA
,,10/25/2022,91.499,NA,NA,NA
,,10/26/2022,91.679,NA,NA,NA
,,10/27/2022,91.826,NA,NA,NA
,,10/28/2022,91.948,NA,NA,NA
,,10/31/2022,92.298,NA,NA,NA
,,11/1/2022,92.768,NA,NA,NA
,,11/2/2022,92.548,NA,NA,NA
,,11/3/2022,92.313,NA,NA,NA
,,11/4/2022,92.592,NA,NA,NA
,,11/7/2022,93.169,NA,NA,NA
,,11/8/2022,93.389,NA,NA,NA
,,11/9/2022,93.515,NA,NA,NA
,,11/10/2022,93.994,NA,NA,NA
,,11/11/2022,94.697,NA,NA,NA
,,11/14/2022,94.671,NA,NA,NA
,,11/15/2022,94.759,NA,NA,NA
,,11/16/2022,94.629,NA,NA,NA
,,11/17/2022,94.474,NA,NA,NA
,,11/18/2022,94.736,NA,NA,NA
,,11/21/2022,94.692,NA,NA,NA
,,11/22/2022,94.797,NA,NA,NA
,,11/23/2022,94.882,NA,NA,NA
,,11/24/2022,94.975,NA,NA,NA
,,11/25/2022,94.964,NA,NA,NA
,,11/28/2022,95.045,NA,NA,NA
,,11/29/2022,95.078,NA,NA,NA
,,11/30/2022,95.135,NA,NA,NA
,,12/1/2022,95.469,NA,NA,NA
,,12/2/2022,95.595,NA,NA,NA
,,12/5/2022,95.874,NA,NA,NA
,,12/6/2022,96.028,NA,NA,NA
,,12/7/2022,96.292,NA,NA,NA
,,12/8/2022,96.531,NA,NA,NA
,,12/9/2022,96.514,NA,NA,NA
,,12/12/2022,96.579,NA,NA,NA
,,12/13/2022,96.878,NA,NA,NA
,,12/14/2022,96.641,NA,NA,NA
,,12/15/2022,96.991,NA,NA,NA
,,12/16/2022,97.027,NA,NA,NA
,,12/19/2022,96.992,NA,NA,NA
,,12/20/2022,97.005,NA,NA,NA
,,12/21/2022,97.058,NA,NA,NA
,,12/22/2022,97.141,NA,NA,NA
,,12/23/2022,97.046,NA,NA,NA
,,12/26/2022,97.046,NA,NA,NA
,,12/27/2022,97.31,NA,NA,NA
,,12/28/2022,97.219,NA,NA,NA
,,12/29/2022,97.139,NA,NA,NA
,,12/30/2022,97.213,NA,NA,NA
,,1/2/2023,97.388,NA,NA,NA
,,1/3/2023,97.294,NA,NA,NA
,,1/4/2023,97.402,NA,NA,NA
,,1/5/2023,97.246,NA,NA,NA
,,1/6/2023,97.296,NA,NA,NA
,,1/9/2023,97.255,NA,NA,NA
,,1/10/2023,97.332,NA,NA,NA
,,1/11/2023,97.367,NA,NA,NA
,,1/12/2023,97.48,NA,NA,NA
,,1/13/2023,97.473,NA,NA,NA
,,1/16/2023,97.575,NA,NA,NA
,,1/17/2023,97.786,NA,NA,NA
,,1/18/2023,97.905,NA,NA,NA
,,1/19/2023,97.895,NA,NA,NA
,,1/20/2023,97.83,NA,NA,NA
,,1/23/2023,97.79,NA,NA,NA
,,1/24/2023,97.806,NA,NA,NA
,,1/25/2023,97.793,NA,NA,NA
,,1/26/2023,97.938,NA,NA,NA
,,1/27/2023,98.005,NA,NA,NA
,,1/30/2023,97.941,NA,NA,NA
,,1/31/2023,98.142,NA,NA,NA
,,2/1/2023,98.905,NA,NA,NA
,,2/2/2023,98.349,NA,NA,NA
,,2/3/2023,98.382,NA,NA,NA
,,2/6/2023,98.453,NA,NA,NA
,,2/7/2023,98.467,NA,NA,NA
,,2/8/2023,98.42,NA,NA,NA
,,2/9/2023,98.481,NA,NA,NA
,,2/10/2023,98.373,NA,NA,NA
,,2/13/2023,98.332,NA,NA,NA
,,2/14/2023,98.209,NA,NA,NA
,,2/15/2023,98.379,NA,NA,NA
,,2/16/2023,98.15,NA,NA,NA
,,2/17/2023,98.225,NA,NA,NA
,,2/20/2023,98.237,NA,NA,NA
,,2/21/2023,97.836,NA,NA,NA
,,2/22/2023,97.569,NA,NA,NA
,,2/23/2023,97.598,NA,NA,NA
,,2/24/2023,97.83,NA,NA,NA
,,2/27/2023,98,NA,NA,NA
,,2/28/2023,97.529,NA,NA,NA
,,3/1/2023,98,NA,NA,NA
,,3/2/2023,97.406,NA,NA,NA
,,3/3/2023,97.554,NA,NA,NA
,,3/6/2023,97.668,NA,NA,NA
,,3/7/2023,97.63,NA,NA,NA
,,3/8/2023,97.438,NA,NA,NA
,,3/9/2023,97.491,NA,NA,NA
,,3/10/2023,97.458,NA,NA,NA
,,3/13/2023,97.062,NA,NA,NA
,,3/14/2023,97.127,NA,NA,NA
,,3/15/2023,96.603,NA,NA,NA
,,3/16/2023,96.706,NA,NA,NA
,,3/17/2023,96.493,NA,NA,NA
,,3/20/2023,96.953,NA,NA,NA
,,3/21/2023,96.549,NA,NA,NA
,,3/22/2023,96.454,NA,NA,NA
,,3/23/2023,96.628,NA,NA,NA
,,3/24/2023,96.594,NA,NA,NA
,,3/27/2023,96.47,NA,NA,NA
,,3/28/2023,96.506,NA,NA,NA
,,3/29/2023,97.047,NA,NA,NA
,,3/30/2023,96.751,NA,NA,NA
,,3/31/2023,96.619,NA,NA,NA
,,4/3/2023,96.612,NA,NA,NA
,,4/4/2023,96.66,NA,NA,NA
,,4/5/2023,96.519,NA,NA,NA
,,4/6/2023,96.833,NA,NA,NA
,,4/7/2023,96.833,NA,NA,NA
,,4/10/2023,96.882,NA,NA,NA
,,4/11/2023,96.993,NA,NA,NA
,,4/12/2023,97.274,NA,NA,NA
,,4/13/2023,97.158,NA,NA,NA
,,4/14/2023,97.231,NA,NA,NA
,,4/17/2023,97.278,NA,NA,NA
,,4/18/2023,97.329,NA,NA,NA
,,4/19/2023,97.258,NA,NA,NA
,,4/20/2023,97.277,NA,NA,NA
,,4/21/2023,97.264,NA,NA,NA
,,4/24/2023,97.242,NA,NA,NA
,,4/25/2023,97.18,NA,NA,NA
,,4/26/2023,97.056,NA,NA,NA
,,4/27/2023,97.129,NA,NA,NA
,,4/28/2023,96.97,NA,NA,NA
,,5/1/2023,96.97,NA,NA,NA
,,5/2/2023,97.092,NA,NA,NA
,,5/3/2023,96.95,NA,NA,NA
,,5/4/2023,96.833,NA,NA,NA
,,5/5/2023,96.876,NA,NA,NA
,,5/8/2023,97.545,NA,NA,NA
,,5/9/2023,96.961,NA,NA,NA
,,5/10/2023,97.066,NA,NA,NA
,,5/11/2023,97.136,NA,NA,NA
,,5/12/2023,97.07,NA,NA,NA
,,5/15/2023,97.166,NA,NA,NA
,,5/16/2023,97.143,NA,NA,NA
,,5/17/2023,97.161,NA,NA,NA
,,5/18/2023,97.196,NA,NA,NA
,,5/19/2023,97.221,NA,NA,NA
,,5/22/2023,97.176,NA,NA,NA
,,5/23/2023,97.055,NA,NA,NA
,,5/24/2023,97.046,NA,NA,NA
,,5/25/2023,97.173,NA,NA,NA
,,5/26/2023,97.091,NA,NA,NA
,,5/29/2023,97.091,NA,NA,NA
,,5/30/2023,97.137,NA,NA,NA
,,5/31/2023,97.137,NA,NA,NA
,,6/1/2023,97.049,NA,NA,NA
,,6/2/2023,96.987,NA,NA,NA
,,6/5/2023,97.04,NA,NA,NA
,,6/6/2023,97.118,NA,NA,NA
,,6/7/2023,97.139,NA,NA,NA
,,6/8/2023,96.951,NA,NA,NA
,,6/9/2023,97.128,NA,NA,NA
,,6/12/2023,97.806,NA,NA,NA
,,6/13/2023,97.299,NA,NA,NA
,,6/14/2023,97.055,NA,NA,NA
,,6/15/2023,97.313,NA,NA,NA
,,6/16/2023,97.436,NA,NA,NA
,,6/19/2023,97.235,NA,NA,NA
,,6/20/2023,97.307,NA,NA,NA
,,6/21/2023,97.223,NA,NA,NA
,,6/22/2023,97.177,NA,NA,NA
,,6/23/2023,97.221,NA,NA,NA
,,6/26/2023,97.115,NA,NA,NA
,,6/27/2023,97.128,NA,NA,NA
,,6/28/2023,97.163,NA,NA,NA
,,6/29/2023,97.118,NA,NA,NA
,,6/30/2023,96.997,NA,NA,NA
,,7/3/2023,97.014,NA,NA,NA
,,7/4/2023,97.013,NA,NA,NA
,,7/5/2023,97.024,NA,NA,NA
,,7/6/2023,96.942,NA,NA,NA
,,7/7/2023,96.992,NA,NA,NA
,,7/10/2023,96.992,NA,NA,NA
,,7/11/2023,96.951,NA,NA,NA
,,7/12/2023,96.944,NA,NA,NA
,,7/13/2023,96.971,NA,NA,NA
,,7/14/2023,96.995,NA,NA,NA
,,7/17/2023,97.08,NA,NA,NA
,,7/18/2023,97.17,NA,NA,NA
,,7/19/2023,97.23,NA,NA,NA
,,7/20/2023,97.19,NA,NA,NA
,,7/21/2023,97.217,NA,NA,NA
,,7/24/2023,97.182,NA,NA,NA
,,7/25/2023,97.183,NA,NA,NA
,,7/26/2023,97.192,NA,NA,NA
,,7/27/2023,97.227,NA,NA,NA
,,7/28/2023,97.435,NA,NA,NA
,,7/31/2023,97.446,NA,NA,NA
,,8/1/2023,97.406,NA,NA,NA
,,8/2/2023,97.36,NA,NA,NA
,,8/3/2023,97.37,NA,NA,NA
,,8/4/2023,97.32,NA,NA,NA
,,8/7/2023,97.089,NA,NA,NA
,,8/8/2023,97.183,NA,NA,NA
,,8/9/2023,97.112,NA,NA,NA
,,8/10/2023,97.207,NA,NA,NA
,,8/11/2023,97.034,NA,NA,NA
,,8/14/2023,97.06,NA,NA,NA
,,8/15/2023,97.156,NA,NA,NA
,,8/16/2023,97.146,NA,NA,NA
,,8/17/2023,97.126,NA,NA,NA
,,8/18/2023,97.104,NA,NA,NA
,,8/21/2023,97.078,NA,NA,NA
,,8/22/2023,97.248,NA,NA,NA
,,8/23/2023,97.277,NA,NA,NA
,,8/24/2023,97.268,NA,NA,NA
,,8/25/2023,97.356,NA,NA,NA
,,8/28/2023,97.544,NA,NA,NA
,,8/29/2023,97.25,NA,NA,NA
,,8/30/2023,97.375,NA,NA,NA
,,8/31/2023,97.625,NA,NA,NA
,,9/1/2023,97.625,NA,NA,NA
,,9/4/2023,97.625,NA,NA,NA
,,9/5/2023,97.725,NA,NA,NA
,,9/6/2023,97.75,NA,NA,NA
,,9/7/2023,97.625,NA,NA,NA
,,9/8/2023,97.625,NA,NA,NA
,,9/11/2023,97.625,NA,NA,NA
,,9/12/2023,97.75,NA,NA,NA
,,9/13/2023,97.75,NA,NA,NA
,,9/14/2023,97.625,NA,NA,NA
,,9/15/2023,97.75,NA,NA,NA
,,9/18/2023,97.75,NA,NA,NA
,,9/19/2023,97.75,NA,NA,NA
,,9/20/2023,97.75,NA,NA,NA
,,9/21/2023,97.625,NA,NA,NA
,,9/22/2023,97.5,NA,NA,NA
,,9/25/2023,97.625,NA,NA,NA
,,9/26/2023,97.5,NA,NA,NA
,,9/27/2023,97.375,NA,NA,NA
,,9/28/2023,97.25,NA,NA,NA
,,9/29/2023,97.375,NA,NA,NA
,,10/2/2023,97.25,NA,NA,NA
,,10/3/2023,97,NA,NA,NA
,,10/4/2023,96.875,NA,NA,NA
,,10/5/2023,96.875,NA,NA,NA
,,10/6/2023,96.75,NA,NA,NA
,,10/9/2023,96.875,NA,NA,NA
,,10/10/2023,97,NA,NA,NA
,,10/11/2023,97,NA,NA,NA
,,10/12/2023,97,NA,NA,NA
